Start;Stop;Chanel;Num;Ctg;NameSer;Ratio
220225;220255;Домашний;;Х/ф;Премьера. Уютное утро;[16+]
220255;221200;Домашний;;Х/ф;Такая, как все;[16+]
221200;221620;Домашний;;Х/ф;Я построю наш дом;[16+]
221620;222000;Домашний;;Х/ф;Слёзы осушит ветер;[16+]
222000;222020;Домашний;;Х/ф;Одна за всех;[16+]
222020;222330;Домашний;;Х/ф;Премьера. "Ночная сказка";[16+]
222330;230000;Домашний;;Х/ф;Премьера. "Ночная сказка";[16+]
220105;220310;Киносвидание;38;Х/ф;Рождественское меню;[12+]
220310;220500;Киносвидание;38;Х/ф;После;[18+]
220500;220655;Киносвидание;38;Х/ф;После. Глава 2;[18+]
220655;220840;Киносвидание;38;Х/ф;Эммануэль;[18+]
220840;221055;Киносвидание;38;Х/ф;Паутина страсти;[18+]
221055;221300;Киносвидание;38;Х/ф;Купи меня;[18+]
221300;221615;Киносвидание;38;Х/ф;Граф Монте-Кристо;[18+]
221615;221930;Киносвидание;38;Х/ф;Александр;[18+]
221930;222105;Киносвидание;38;Х/ф;Пленница любви;[18+]
222105;222340;Киносвидание;38;Х/ф;Субстанция;[18+]
222340;230200;Киносвидание;38;Х/ф;Сабрина;[16+]
220000;220105;Родное кино;54;Х/ф;Улицы разбитых фонарей;[16+]
220105;220205;Родное кино;54;Х/ф;Улицы разбитых фонарей;[16+]
220205;220410;Родное кино;54;Х/ф;Заяц над бездной;[16+]
220410;220510;Родное кино;54;Х/ф;Улицы разбитых фонарей;[16+]
220510;220615;Родное кино;54;Х/ф;Улицы разбитых фонарей;[16+]
220615;220715;Родное кино;54;Х/ф;Улицы разбитых фонарей;[16+]
220715;220820;Родное кино;54;Х/ф;Улицы разбитых фонарей;[16+]
220820;220930;Родное кино;54;Х/ф;Улицы разбитых фонарей;[16+]
220930;221030;Родное кино;54;Х/ф;Улицы разбитых фонарей;[16+]
221030;221130;Родное кино;54;Х/ф;Улицы разбитых фонарей;[16+]
221130;221545;Родное кино;54;Х/ф;Унесённые ветром;[18+]
221545;221740;Родное кино;54;Х/ф;Ворошиловский стрелок;[18+]
221740;221900;Родное кино;54;Х/ф;За прекрасных дам;[16+]
221900;222105;Родное кино;54;Х/ф;Барышня-крестьянка;[12+]
222105;222315;Родное кино;54;Х/ф;Принцесса на бобах;[16+]
222315;230135;Родное кино;54;Х/ф;Небеса обетованные;[16+]
220025;220035;Спас ТВ;;Х/ф;День Патриарха;[0+]
220035;220150;Спас ТВ;;Х/ф;София;[12+]
220150;220235;Спас ТВ;;Х/ф;Лётчик, бард, герой, монах - четыре судьбы Валерия Буркова;[12+]
220235;220350;Спас ТВ;;Х/ф;Чудо на войне;[12+]
220350;220410;Спас ТВ;;Х/ф;И вот был случай на войне...;[12+]
220410;220500;Спас ТВ;;Х/ф;Наши любимые песни;[0+]
220500;220510;Спас ТВ;;Х/ф;День Патриарха;[0+]
220510;220555;Спас ТВ;;Х/ф;Завет. Жизнь Христа;[6+]
220555;220625;Спас ТВ;;Х/ф;Неизвестная Европа;[0+]
220625;220655;Спас ТВ;;Х/ф;Неизвестная Европа;[0+]
220655;220750;Спас ТВ;;Х/ф;Искатели;[0+]
220750;220820;Спас ТВ;;Х/ф;Семеро по лавкам: искусство невозможного;[6+]
220820;220950;Спас ТВ;;Х/ф;"Мультфильмы на "Спасе";[0+]
220950;221050;Спас ТВ;;Х/ф;Простые чудеса;[12+]
221050;221105;Спас ТВ;;Х/ф;От воскресенья до воскресения;[6+]
221105;221140;Спас ТВ;;Х/ф;Пилигрим;[6+]
221140;221240;Спас ТВ;;Х/ф;Наши любимые песни;[0+]
221240;221440;Спас ТВ;;Х/ф;Святой архипелаг;[0+]
221440;221510;Спас ТВ;;Х/ф;В поисках Бога;[12+]
221510;221540;Спас ТВ;;Х/ф;Профессор Осипов;[0+]
221540;221650;Спас ТВ;;Х/ф;Особое подразделение;[6+]
221650;221905;Спас ТВ;;Х/ф;Был месяц май;[12+]
221905;222030;Спас ТВ;;Х/ф;Морской охотник;[12+]
222030;222130;Спас ТВ;;Х/ф;Простые чудеса;[12+]
222130;222235;Спас ТВ;;Х/ф;Бесогон;[18+]
222235;222335;Спас ТВ;;Х/ф;Русский ковчег с Яном Таксюром;[12+]
222335;222345;Спас ТВ;;Х/ф;День Патриарха;[0+]
222345;230015;Спас ТВ;;Х/ф;День Ангела;[0+]
220025;220120;Первый;;Х/ф;ПОДКАСТ.ЛАБ;[16+]
220120;220200;Первый;;Х/ф;ПОДКАСТ.ЛАБ;[16+]
220200;220545;Первый;;Х/ф;Телеканал "Доброе утро. Суббота";[]
220545;220600;Первый;;Х/ф;Слово пастыря;[0+]
220600;220615;Первый;;Х/ф;Новости;[]
220615;220710;Первый;;Х/ф;"Символы России". Ко Дню Государственного флага России;[12+]
220710;220800;Первый;;Х/ф;Вспомнить всё;[12+]
220800;220815;Первый;;Х/ф;Новости;[]
220815;220910;Первый;;Х/ф;Наше всё. Сделано в России;[12+]
220910;221305;Первый;;Х/ф;Спросите медсестру;[16+]
221305;221400;Первый;;Х/ф;Кто хочет стать миллионером?;[12+]
221400;221420;Первый;;Х/ф;Вечерние новости (с субтитрами);[]
221420;221700;Первый;;Х/ф;Сегодня вечером;[16+]
221700;221735;Первый;;Х/ф;Время;[]
221735;221955;Первый;;Х/ф;"Клуб Веселых и Находчивых". Высшая лига;[16+]
221955;222200;Первый;;Х/ф;Лучшая жизнь;[18+]
222200;222240;Первый;;Х/ф;ПОДКАСТ.ЛАБ;[16+]
222240;222320;Первый;;Х/ф;ПОДКАСТ.ЛАБ;[16+]
222320;230000;Первый;;Х/ф;ПОДКАСТ.ЛАБ;[16+]
220100;220400;Россия 1;;Х/ф;Утро России. Суббота;[]
220400;220435;Россия 1;;Х/ф;Местное время. Суббота;[]
220435;220500;Россия 1;;Х/ф;По секрету всему свету;[]
220500;220525;Россия 1;;Х/ф;Формула еды;[12+]
220525;220610;Россия 1;;Х/ф;Пятеро на одного;[]
220610;220700;Россия 1;;Х/ф;Сто к одному;[]
220700;220730;Россия 1;;Х/ф;Вести;[]
220730;220800;Россия 1;;Х/ф;Премьера. "Наши. Военкоры";[12+]
220800;220900;Россия 1;;Х/ф;Доктор Мясников;[12+]
220900;221000;Россия 1;;Х/ф;Большие перемены;[]
221000;221030;Россия 1;;Х/ф;Вести;[]
221030;221050;Россия 1;;Х/ф;Вести. Местное время;[]
221050;221300;Россия 1;;Х/ф;Юмор! Юмор! Юмор!!!;[16+]
221300;221350;Россия 1;;Х/ф;Вести;[]
221350;221600;Россия 1;;Х/ф;Привет, Андрей!;[12+]
221600;221650;Россия 1;;Х/ф;Вести;[]
221650;221700;Россия 1;;Х/ф;Вести. Местное время;[]
221700;222045;Россия 1;;Х/ф;Принц на красном велосипеде;[16+]
222045;230020;Россия 1;;Х/ф;Лети, пёрышко;[12+]
220050;220235;Extreme;;Х/ф;Двойная рокировка;[18+]
220235;220305;Extreme;;Х/ф;Стрелка. 1-й сезон;[16+]
220305;220335;Extreme;;Х/ф;Стрелка. 1-й сезон;[16+]
220335;220400;Extreme;;Х/ф;Японский про-рестлинг. 1-й сезон;[12+]
220400;220440;Extreme;;Х/ф;Японский про-рестлинг. 1-й сезон;[12+]
220440;220500;Extreme;;Х/ф;Японский про-рестлинг. 1-й сезон;[12+]
220500;220600;Extreme;;Х/ф;Мир экстремального спорта. 3-й сезон;[12+]
220600;220700;Extreme;;Х/ф;Икс Геймз. Норвегия. 1-й сезон;[12+]
220700;220800;Extreme;;Х/ф;Икс Геймз. Норвегия. 1-й сезон;[12+]
220800;220830;Extreme;;Х/ф;Японский про-рестлинг. 1-й сезон;[12+]
220830;220900;Extreme;;Х/ф;Японский про-рестлинг. 1-й сезон;[12+]
220900;220930;Extreme;;Х/ф;Экстремальные приключения. 4-й сезон;[12+]
220930;221000;Extreme;;Х/ф;Экстремальные приключения. 4-й сезон;[12+]
221000;221200;Extreme;;Х/ф;Японский про-рестлинг. 1-й сезон;[12+]
221200;221245;Extreme;;Х/ф;Японский про-рестлинг. 1-й сезон;[12+]
221245;221305;Extreme;;Х/ф;Японский про-рестлинг. 1-й сезон;[12+]
221305;221340;Extreme;;Х/ф;Японский про-рестлинг. 1-й сезон;[12+]
221340;221400;Extreme;;Х/ф;Японский про-рестлинг. 1-й сезон;[12+]
221400;221500;Extreme;;Х/ф;Гагарин. Второй виток вокруг Земли;[12+]
221500;221620;Extreme;;Х/ф;ММА. Битва с правилами;[12+]
221620;221700;Extreme;;Х/ф;Японский про-рестлинг. 1-й сезон;[12+]
221700;221800;Extreme;;Х/ф;"Шторм" среди ясного неба. Александр Шлеменко: жизнь и бои без правил;[12+]
221800;221900;Extreme;;Х/ф;10 экопутешествий. Арктика;[12+]
221900;222300;Extreme;;Х/ф;Японский про-рестлинг. 1-й сезон;[12+]
222300;230055;Extreme;;Х/ф;Сердце Ангела;[18+]
220015;220125;ТВ1000;46;Х/ф;Напарницы: Астрид и Рафаэлла;[16+]
220125;220250;ТВ1000;46;Х/ф;Бандитки;[16+]
220250;220430;ТВ1000;46;Х/ф;Банда Келли;[16+]
220430;220715;ТВ1000;46;Х/ф;Горизонт: Американская сага:;[16+]
220715;220905;ТВ1000;46;Х/ф;Моя пиратская свадьба;[16+]
220905;221055;ТВ1000;46;Х/ф;Моя супер-бывшая;[16+]
221055;221155;ТВ1000;46;Х/ф;Комиссар Рекс;[16+]
221155;221245;ТВ1000;46;Х/ф;Комиссар Рекс;[16+]
221245;221345;ТВ1000;46;Х/ф;Комиссар Рекс;[16+]
221345;221440;ТВ1000;46;Х/ф;Комиссар Рекс;[16+]
221440;221650;ТВ1000;46;Х/ф;Паркер;[16+]
221650;221900;ТВ1000;46;Х/ф;"Операция "Фортуна": Искусство побеждать";[16+]
221900;222300;ТВ1000;46;Х/ф;Однажды в Америке;[16+]
222300;230120;ТВ1000;46;Х/ф;Вдовы;[16+]
220055;220305;Кинокомедия;64;Х/ф;Зачетная принцесса;[16+]
220305;220450;Кинокомедия;64;Х/ф;Не все дома;[16+]
220450;220640;Кинокомедия;64;Х/ф;7 дней, 7 ночей;[12+]
220640;220830;Кинокомедия;64;Х/ф;Грозный папа;[6+]
220830;221020;Кинокомедия;64;Х/ф;Я богиня;[16+]
221020;221215;Кинокомедия;64;Х/ф;Летучий корабль;[6+]
221215;221405;Кинокомедия;64;Х/ф;Сводишь с ума;[16+]
221405;221600;Кинокомедия;64;Х/ф;Тайна затерянных сокровищ;[16+]
221600;221750;Кинокомедия;64;Х/ф;Как выйти замуж за миллиардера;[18+]
221750;221930;Кинокомедия;64;Х/ф;Водитель-олигарх;[16+]
221930;222115;Кинокомедия;64;Х/ф;Васаби;[18+]
222115;222255;Кинокомедия;64;Х/ф;Постучись в мою Тверь;[12+]
222255;230030;Кинокомедия;64;Х/ф;"Операция "Холодно";[18+]
220005;220120;Кинохит;40;Х/ф;Жених напрокат;[16+]
220120;220245;Кинохит;40;Х/ф;Мой сосед Тоторо;[16+]
220245;220425;Кинохит;40;Х/ф;Ведьмина служба доставки;[16+]
220425;220620;Кинохит;40;Х/ф;Унесённые призраками;[16+]
220620;220750;Кинохит;40;Х/ф;В плену стихии;[16+]
220750;220925;Кинохит;40;Х/ф;Вкус жизни;[16+]
220925;221110;Кинохит;40;Х/ф;Заложник;[18+]
221110;221305;Кинохит;40;Х/ф;Никита;[18+]
221305;221450;Кинохит;40;Х/ф;Иностранец;[18+]
221450;221655;Кинохит;40;Х/ф;Леон;[18+]
221655;221830;Кинохит;40;Х/ф;Хористы;[18+]
221830;222000;Кинохит;40;Х/ф;Идеальный муж;[12+]
222000;222135;Кинохит;40;Х/ф;Идеальный побег;[18+]
222135;222340;Кинохит;40;Х/ф;Не говори никому;[18+]
222340;230125;Кинохит;40;Х/ф;Незаконное вторжение;[18+]
220010;220100;viju Explore;;Х/ф;Ржавые тачки Вегаса;[16+]
220100;220145;viju Explore;;Х/ф;Ржавые тачки Вегаса;[16+]
220145;220240;viju Explore;;Х/ф;Кинооператоры на фронте;[16+]
220240;220335;viju Explore;;Х/ф;Кинооператоры на фронте;[16+]
220335;220425;viju Explore;;Х/ф;Всё о разрушениях;[16+]
220425;220510;viju Explore;;Х/ф;Профессионалы фейерверков;[16+]
220510;220600;viju Explore;;Х/ф;Покажи, где ты живешь;[16+]
220600;220620;viju Explore;;Х/ф;Приключения в глубинке;[16+]
220620;220640;viju Explore;;Х/ф;Приключения в глубинке;[16+]
220640;220700;viju Explore;;Х/ф;Приключения в глубинке;[16+]
220700;220725;viju Explore;;Х/ф;Приключения в глубинке;[16+]
220725;220750;viju Explore;;Х/ф;Приключения в глубинке;[16+]
220750;220815;viju Explore;;Х/ф;Приключения в глубинке;[16+]
220815;220835;viju Explore;;Х/ф;Приключения в глубинке;[16+]
220835;220855;viju Explore;;Х/ф;Приключения в глубинке;[16+]
220855;220950;viju Explore;;Х/ф;Ржавые тачки Вегаса;[16+]
220950;221040;viju Explore;;Х/ф;Ржавые тачки Вегаса;[16+]
221040;221130;viju Explore;;Х/ф;Ржавые тачки Вегаса;[16+]
221130;221220;viju Explore;;Х/ф;Ржавые тачки Вегаса;[16+]
221220;221315;viju Explore;;Х/ф;Ржавые тачки Вегаса;[16+]
221315;221405;viju Explore;;Х/ф;Ржавые тачки Вегаса;[16+]
221405;221455;viju Explore;;Х/ф;Ржавые тачки Вегаса;[16+]
221455;221550;viju Explore;;Х/ф;Ржавые тачки Вегаса;[16+]
221550;221640;viju Explore;;Х/ф;Австралийские золотоискатели;[16+]
221640;221730;viju Explore;;Х/ф;Австралийские золотоискатели;[16+]
221730;221820;viju Explore;;Х/ф;Австралийские золотоискатели;[16+]
221820;221910;viju Explore;;Х/ф;Австралийские золотоискатели;[16+]
221910;222000;viju Explore;;Х/ф;Австралийские золотоискатели;[16+]
222000;222055;viju Explore;;Х/ф;Всё о разрушениях;[16+]
222055;222155;viju Explore;;Х/ф;Всё о разрушениях;[16+]
222155;222255;viju Explore;;Х/ф;Деревенский дом;[6+]
222255;222355;viju Explore;;Х/ф;Деревенский дом;[6+]
222355;230050;viju Explore;;Х/ф;Деревенский дом;[6+]
220035;220120;viju History;;Х/ф;Тайны Пекина;[16+]
220120;220215;viju History;;Х/ф;Человек и море: затонувшая древность;[12+]
220215;220300;viju History;;Х/ф;Викинги: правдивая история;[12+]
220300;220325;viju History;;Х/ф;Охотники за утраченным искусством;[16+]
220325;220345;viju History;;Х/ф;Охотники за утраченным искусством;[16+]
220345;220440;viju History;;Х/ф;Поиски затонувшего "Криспи";[12+]
220440;220510;viju History;;Х/ф;История вещей;[16+]
220510;220600;viju History;;Х/ф;Великая война;[16+]
220600;220645;viju History;;Х/ф;Англия Агаты Кристи;[12+]
220645;220740;viju History;;Х/ф;В поисках истины;[16+]
220740;220840;viju History;;Х/ф;В поисках истины;[16+]
220840;220930;viju History;;Х/ф;Охотники за утраченным искусством;[16+]
220930;221020;viju History;;Х/ф;Охотники за утраченным искусством;[16+]
221020;221115;viju History;;Х/ф;Охотники за утраченным искусством;[16+]
221115;221210;viju History;;Х/ф;Новый взгляд на доисторическую эпоху;[16+]
221210;221310;viju History;;Х/ф;Новый взгляд на доисторическую эпоху;[16+]
221310;221410;viju History;;Х/ф;Новый взгляд на доисторическую эпоху;[16+]
221410;221510;viju History;;Х/ф;Неандерталец: первый художник;[12+]
221510;221610;viju History;;Х/ф;Пещера Шове: древнейший шедевр человечества;[12+]
221610;221700;viju History;;Х/ф;Викинги: правдивая история;[12+]
221700;221755;viju History;;Х/ф;Война за чай;[16+]
221755;221900;viju History;;Х/ф;Империи серебра;[16+]
221900;222005;viju History;;Х/ф;Империи серебра;[16+]
222005;222110;viju History;;Х/ф;Империи серебра;[16+]
222110;222210;viju History;;Х/ф;Великая война;[16+]
222210;222305;viju History;;Х/ф;Великая война;[16+]
222305;230005;viju History;;Х/ф;Великая война;[16+]
220020;220045;Ретро;65;Х/ф;Стёпа-моряк;[16+]
220045;220200;Ретро;65;Х/ф;Поезд вне расписания;[16+]
220200;220350;Ретро;65;Х/ф;Кубанские казаки;[16+]
220350;220515;Ретро;65;Х/ф;Свинарка и пастух;[16+]
220515;220650;Ретро;65;Х/ф;Дерзость;[16+]
220650;220845;Ретро;65;Х/ф;Дежа Вю;[16+]
220845;220855;Ретро;65;Х/ф;Два жадных медвежонка;[16+]
220855;221035;Ретро;65;Х/ф;Куда он денется!;[16+]
221035;221205;Ретро;65;Х/ф;Повесть о первой любви;[16+]
221205;221230;Ретро;65;Х/ф;Чудесный колокольчик;[16+]
221230;221240;Ретро;65;Х/ф;Зай и Чик;[6+]
221240;221250;Ретро;65;Х/ф;Это что за птица?;[16+]
221250;221305;Ретро;65;Х/ф;Олень и волк;[16+]
221305;221440;Ретро;65;Х/ф;Двое под одним зонтом;[16+]
221440;221610;Ретро;65;Х/ф;Если можешь, прости...;[16+]
221610;221740;Ретро;65;Х/ф;Внимание, цунами!;[16+]
221740;221905;Ретро;65;Х/ф;Поезд вне расписания;[16+]
221905;222015;Ретро;65;Х/ф;Узник замка Иф;[16+]
222015;222125;Ретро;65;Х/ф;Узник замка Иф;[16+]
222125;222305;Ретро;65;Х/ф;Узник замка Иф;[16+]
222305;230035;Ретро;65;Х/ф;Сезон чудес;[16+]
220500;220815;СТС;13;Х/ф;Шоу "Уральские пельмени";[16+]
220815;220850;СТС;13;Х/ф;Бери и делай;[16+]
220850;220930;СТС;13;Х/ф;ПроСТО кухня;[12+]
220930;221000;СТС;13;Х/ф;Премьера. ПроСТО кухня;[12+]
221000;221100;СТС;13;Х/ф;100 мест, где поесть;[16+]
221100;221200;СТС;13;Х/ф;Премьера. Две стороны одной страны;[16+]
221200;221235;СТС;13;Х/ф;Чем заняться в выходные?;[16+]
221235;221425;СТС;13;Х/ф;Маракуда;[6+]
221425;221605;СТС;13;Х/ф;Садко;[16+]
221605;221740;СТС;13;Х/ф;Синдбад. Пираты семи штормов;[6+]
221740;221920;СТС;13;Х/ф;Карлик Нос;[16+]
221920;222115;СТС;13;Х/ф;Возвращение попугая Кеши;[6+]
222115;222340;СТС;13;Х/ф;Последний богатырь: Корень зла;[12+]
222340;230115;СТС;13;Х/ф;Гром. Трудное детство;[16+]
220115;220335;Наше новое кино;56;Х/ф;Ласковый май;[16+]
220335;220600;Наше новое кино;56;Х/ф;Командир;[18+]
220600;220815;Наше новое кино;56;Х/ф;Судьба диверсанта;[16+]
220815;220915;Наше новое кино;56;Х/ф;Чужой;[18+]
220915;221015;Наше новое кино;56;Х/ф;Чужой;[18+]
221015;221115;Наше новое кино;56;Х/ф;Чужой;[18+]
221115;221325;Наше новое кино;56;Х/ф;Последний богатырь;[12+]
221325;221535;Наше новое кино;56;Х/ф;Последний богатырь: Корень зла;[6+]
221535;221730;Наше новое кино;56;Х/ф;Последний богатырь: Посланник Тьмы;[6+]
221730;221930;Наше новое кино;56;Х/ф;Руки вверх!;[16+]
221930;222105;Наше новое кино;56;Х/ф;Уволить Жору;[18+]
222105;222240;Наше новое кино;56;Х/ф;Любовь зла;[16+]
222240;230110;Наше новое кино;56;Х/ф;Пророк. История Александра Пушкина;[16+]
220000;220205;РенТВ;;Х/ф;Рестлер;[18+]
220205;220400;РенТВ;;Х/ф;Сквозь снег;[18+]
220400;220440;РенТВ;;Х/ф;Главные тайны мира;[16+]
220440;220500;РенТВ;;Х/ф;Тайны Чапман;[16+]
220500;220520;РенТВ;;Х/ф;Тайны Чапман;[16+]
220520;220600;РенТВ;;Х/ф;Самые шокирующие гипотезы;[16+]
220600;220830;РенТВ;;Х/ф;Премьера. "С бодрым утром!";[16+]
220830;220900;РенТВ;;Х/ф;Новости;[16+]
220900;221000;РенТВ;;Х/ф;Премьера. "Минтранс";[16+]
221000;221100;РенТВ;;Х/ф;Премьера. Самая полезная программа;[16+]
221100;221230;РенТВ;;Х/ф;Премьера. "Военная тайна" с Игорем Прокопенко;[16+]
221230;221300;РенТВ;;Х/ф;Новости;[16+]
221300;221500;РенТВ;;Х/ф;Премьера. "Военная тайна" с Игорем Прокопенко;[16+]
221500;221600;РенТВ;;Х/ф;Премьера. "СОВБЕЗ";[16+]
221600;221630;РенТВ;;Х/ф;Информационная программа 112;[16+]
221630;221655;РенТВ;;Х/ф;Новости;[16+]
221655;221755;РенТВ;;Х/ф;Премьера. "Документальный спецпроект";[16+]
221755;221900;РенТВ;;Х/ф;Премьера. "Засекреченные списки";[16+]
221900;221930;РенТВ;;Х/ф;Премьера. "Добровэфире";[16+]
221930;222000;РенТВ;;Х/ф;Новости;[16+]
222000;222030;РенТВ;;Х/ф;Премьера. "Дикий, дикий мир";[16+]
222030;222240;РенТВ;;Х/ф;Петля времени;[16+]
222240;230040;РенТВ;;Х/ф;Потомок;[16+]
220000;220015;Драйв;;Х/ф;Выбираем на "вторичке";[12+]
220015;220030;Драйв;;Х/ф;Полезные советы;[12+]
220030;220045;Драйв;;Х/ф;Итоговые новости;[16+]
220045;220100;Драйв;;Х/ф;Судоходный журнал с Игорем Бурцевым;[12+]
220100;220130;Драйв;;Х/ф;Автомобили мира;[16+]
220130;220155;Драйв;;Х/ф;Потестим на "Драйве";[16+]
220155;220225;Драйв;;Х/ф;Говорит и показывает Мельников;[16+]
220225;220240;Драйв;;Х/ф;Итоговые новости;[16+]
220240;220255;Драйв;;Х/ф;АвтоКаламбур;[16+]
220255;220320;Драйв;;Х/ф;Возвращение легенды;[12+]
220320;220400;Драйв;;Х/ф;Тур де на "Драйве";[16+]
220400;220445;Драйв;;Х/ф;YUKA Drive Джимхана;[16+]
220445;220500;Драйв;;Х/ф;Мототренды;[12+]
220500;220515;Драйв;;Х/ф;Автолайф;[16+]
220515;220530;Драйв;;Х/ф;Выбираем на "вторичке";[12+]
220530;220545;Драйв;;Х/ф;Полезные советы;[12+]
220545;220600;Драйв;;Х/ф;Судоходный журнал с Игорем Бурцевым;[12+]
220600;220615;Драйв;;Х/ф;Итоговые новости;[16+]
220615;220630;Драйв;;Х/ф;Выбираем на "вторичке";[12+]
220630;220645;Драйв;;Х/ф;Выбираем на "вторичке";[12+]
220645;220700;Драйв;;Х/ф;Выбираем на "вторичке";[12+]
220700;220715;Драйв;;Х/ф;Выбираем на "вторичке";[12+]
220715;220730;Драйв;;Х/ф;Выбираем на "вторичке";[12+]
220730;220745;Драйв;;Х/ф;Выбираем на "вторичке";[12+]
220745;220810;Драйв;;Х/ф;Говорит и показывает Мельников;[12+]
220810;220840;Драйв;;Х/ф;Говорит и показывает Мельников;[12+]
220840;220905;Драйв;;Х/ф;Говорит и показывает Мельников;[12+]
220905;220915;Драйв;;Х/ф;Итоговые новости;[16+]
220915;220945;Драйв;;Х/ф;Говорит и показывает Мельников;[12+]
220945;221010;Драйв;;Х/ф;Говорит и показывает Мельников;[12+]
221010;221030;Драйв;;Х/ф;Выбираем на "вторичке";[12+]
221030;221045;Драйв;;Х/ф;Выбираем на "вторичке";[12+]
221045;221100;Драйв;;Х/ф;Выбираем на "вторичке";[12+]
221100;221115;Драйв;;Х/ф;Выбираем на "вторичке";[12+]
221115;221130;Драйв;;Х/ф;Выбираем на "вторичке";[12+]
221130;221145;Драйв;;Х/ф;Всё включено;[16+]
221145;221200;Драйв;;Х/ф;Выбираем на "вторичке";[12+]
221200;221215;Драйв;;Х/ф;Итоговые новости;[16+]
221215;221240;Драйв;;Х/ф;Говорит и показывает Мельников;[12+]
221240;221305;Драйв;;Х/ф;Говорит и показывает Мельников;[12+]
221305;221325;Драйв;;Х/ф;Говорит и показывает Мельников;[12+]
221325;221350;Драйв;;Х/ф;Говорит и показывает Мельников;[12+]
221350;221420;Драйв;;Х/ф;Говорит и показывает Мельников;[12+]
221420;221500;Драйв;;Х/ф;Автополигон;[16+]
221500;221515;Драйв;;Х/ф;Итоговые новости;[16+]
221515;221555;Драйв;;Х/ф;Автополигон;[16+]
221555;221635;Драйв;;Х/ф;Автополигон;[16+]
221635;221720;Драйв;;Х/ф;Автополигон;[16+]
221720;221800;Драйв;;Х/ф;Автополигон;[16+]
221800;221815;Драйв;;Х/ф;Выбираем на "вторичке";[12+]
221815;221835;Драйв;;Х/ф;Выбираем на "вторичке";[12+]
221835;221850;Драйв;;Х/ф;Выбираем на "вторичке";[12+]
221850;221905;Драйв;;Х/ф;Выбираем на "вторичке";[12+]
221905;221920;Драйв;;Х/ф;Итоговые новости;[16+]
221920;221935;Драйв;;Х/ф;Выбираем на "вторичке";[12+]
221935;221950;Драйв;;Х/ф;Всё включено;[16+]
221950;222015;Драйв;;Х/ф;Говорит и показывает Мельников;[12+]
222015;222045;Драйв;;Х/ф;Говорит и показывает Мельников;[12+]
222045;222105;Драйв;;Х/ф;Говорит и показывает Мельников;[12+]
222105;222135;Драйв;;Х/ф;Говорит и показывает Мельников;[12+]
222135;222205;Драйв;;Х/ф;Говорит и показывает Мельников;[12+]
222205;222215;Драйв;;Х/ф;Итоговые новости;[16+]
222215;222255;Драйв;;Х/ф;Автополигон;[16+]
222255;222340;Драйв;;Х/ф;Автополигон;[16+]
222340;230020;Драйв;;Х/ф;Автополигон;[16+]
220040;220115;Здоровое ТВ;;Х/ф;Здоровье со смыслом;[16+]
220115;220205;Здоровое ТВ;;Х/ф;Жeнский чат;[16+]
220205;220210;Здоровое ТВ;;Х/ф;Еда вместо лекарств с Ириной Шиманской;[16+]
220210;220310;Здоровое ТВ;;Х/ф;Еда вместо лекарств с Ириной Шиманской;[16+]
220310;220320;Здоровое ТВ;;Х/ф;Доктор Рауль. Вся правда о зубах;[16+]
220320;220325;Здоровое ТВ;;Х/ф;Доктор Рауль. Вся правда о зубах;[16+]
220325;220340;Здоровое ТВ;;Х/ф;Доктор Рауль. Вся правда о зубах;[16+]
220340;220400;Здоровое ТВ;;Х/ф;Здоровая жизнь с доктором Дзидзария;[16+]
220400;220410;Здоровое ТВ;;Х/ф;Здоровая жизнь с доктором Дзидзария;[16+]
220410;220425;Здоровое ТВ;;Х/ф;Здоровая жизнь с доктором Дзидзария;[16+]
220425;220435;Здоровое ТВ;;Х/ф;Еда вместо лекарств с Ириной Шиманской;[16+]
220435;220445;Здоровое ТВ;;Х/ф;Еда вместо лекарств с Ириной Шиманской;[16+]
220445;220450;Здоровое ТВ;;Х/ф;Еда вместо лекарств с Ириной Шиманской;[16+]
220450;220455;Здоровое ТВ;;Х/ф;Еда вместо лекарств с Ириной Шиманской;[16+]
220455;220520;Здоровое ТВ;;Х/ф;Здоровье со смыслом;[16+]
220520;220525;Здоровое ТВ;;Х/ф;Гид по здоровью с доктором Дилярой Лебедевой;[16+]
220525;220540;Здоровое ТВ;;Х/ф;Гид по здоровью с доктором Дилярой Лебедевой;[16+]
220540;220605;Здоровое ТВ;;Х/ф;О красоте без фильтров с доктором Губаревой;[16+]
220605;220655;Здоровое ТВ;;Х/ф;Вопрос из спальни;[16+]
220655;220705;Здоровое ТВ;;Х/ф;Доктор Рауль. Вся правда о зубах;[16+]
220705;220735;Здоровое ТВ;;Х/ф;Пoчти сеpьезно;[12+]
220735;220850;Здоровое ТВ;;Х/ф;О здоровой красоте с доктором Губаревой;[16+]
220850;220905;Здоровое ТВ;;Х/ф;Здоровье со смыслом;[16+]
220905;220910;Здоровое ТВ;;Х/ф;Доктор Длин. Прием!;[16+]
220910;220950;Здоровое ТВ;;Х/ф;Игра Гормонов;[16+]
220950;221010;Здоровое ТВ;;Х/ф;Доктор Рауль. Вся правда о зубах;[16+]
221010;221040;Здоровое ТВ;;Х/ф;ЗОЖный тренд с Наталией Гончаровой;[16+]
221040;221200;Здоровое ТВ;;Х/ф;О здоровой красоте с доктором Губаревой;[16+]
221200;221210;Здоровое ТВ;;Х/ф;Здоровье со смыслом;[16+]
221210;221220;Здоровое ТВ;;Х/ф;Еда вместо лекарств с Ириной Шиманской;[16+]
221220;221225;Здоровое ТВ;;Х/ф;Еда вместо лекарств с Ириной Шиманской;[16+]
221225;221235;Здоровое ТВ;;Х/ф;Еда вместо лекарств с Ириной Шиманской;[16+]
221235;221245;Здоровое ТВ;;Х/ф;Еда вместо лекарств с Ириной Шиманской;[16+]
221245;221250;Здоровое ТВ;;Х/ф;Еда вместо лекарств с Ириной Шиманской;[16+]
221250;221300;Здоровое ТВ;;Х/ф;Здоровье со смыслом;[16+]
221300;221315;Здоровое ТВ;;Х/ф;Здоровье со смыслом;[16+]
221315;221335;Здоровое ТВ;;Х/ф;Гид по здоровью с доктором Дилярой Лебедевой;[16+]
221335;221345;Здоровое ТВ;;Х/ф;О красоте без фильтров с доктором Губаревой;[16+]
221345;221355;Здоровое ТВ;;Х/ф;О красоте без фильтров с доктором Губаревой;[16+]
221355;221415;Здоровое ТВ;;Х/ф;О красоте без фильтров с доктором Губаревой;[16+]
221415;221425;Здоровое ТВ;;Х/ф;Доктор Длин. Прием!;[16+]
221425;221435;Здоровое ТВ;;Х/ф;Доктор Длин. Прием!;[16+]
221435;221455;Здоровое ТВ;;Х/ф;Метод доктора Длина;[16+]
221455;221500;Здоровое ТВ;;Х/ф;Время здоровья с доктором Ивашковым;[16+]
221500;221510;Здоровое ТВ;;Х/ф;Еда вместо лекарств с Ириной Шиманской;[16+]
221510;221520;Здоровое ТВ;;Х/ф;Еда вместо лекарств с Ириной Шиманской;[16+]
221520;221525;Здоровое ТВ;;Х/ф;Еда вместо лекарств с Ириной Шиманской;[16+]
221525;221530;Здоровое ТВ;;Х/ф;Еда вместо лекарств с Ириной Шиманской;[16+]
221530;221600;Здоровое ТВ;;Х/ф;Здоровье со смыслом;[16+]
221600;221650;Здоровое ТВ;;Х/ф;Жeнский чат;[16+]
221650;221725;Здоровое ТВ;;Х/ф;ЗОЖники;[12+]
221725;221750;Здоровое ТВ;;Х/ф;Спросите тренера;[12+]
221750;221825;Здоровое ТВ;;Х/ф;Тренировку ведет Эдуард Каневский;[12+]
221825;221835;Здоровое ТВ;;Х/ф;Прокачать за 600 секунд;[16+]
221835;221845;Здоровое ТВ;;Х/ф;Прокачать за 600 секунд;[16+]
221845;221900;Здоровое ТВ;;Х/ф;Здоровая жизнь с доктором Дзидзария;[16+]
221900;222000;Здоровое ТВ;;Х/ф;Жeнский чат;[16+]
222000;222050;Здоровое ТВ;;Х/ф;Вопрос из спальни;[16+]
222050;222100;Здоровое ТВ;;Х/ф;Доктор Рауль. Вся правда о зубах;[16+]
222100;222130;Здоровое ТВ;;Х/ф;Почти серьезно;[16+]
222130;222240;Здоровое ТВ;;Х/ф;45+ возраст счастья с Яной Павлидис;[16+]
222240;222305;Здоровое ТВ;;Х/ф;Здоровье со смыслом;[16+]
222305;222340;Здоровое ТВ;;Х/ф;Игра Гормонов;[16+]
222340;222355;Здоровое ТВ;;Х/ф;Доктор Рауль. Вся правда о зубах;[16+]
222355;230005;Здоровое ТВ;;Х/ф;Доктор Рауль. Вся правда о зубах;[16+]
220305;220450;Индийское кино;58;Х/ф;Принцесса специй;[16+]
220450;220800;Индийское кино;58;Х/ф;Цветок и камень;[16+]
220800;221110;Индийское кино;58;Х/ф;Бобби;[16+]
221110;221425;Индийское кино;58;Х/ф;Истина, любовь и красота;[16+]
221425;221750;Индийское кино;58;Х/ф;Три брата;[16+]
221750;222000;Индийское кино;58;Х/ф;Слово брата;[16+]
222000;222335;Индийское кино;58;Х/ф;Обманутые надежды;[16+]
222335;230220;Индийское кино;58;Х/ф;Акаш и Вани;[16+]
220000;220050;Моя Планета;;Х/ф;Зоопарки мира. Животные как дома;[12+]
220050;220115;Моя Планета;;Х/ф;Один день в городе;[12+]
220115;220140;Моя Планета;;Х/ф;Один день в городе;[12+]
220140;220210;Моя Планета;;Х/ф;Один день в городе;[12+]
220210;220235;Моя Планета;;Х/ф;Один день в городе;[12+]
220235;220300;Моя Планета;;Х/ф;Один день в городе;[12+]
220300;220330;Моя Планета;;Х/ф;Один день в городе;[12+]
220330;220420;Моя Планета;;Х/ф;Великие ремесленники;[12+]
220420;220510;Моя Планета;;Х/ф;Дикая природа Сингапура;[12+]
220510;220600;Моя Планета;;Х/ф;Анри Матисс: В поисках света;[12+]
220600;220625;Моя Планета;;Х/ф;Без тормозов;[12+]
220625;220655;Моя Планета;;Х/ф;Без тормозов;[12+]
220655;220725;Моя Планета;;Х/ф;Без тормозов;[12+]
220725;220915;Моя Планета;;Х/ф;Погнали!;[12+]
220915;221010;Моя Планета;;Х/ф;Океания;[12+]
221010;221110;Моя Планета;;Х/ф;Океания;[12+]
221110;221210;Моя Планета;;Х/ф;Океания;[12+]
221210;221305;Моя Планета;;Х/ф;Океания;[12+]
221305;221400;Моя Планета;;Х/ф;Океания;[12+]
221400;221455;Моя Планета;;Х/ф;Зоопарки мира. Животные как дома;[12+]
221455;221525;Моя Планета;;Х/ф;Без тормозов;[12+]
221525;221550;Моя Планета;;Х/ф;Без тормозов;[12+]
221550;221620;Моя Планета;;Х/ф;Без тормозов;[12+]
221620;221720;Моя Планета;;Х/ф;Океания;[12+]
221720;221820;Моя Планета;;Х/ф;Океания;[12+]
221820;221900;Моя Планета;;Х/ф;Погнали!;[12+]
221900;221955;Моя Планета;;Х/ф;Погнали!;[12+]
221955;222055;Моя Планета;;Х/ф;Океания;[12+]
222055;222150;Моя Планета;;Х/ф;Океания;[12+]
222150;222245;Моя Планета;;Х/ф;Океания;[12+]
222245;222315;Моя Планета;;Х/ф;Без тормозов;[12+]
222315;222340;Моя Планета;;Х/ф;Без тормозов;[12+]
222340;230010;Моя Планета;;Х/ф;Без тормозов;[12+]
220000;220035;Авто Плюс;;Х/ф;Конструктор №1. История ОКБ Туполева;[16+]
220035;220040;Авто Плюс;;Х/ф;Автомобили;[12+]
220040;220050;Авто Плюс;;Х/ф;Машины прошлого;[16+]
220050;220055;Авто Плюс;;Х/ф;Новости с колес;[12+]
220055;220110;Авто Плюс;;Х/ф;Наши тесты;[12+]
220110;220125;Авто Плюс;;Х/ф;Подержанные автомобили;[12+]
220125;220135;Авто Плюс;;Х/ф;Своими глазами;[16+]
220135;220150;Авто Плюс;;Х/ф;Советы бывалых;[16+]
220150;220205;Авто Плюс;;Х/ф;Подержанные автомобили;[12+]
220205;220210;Авто Плюс;;Х/ф;Новости с колес;[12+]
220210;220225;Авто Плюс;;Х/ф;Подержанные автомобили;[12+]
220225;220240;Авто Плюс;;Х/ф;Подержанные автомобили;[12+]
220240;220255;Авто Плюс;;Х/ф;Два колеса;[16+]
220255;220300;Авто Плюс;;Х/ф;Новости с колес;[12+]
220300;220315;Авто Плюс;;Х/ф;Два колеса;[16+]
220315;220400;Авто Плюс;;Х/ф;Автореанимация;[16+]
220400;220405;Авто Плюс;;Х/ф;Новости с колес;[12+]
220405;220420;Авто Плюс;;Х/ф;Наши тесты;[16+]
220420;220435;Авто Плюс;;Х/ф;Наши тесты;[16+]
220435;220450;Авто Плюс;;Х/ф;Машины прошлого;[16+]
220450;220505;Авто Плюс;;Х/ф;Подержанные автомобили;[12+]
220505;220510;Авто Плюс;;Х/ф;Новости с колес;[12+]
220510;220525;Авто Плюс;;Х/ф;Подержанные автомобили;[12+]
220525;220540;Авто Плюс;;Х/ф;Машины прошлого;[16+]
220540;220555;Авто Плюс;;Х/ф;Наши тесты;[12+]
220555;220600;Авто Плюс;;Х/ф;Новости с колес;[12+]
220600;220625;Авто Плюс;;Х/ф;Подкаст;[16+]
220625;220630;Авто Плюс;;Х/ф;Автомобили;[12+]
220630;220645;Авто Плюс;;Х/ф;"Пилоты "КАМАЗ-мастер";[16+]
220645;220700;Авто Плюс;;Х/ф;Везучие люди;[16+]
220700;220705;Авто Плюс;;Х/ф;Новости с колес;[12+]
220705;220725;Авто Плюс;;Х/ф;ПриветТачка;[16+]
220725;220740;Авто Плюс;;Х/ф;Подержанные автомобили;[12+]
220740;220755;Авто Плюс;;Х/ф;Два колеса;[16+]
220755;220800;Авто Плюс;;Х/ф;Новости с колес;[12+]
220800;220815;Авто Плюс;;Х/ф;Наши тесты;[12+]
220815;220820;Авто Плюс;;Х/ф;Автомобили;[12+]
220820;220835;Авто Плюс;;Х/ф;Советы бывалых;[16+]
220835;220850;Авто Плюс;;Х/ф;Подержанные автомобили;[12+]
220850;220855;Авто Плюс;;Х/ф;Автомобили;[12+]
220855;220900;Авто Плюс;;Х/ф;Новости с колес;[12+]
220900;220920;Авто Плюс;;Х/ф;СМП РСКГ-2026. "Игора Драйв";[16+]
220920;220925;Авто Плюс;;Х/ф;Автомобили;[12+]
220925;220935;Авто Плюс;;Х/ф;ПриветТачка;[16+]
220935;220940;Авто Плюс;;Х/ф;Автомобили;[12+]
220940;220950;Авто Плюс;;Х/ф;Машины прошлого;[16+]
220950;220955;Авто Плюс;;Х/ф;Автомобили;[12+]
220955;221000;Авто Плюс;;Х/ф;Новости с колес;[12+]
221000;221045;Авто Плюс;;Х/ф;Техногеника;[16+]
221045;221055;Авто Плюс;;Х/ф;Новости с колес;[12+]
221055;221110;Авто Плюс;;Х/ф;Два колеса;[16+]
221110;221125;Авто Плюс;;Х/ф;Наши тесты;[16+]
221125;221130;Авто Плюс;;Х/ф;Автомобили;[12+]
221130;221145;Авто Плюс;;Х/ф;Советы бывалых;[16+]
221145;221200;Авто Плюс;;Х/ф;Подержанные автомобили;[12+]
221200;221205;Авто Плюс;;Х/ф;Автомобили;[12+]
221205;221210;Авто Плюс;;Х/ф;Новости с колес;[12+]
221210;221240;Авто Плюс;;Х/ф;Retro Legends Garage;[16+]
221240;221245;Авто Плюс;;Х/ф;Автомобили;[12+]
221245;221300;Авто Плюс;;Х/ф;ПриветТачка;[16+]
221300;221305;Авто Плюс;;Х/ф;Новости с колес;[12+]
221305;221320;Авто Плюс;;Х/ф;Подержанные автомобили;[12+]
221320;221325;Авто Плюс;;Х/ф;Автомобили;[12+]
221325;221335;Авто Плюс;;Х/ф;Наши тесты;[12+]
221335;221340;Авто Плюс;;Х/ф;Автомобили;[12+]
221340;221400;Авто Плюс;;Х/ф;ПриветТачка;[16+]
221400;221405;Авто Плюс;;Х/ф;Новости с колес;[12+]
221405;221420;Авто Плюс;;Х/ф;Подержанные автомобили;[12+]
221420;221425;Авто Плюс;;Х/ф;Автомобили;[16+]
221425;221440;Авто Плюс;;Х/ф;Машины прошлого;[16+]
221440;221445;Авто Плюс;;Х/ф;Автомобили;[16+]
221445;221500;Авто Плюс;;Х/ф;Два колеса;[16+]
221500;221505;Авто Плюс;;Х/ф;Новости с колес;[12+]
221505;221515;Авто Плюс;;Х/ф;Советы бывалых;[16+]
221515;221520;Авто Плюс;;Х/ф;Автомобили;[12+]
221520;221540;Авто Плюс;;Х/ф;"Пилоты "КАМАЗ-мастер";[16+]
221540;221550;Авто Плюс;;Х/ф;ПриветТачка;[16+]
221550;221605;Авто Плюс;;Х/ф;Везучие люди;[16+]
221605;221610;Авто Плюс;;Х/ф;Новости с колес;[12+]
221610;221625;Авто Плюс;;Х/ф;Два колеса;[16+]
221625;221640;Авто Плюс;;Х/ф;Наши тесты;[16+]
221640;221645;Авто Плюс;;Х/ф;Автомобили;[16+]
221645;221655;Авто Плюс;;Х/ф;Гаражные записки;[12+]
221655;221700;Авто Плюс;;Х/ф;Новости с колес;[12+]
221700;221755;Авто Плюс;;Х/ф;Уникальная перевозка: путь самолётов;[16+]
221755;221800;Авто Плюс;;Х/ф;Автомобили;[16+]
221800;221820;Авто Плюс;;Х/ф;Новости недели;[12+]
221820;221845;Авто Плюс;;Х/ф;Подкаст;[16+]
221845;221850;Авто Плюс;;Х/ф;Автомобили;[12+]
221850;221900;Авто Плюс;;Х/ф;ТехноГид;[16+]
221900;221915;Авто Плюс;;Х/ф;Наши тесты;[12+]
221915;221925;Авто Плюс;;Х/ф;Гаражные записки;[16+]
221925;221930;Авто Плюс;;Х/ф;Автомобили;[12+]
221930;221945;Авто Плюс;;Х/ф;Советы бывалых;[16+]
221945;222000;Авто Плюс;;Х/ф;Подержанные автомобили;[12+]
222000;222020;Авто Плюс;;Х/ф;Новости недели;[12+]
222020;222025;Авто Плюс;;Х/ф;Автомобили;[16+]
222025;222035;Авто Плюс;;Х/ф;ПриветТачка;[16+]
222035;222050;Авто Плюс;;Х/ф;Два колеса;[16+]
222050;222055;Авто Плюс;;Х/ф;Автомобили;[16+]
222055;222110;Авто Плюс;;Х/ф;Машины прошлого;[16+]
222110;222115;Авто Плюс;;Х/ф;Автомобили;[16+]
222115;222140;Авто Плюс;;Х/ф;Выбор есть!;[16+]
222140;222155;Авто Плюс;;Х/ф;Инженеры: Волшебная лампа Лодыгина;[16+]
222155;222200;Авто Плюс;;Х/ф;Автомобили;[16+]
222200;222220;Авто Плюс;;Х/ф;Новости недели;[12+]
222220;222240;Авто Плюс;;Х/ф;ПриветТачка;[16+]
222240;222255;Авто Плюс;;Х/ф;ПриветТачка;[16+]
222255;222325;Авто Плюс;;Х/ф;Выбор есть!;[16+]
222325;222335;Авто Плюс;;Х/ф;Гаражные записки;[16+]
222335;222340;Авто Плюс;;Х/ф;Автомобили;[12+]
222340;230000;Авто Плюс;;Х/ф;Машины прошлого;[16+]
220040;220100;МАТЧ! БОЕЦ;;Х/ф;Не о боях;[16+]
220100;220500;МАТЧ! БОЕЦ;;Х/ф;Бокс. Bare Knuckle FC. Прямая трансляция из США;[]
220500;220525;МАТЧ! БОЕЦ;;Х/ф;Блог Бойца;[16+]
220525;220600;МАТЧ! БОЕЦ;;Х/ф;Наставники;[16+]
220600;220630;МАТЧ! БОЕЦ;;Х/ф;Наставники;[16+]
220630;220700;МАТЧ! БОЕЦ;;Х/ф;Кто vs Кого. Ударная неделя;[16+]
220700;220850;МАТЧ! БОЕЦ;;Х/ф;Смешанные единоборства. UFC Fight Night;[16+]
220850;220910;МАТЧ! БОЕЦ;;Х/ф;Не о боях;[16+]
220910;220935;МАТЧ! БОЕЦ;;Х/ф;Боец! Doc;[16+]
220935;221200;МАТЧ! БОЕЦ;;Х/ф;Смешанные единоборства. One FC. Трансляция из Таиланда;[16+]
221200;221300;МАТЧ! БОЕЦ;;Х/ф;Самбо. Международный турнир. Трансляция из Москвы;[12+]
221300;221525;МАТЧ! БОЕЦ;;Х/ф;Смешанные единоборства. ACA Young Eagles. Трансляция из Грозного;[16+]
221525;221755;МАТЧ! БОЕЦ;;Х/ф;Бокс. Bare Knuckle FC. Трансляция из США;[16+]
221755;222230;МАТЧ! БОЕЦ;;Х/ф;Профессиональный бокс. Прямая трансляция из Сочи;[]
222230;222245;МАТЧ! БОЕЦ;;Х/ф;Не о боях;[16+]
222245;230000;МАТЧ! БОЕЦ;;Х/ф;Легенды ринга;[16+]
220000;220050;365 дней ТВ;129;Х/ф;Щит и меч: легенды госбезопасности;[16+]
220050;220110;365 дней ТВ;129;Х/ф;Россия научная. Великие имена;[12+]
220110;220200;365 дней ТВ;129;Х/ф;Всемирное наследие. Россия;[12+]
220200;220300;365 дней ТВ;129;Х/ф;Донбасс: Изнанка войны;[16+]
220300;220345;365 дней ТВ;129;Х/ф;Историограф;[12+]
220345;220410;365 дней ТВ;129;Х/ф;Россия научная. Великие имена;[12+]
220410;220440;365 дней ТВ;129;Х/ф;Народный фронт Победы;[12+]
220440;220530;365 дней ТВ;129;Х/ф;Война престолов: Подлинная история Европы;[16+]
220530;220615;365 дней ТВ;129;Х/ф;Неизвестные сражения Великой Отечественной;[12+]
220615;220715;365 дней ТВ;129;Х/ф;Это подкаст. История;[12+]
220715;220805;365 дней ТВ;129;Х/ф;Всемирное наследие. Россия;[12+]
220805;220900;365 дней ТВ;129;Х/ф;Мятеж;[18+]
220900;220955;365 дней ТВ;129;Х/ф;Мятеж;[18+]
220955;221020;365 дней ТВ;129;Х/ф;Россия научная. Великие имена;[12+]
221020;221110;365 дней ТВ;129;Х/ф;Война престолов: Подлинная история Европы;[16+]
221110;221200;365 дней ТВ;129;Х/ф;Историограф;[12+]
221200;221245;365 дней ТВ;129;Х/ф;Нобелевские лауреаты;[16+]
221245;221305;365 дней ТВ;129;Х/ф;Русское наследие. Южные рубежи;[12+]
221305;221400;365 дней ТВ;129;Х/ф;Всемирное наследие. Россия;[12+]
221400;221445;365 дней ТВ;129;Х/ф;Оружие холодной войны;[16+]
221445;221500;365 дней ТВ;129;Х/ф;По законам чести. Из истории дуэлей;[12+]
221500;221620;365 дней ТВ;129;Х/ф;Их называли русскими. Самый далёкий фронт;[12+]
221620;221710;365 дней ТВ;129;Х/ф;Война престолов: Подлинная история Европы;[16+]
221710;221800;365 дней ТВ;129;Х/ф;Историограф;[12+]
221800;221845;365 дней ТВ;129;Х/ф;Нобелевские лауреаты;[16+]
221845;221930;365 дней ТВ;129;Х/ф;Освобождение: решающие битвы;[12+]
221930;222000;365 дней ТВ;129;Х/ф;Жил-был Дом;[12+]
222000;222040;365 дней ТВ;129;Х/ф;Оружие холодной войны;[16+]
222040;222130;365 дней ТВ;129;Х/ф;Моя Россия: музыкальное путешествие;[12+]
222130;222145;365 дней ТВ;129;Х/ф;По законам чести. Из истории дуэлей;[12+]
222145;222220;365 дней ТВ;129;Х/ф;Народный фронт Победы;[12+]
222220;222310;365 дней ТВ;129;Х/ф;Война престолов: Подлинная история Европы;[16+]
222310;230000;365 дней ТВ;129;Х/ф;Историограф;[12+]
220035;220130;Киносерия;60;Х/ф;Комиссар Рекс;[16+]
220130;220225;Киносерия;60;Х/ф;Вольф Мессинг: Видевший сквозь время;[16+]
220225;220320;Киносерия;60;Х/ф;Вольф Мессинг: Видевший сквозь время;[16+]
220320;220415;Киносерия;60;Х/ф;Вольф Мессинг: Видевший сквозь время;[16+]
220415;220510;Киносерия;60;Х/ф;Вольф Мессинг: Видевший сквозь время;[16+]
220510;220610;Киносерия;60;Х/ф;Вольф Мессинг: Видевший сквозь время;[16+]
220610;220705;Киносерия;60;Х/ф;Вольф Мессинг: Видевший сквозь время;[16+]
220705;220800;Киносерия;60;Х/ф;Вольф Мессинг: Видевший сквозь время;[16+]
220800;220855;Киносерия;60;Х/ф;Вольф Мессинг: Видевший сквозь время;[16+]
220855;220950;Киносерия;60;Х/ф;Вокально-криминальный ансамбль;[16+]
220950;221050;Киносерия;60;Х/ф;Вокально-криминальный ансамбль;[16+]
221050;221145;Киносерия;60;Х/ф;Вокально-криминальный ансамбль;[16+]
221145;221245;Киносерия;60;Х/ф;Вокально-криминальный ансамбль;[16+]
221245;221340;Киносерия;60;Х/ф;Чисто английские убийства;[16+]
221340;221435;Киносерия;60;Х/ф;Чисто английские убийства;[16+]
221435;221525;Киносерия;60;Х/ф;Чисто английские убийства;[16+]
221525;221620;Киносерия;60;Х/ф;Чисто английские убийства;[16+]
221620;221715;Киносерия;60;Х/ф;Чисто английские убийства;[16+]
221715;221810;Киносерия;60;Х/ф;Чисто английские убийства;[16+]
221810;221905;Киносерия;60;Х/ф;Чисто английские убийства;[16+]
221905;222000;Киносерия;60;Х/ф;Чисто английские убийства;[16+]
222000;222050;Киносерия;60;Х/ф;Чисто английские убийства;[16+]
222050;222145;Киносерия;60;Х/ф;Чисто английские убийства;[16+]
222145;222240;Киносерия;60;Х/ф;Чисто английские убийства;[16+]
222240;222335;Киносерия;60;Х/ф;Чисто английские убийства;[16+]
222335;230030;Киносерия;60;Х/ф;Вольф Мессинг: Видевший сквозь время;[16+]
220000;220055;Радость Моя;;Х/ф;Минутная история;[12+]
220055;220125;Радость Моя;;Х/ф;Умный язык - умный народ;[12+]
220125;220205;Радость Моя;;Х/ф;Быть человеком;[12+]
220205;220230;Радость Моя;;Х/ф;Ты не один;[12+]
220230;220300;Радость Моя;;Х/ф;Малые детки - малые бедки;[12+]
220300;220315;Радость Моя;;Х/ф;Весёлая зарядка в цирке Никулина;[0+]
220315;220325;Радость Моя;;Х/ф;Мультфильм;[0+]
220325;220335;Радость Моя;;Х/ф;Утро в Шишкином лесу;[0+]
220335;220345;Радость Моя;;Х/ф;Сказки для самых маленьких;[0+]
220345;220400;Радость Моя;;Х/ф;Доброе слово;[6+]
220400;220415;Радость Моя;;Х/ф;Апостол;[12+]
220415;220430;Радость Моя;;Х/ф;Загадки Евангелия;[12+]
220430;220505;Радость Моя;;Х/ф;Лики Богородицы;[12+]
220505;220515;Радость Моя;;Х/ф;Рассказы о святых;[6+]
220515;220520;Радость Моя;;Х/ф;Доброе слово;[6+]
220520;220530;Радость Моя;;Х/ф;Доброе слово;[6+]
220530;220540;Радость Моя;;Х/ф;Дом, в котором живёт Бог;[6+]
220540;220550;Радость Моя;;Х/ф;Мне нужен совет;[12+]
220550;220600;Радость Моя;;Х/ф;Закон Божий;[12+]
220600;220615;Радость Моя;;Х/ф;Весёлая зарядка в цирке Никулина;[0+]
220615;220625;Радость Моя;;Х/ф;Мультфильм;[0+]
220625;220635;Радость Моя;;Х/ф;Хуторок;[]
220635;220700;Радость Моя;;Х/ф;Академия Стекляшкина;[6+]
220700;220710;Радость Моя;;Х/ф;Весёлая зарядка в цирке Никулина;[0+]
220710;220725;Радость Моя;;Х/ф;Песочные сказки;[0+]
220725;220735;Радость Моя;;Х/ф;Утро в Шишкином лесу;[0+]
220735;220745;Радость Моя;;Х/ф;Сказки для самых маленьких;[0+]
220745;220800;Радость Моя;;Х/ф;Доброе слово;[6+]
220800;220840;Радость Моя;;Х/ф;Один раз на всю жизнь;[12+]
220840;220910;Радость Моя;;Х/ф;Мир подростка;[12+]
220910;220940;Радость Моя;;Х/ф;Счастливы по-разному;[16+]
220940;221005;Радость Моя;;Х/ф;Непрофессионалы;[12+]
221005;221015;Радость Моя;;Х/ф;Рассказы о святых;[6+]
221015;221020;Радость Моя;;Х/ф;Доброе слово;[6+]
221020;221030;Радость Моя;;Х/ф;Доброе слово;[6+]
221030;221040;Радость Моя;;Х/ф;Дом, в котором живёт Бог;[6+]
221040;221050;Радость Моя;;Х/ф;Мне нужен совет;[12+]
221050;221100;Радость Моя;;Х/ф;Закон Божий;[12+]
221100;221125;Радость Моя;;Х/ф;Праздник каждый день;[0+]
221125;221140;Радость Моя;;Х/ф;Сказки и истории;[0+]
221140;221150;Радость Моя;;Х/ф;Хуторок;[]
221150;221200;Радость Моя;;Х/ф;День в Шишкином лесу;[0+]
221200;221215;Радость Моя;;Х/ф;Доброе слово;[6+]
221215;221245;Радость Моя;;Х/ф;Усадьба;[6+]
221245;221255;Радость Моя;;Х/ф;Грамотные истории;[0+]
221255;221305;Радость Моя;;Х/ф;Мультстрана;[0+]
221305;221330;Радость Моя;;Х/ф;Едем, плаваем, летим;[0+]
221330;221345;Радость Моя;;Х/ф;Аты-баты;[16+]
221345;221350;Радость Моя;;Х/ф;Вопросы Веры и Фомы;[6+]
221350;221400;Радость Моя;;Х/ф;Вопросы Веры и Фомы;[6+]
221400;221415;Радость Моя;;Х/ф;Апостол;[12+]
221415;221430;Радость Моя;;Х/ф;Загадки Евангелия;[12+]
221430;221500;Радость Моя;;Х/ф;Лики Богородицы;[12+]
221500;221540;Радость Моя;;Х/ф;Россия настоящая;[12+]
221540;221620;Радость Моя;;Х/ф;Образы;[12+]
221620;221700;Радость Моя;;Х/ф;Актуально;[12+]
221700;221800;Радость Моя;;Х/ф;Великие паломники;[12+]
221800;221820;Радость Моя;;Х/ф;Академия Стекляшкина;[6+]
221820;221825;Радость Моя;;Х/ф;Переделкино;[6+]
221825;221835;Радость Моя;;Х/ф;Переделкино;[6+]
221835;221845;Радость Моя;;Х/ф;Зоорепортаж;[6+]
221845;222000;Радость Моя;;Х/ф;Рыжий, честный, влюблённый;[6+]
222000;222015;Радость Моя;;Х/ф;Доброе слово;[6+]
222015;222025;Радость Моя;;Х/ф;Сказки для самых маленьких;[0+]
222025;222035;Радость Моя;;Х/ф;Мультфильм;[0+]
222035;222045;Радость Моя;;Х/ф;Истории старого чемоданчика;[0+]
222045;222100;Радость Моя;;Х/ф;Вечер в Шишкином лесу;[0+]
222100;222130;Радость Моя;;Х/ф;Актуально;[12+]
222130;222150;Радость Моя;;Х/ф;Твори добро;[12+]
222150;222220;Радость Моя;;Х/ф;Лики Богородицы;[12+]
222220;222300;Радость Моя;;Х/ф;Писатель о писателях;[16+]
222300;222350;Радость Моя;;Х/ф;Библейские сюжеты: предчувствия и предсказания;[12+]
222350;230000;Радость Моя;;Х/ф;Повесть временных лет;[6+]
220150;220250;Время;97;Х/ф;Порядок вещей;[16+]
220250;220340;Время;97;Х/ф;По волне моей памяти;[12+]
220340;220500;Время;97;Х/ф;Роли исполняют...;[12+]
220500;220540;Время;97;Х/ф;На ночь глядя;[16+]
220540;220630;Время;97;Х/ф;Наедине со всеми;[16+]
220630;220700;Время;97;Х/ф;Жизнь как в кино;[12+]
220700;220910;Время;97;Х/ф;Неудержимые-3;[16+]
220910;221050;Время;97;Х/ф;Перевозчик-3;[16+]
221050;221245;Время;97;Х/ф;Ларго Винч: Начало;[16+]
221245;221450;Время;97;Х/ф;Ларго Винч-2: Заговор в Бирме;[16+]
221450;221625;Время;97;Х/ф;Девять ярдов-2;[16+]
221625;221800;Время;97;Х/ф;Как украсть бриллиант;[16+]
221800;221935;Время;97;Х/ф;Рэмбо: Первая кровь;[16+]
221935;222120;Время;97;Х/ф;Рэмбо: Первая кровь-2;[16+]
222120;222325;Время;97;Х/ф;Неудержимые-3;[16+]
222325;230110;Время;97;Х/ф;Перевозчик-3;[16+]
220000;220200;Дом кино;55;Х/ф;Филин;[16+]
220200;220400;Дом кино;55;Х/ф;Срочно выйду замуж;[16+]
220400;220520;Дом кино;55;Х/ф;Робо;[12+]
220520;220610;Дом кино;55;Х/ф;Смешарики;[6+]
220610;220730;Дом кино;55;Х/ф;Князь Владимир;[12+]
220730;220900;Дом кино;55;Х/ф;Чудо-Юдо;[6+]
220900;221200;Дом кино;55;Х/ф;Союзмультфильм представляет...;[6+]
221200;221310;Дом кино;55;Х/ф;Три богатыря. Ни дня без подвига;[12+]
221310;221420;Дом кино;55;Х/ф;Три богатыря. Ни дня без подвига-2;[12+]
221420;221600;Дом кино;55;Х/ф;Три богатыря и Пуп Земли;[6+]
221600;221800;Дом кино;55;Х/ф;Холоп;[16+]
221800;221950;Дом кино;55;Х/ф;Как я стал русским;[16+]
221950;222150;Дом кино;55;Х/ф;В баню!;[16+]
222150;222310;Дом кино;55;Х/ф;Батя;[16+]
222310;230100;Дом кино;55;Х/ф;Жги!;[16+]
220000;220125;НСТ;44;Х/ф;Стрельба по мишеням;[18+]
220125;220305;НСТ;44;Х/ф;Ошибка времени;[18+]
220305;220445;НСТ;44;Х/ф;Я тебя жду;[18+]
220445;220610;НСТ;44;Х/ф;Кошмар;[18+]
220610;220725;НСТ;44;Х/ф;Кукла;[18+]
220725;220920;НСТ;44;Х/ф;Викинги против пришельцев;[18+]
220920;221045;НСТ;44;Х/ф;Изгоняющий дьявола: Абаддон;[18+]
221045;221245;НСТ;44;Х/ф;История двух сестер;[18+]
221245;221420;НСТ;44;Х/ф;В тихом омуте;[18+]
221420;221600;НСТ;44;Х/ф;Расчлененный;[18+]
221600;221800;НСТ;44;Х/ф;Красные комнаты;[18+]
221800;222025;НСТ;44;Х/ф;Я видел дьявола;[18+]
222025;222240;НСТ;44;Х/ф;Звонок мертвецу;[18+]
222240;230010;НСТ;44;Х/ф;Флирт с дьяволом;[18+]
220100;220250;Мама;;Х/ф;Время малышей;[0+]
220250;220300;Мама;;Х/ф;Мир занимательных игр с ребенком. Развиваемся, играя вместе;[0+]
220300;220355;Мама;;Х/ф;Большая переделка;[12+]
220355;220505;Мама;;Х/ф;Время малышей;[0+]
220505;220530;Мама;;Х/ф;У меня лапки;[0+]
220530;220600;Мама;;Х/ф;Время малышей;[0+]
220600;220630;Мама;;Х/ф;Время малышей;[0+]
220630;220700;Мама;;Х/ф;Время малышей;[0+]
220700;220755;Мама;;Х/ф;Время малышей;[0+]
220755;220830;Мама;;Х/ф;Время малышей;[0+]
220830;220900;Мама;;Х/ф;Друзья на все времена;[0+]
220900;220910;Мама;;Х/ф;Мир занимательных игр с ребенком. Учимся, играя вместе;[0+]
220910;220920;Мама;;Х/ф;Время малышей;[0+]
220920;221030;Мама;;Х/ф;Время малышей;[0+]
221030;221100;Мама;;Х/ф;Время малышей;[0+]
221100;221110;Мама;;Х/ф;Мир занимательных игр с ребенком. Развиваемся, играя вместе;[0+]
221110;221130;Мама;;Х/ф;Мастерская "Умелые ручки";[0+]
221130;221205;Мама;;Х/ф;Время малышей;[0+]
221205;221400;Мама;;Х/ф;Время малышей;[0+]
221400;221550;Мама;;Х/ф;Время малышей;[0+]
221550;221600;Мама;;Х/ф;Время малышей;[6+]
221600;221635;Мама;;Х/ф;Чудеса России;[12+]
221635;221700;Мама;;Х/ф;Время малышей;[6+]
221700;221830;Мама;;Х/ф;Время малышей;[0+]
221830;221855;Мама;;Х/ф;Съедобное или несъедобное;[0+]
221855;221930;Мама;;Х/ф;Время малышей;[0+]
221930;222000;Мама;;Х/ф;Время малышей;[0+]
222000;222030;Мама;;Х/ф;Время малышей;[0+]
222030;222200;Мама;;Х/ф;Время малышей;[0+]
222200;222255;Мама;;Х/ф;Инфоканал "Мама";[6+]
222255;222330;Мама;;Х/ф;Друзья на все времена;[16+]
222330;230100;Мама;;Х/ф;Время малышей;[0+]
220115;220210;Сарафан;;Х/ф;Юмор! Юмор!! Юмор!!!;[12+]
220210;220235;Сарафан;;Х/ф;6 кадров;[16+]
220235;220405;Сарафан;;Х/ф;Фестиваль сатиры и юмора "Юморина-2024";[12+]
220405;220540;Сарафан;;Х/ф;Мастер смеха;[12+]
220540;220600;Сарафан;;Х/ф;Смеха ради;[16+]
220600;220730;Сарафан;;Х/ф;Веселья час;[12+]
220730;220755;Сарафан;;Х/ф;33 весёлых буквы;[12+]
220755;220900;Сарафан;;Х/ф;Юмор! Юмор!! Юмор!!!;[12+]
220900;220925;Сарафан;;Х/ф;6 кадров;[16+]
220925;221115;Сарафан;;Х/ф;Смеяться разрешается;[12+]
221115;221200;Сарафан;;Х/ф;Городок;[12+]
221200;221255;Сарафан;;Х/ф;Истории большой страны;[12+]
221255;221320;Сарафан;;Х/ф;Весёлые истории из жизни;[16+]
221320;221345;Сарафан;;Х/ф;Смеха ради;[16+]
221345;221525;Сарафан;;Х/ф;Парад юмора;[12+]
221525;221550;Сарафан;;Х/ф;Ржунимагу;[16+]
221550;221640;Сарафан;;Х/ф;История российского юмора;[16+]
221640;221825;Сарафан;;Х/ф;Измайловский парк;[12+]
221825;221855;Сарафан;;Х/ф;Улыбнись;[12+]
221855;221920;Сарафан;;Х/ф;Самое забавное видео;[12+]
221920;222145;Сарафан;;Х/ф;Это смешно!;[12+]
222145;222325;Сарафан;;Х/ф;Кривое зеркало;[12+]
222325;222345;Сарафан;;Х/ф;Ржунимагу;[16+]
222345;230045;Сарафан;;Х/ф;Смех с доставкой на дом;[12+]
220125;220245;Русский Иллюзион;51;Х/ф;Иваново счастье;[16+]
220245;220420;Русский Иллюзион;51;Х/ф;Иваново счастье. Новые истории;[16+]
220420;220610;Русский Иллюзион;51;Х/ф;Я остаюсь;[16+]
220610;220740;Русский Иллюзион;51;Х/ф;Робо;[16+]
220740;220910;Русский Иллюзион;51;Х/ф;5 недель;[16+]
220910;221105;Русский Иллюзион;51;Х/ф;Между нами лето;[16+]
221105;221250;Русский Иллюзион;51;Х/ф;Приказ "Уничтожить";[16+]
221250;221440;Русский Иллюзион;51;Х/ф;Мой папа не подарок;[12+]
221440;221605;Русский Иллюзион;51;Х/ф;Синдром;[16+]
221605;221750;Русский Иллюзион;51;Х/ф;Ровесники;[16+]
221750;222000;Русский Иллюзион;51;Х/ф;"Позывной "Барон";[16+]
222000;222140;Русский Иллюзион;51;Х/ф;Уик-Энд;[16+]
222140;222325;Русский Иллюзион;51;Х/ф;Ненормальный;[16+]
222325;230115;Русский Иллюзион;51;Х/ф;Аритмия;[18+]
220000;220125;Иллюзион +;;Х/ф;Робопёс;[12+]
220125;220335;Иллюзион +;;Х/ф;Ла-Ла Ленд;[16+]
220335;220520;Иллюзион +;;Х/ф;РЭД-2;[16+]
220520;220710;Иллюзион +;;Х/ф;На гребне волны;[16+]
220710;220900;Иллюзион +;;Х/ф;Мой парень - принц;[16+]
220900;221030;Иллюзион +;;Х/ф;Пророк;[16+]
221030;221155;Иллюзион +;;Х/ф;Полночь в Париже;[16+]
221155;221400;Иллюзион +;;Х/ф;12 лет рабства;[16+]
221400;221545;Иллюзион +;;Х/ф;Джойка;[16+]
221545;221710;Иллюзион +;;Х/ф;Болельщицы со стажем;[16+]
221710;221845;Иллюзион +;;Х/ф;Свадебный переполох;[16+]
221845;222030;Иллюзион +;;Х/ф;Шальные деньги;[16+]
222030;222200;Иллюзион +;;Х/ф;Добейся успеха;[16+]
222200;222345;Иллюзион +;;Х/ф;Шаг вперёд: Всё или ничего;[16+]
222345;230155;Иллюзион +;;Х/ф;Мидуэй;[16+]
220000;220015;Енисей;;Х/ф;Интервью;[16+]
220015;220030;Енисей;;Х/ф;Новости районов;[16+]
220030;220035;Енисей;;Х/ф;Давайте пробовать;[16+]
220035;220215;Енисей;;Х/ф;Такая работа-2;[16+]
220215;220230;Енисей;;Х/ф;Всё для Победы;[16+]
220230;220245;Енисей;;Х/ф;Наша экономика;[16+]
220245;220300;Енисей;;Х/ф;Что и как;[12+]
220300;220400;Енисей;;Х/ф;Никита Хрущёв. Как сказал, так и будет;[12+]
220400;220455;Енисей;;Х/ф;Жизнь замечательных идей;[12+]
220455;220500;Енисей;;Х/ф;Мировые новости;[16+]
220500;220525;Енисей;;Х/ф;Новости;[16+]
220525;220540;Енисей;;Х/ф;Вне зоны;[16+]
220540;220555;Енисей;;Х/ф;Всё для Победы;[16+]
220555;220600;Енисей;;Х/ф;Давайте пробовать;[16+]
220600;220700;Енисей;;Х/ф;Святыни России;[12+]
220700;220730;Енисей;;Х/ф;Новости;[16+]
220730;221000;Енисей;;Х/ф;Утро на Енисее;[12+]
221000;221030;Енисей;;Х/ф;Новости;[16+]
221030;221045;Енисей;;Х/ф;О хлебе насущном;[16+]
221045;221050;Енисей;;Х/ф;Давайте пробовать;[16+]
221050;221115;Енисей;;Х/ф;Ешь и худей!;[12+]
221115;221130;Енисей;;Х/ф;Порядки на грядке;[16+]
221130;221135;Енисей;;Х/ф;Полезная программа;[16+]
221135;221200;Енисей;;Х/ф;Мировые новости;[16+]
221200;221230;Енисей;;Х/ф;Новости;[16+]
221230;221425;Енисей;;Х/ф;Весенняя сказка;[16+]
221425;221440;Енисей;;Х/ф;О хлебе насущном;[16+]
221440;221445;Енисей;;Х/ф;Давайте пробовать;[16+]
221445;221540;Енисей;;Х/ф;Нина Сазонова. Основной инстинкт;[12+]
221540;221555;Енисей;;Х/ф;Порядки на грядке;[12+]
221555;221600;Енисей;;Х/ф;Полезная программа;[16+]
221600;221630;Енисей;;Х/ф;Мировые новости;[16+]
221630;221645;Енисей;;Х/ф;Новости;[16+]
221645;221700;Енисей;;Х/ф;О хлебе насущном;[16+]
221700;221830;Енисей;;Х/ф;Фестиваль Авторадио "Дискотека 80-х";[16+]
221830;221845;Енисей;;Х/ф;Новости;[16+]
221845;221900;Енисей;;Х/ф;О хлебе насущном;[16+]
221900;221930;Енисей;;Х/ф;Мировые новости;[16+]
221930;222025;Енисей;;Х/ф;А дома лучше;[12+]
222025;222030;Енисей;;Х/ф;Давайте пробовать;[16+]
222030;222045;Енисей;;Х/ф;Новости;[16+]
222045;222100;Енисей;;Х/ф;Закон и порядок;[16+]
222100;222330;Енисей;;Х/ф;Паспорт;[16+]
222330;222345;Енисей;;Х/ф;Новости;[16+]
222345;222350;Енисей;;Х/ф;Полезная программа;[16+]
222350;230005;Енисей;;Х/ф;Всё для Победы;[16+]
220000;220100;Феникс+Кино;57;Х/ф;Сучья война;[18+]
220100;220200;Феникс+Кино;57;Х/ф;Господа-товарищи;[18+]
220200;220300;Феникс+Кино;57;Х/ф;Господа-товарищи;[18+]
220300;220400;Феникс+Кино;57;Х/ф;Как выйти замуж за миллионера-2;[16+]
220400;220500;Феникс+Кино;57;Х/ф;Как выйти замуж за миллионера-2;[16+]
220500;220600;Феникс+Кино;57;Х/ф;Как выйти замуж за миллионера-2;[16+]
220600;220700;Феникс+Кино;57;Х/ф;Как выйти замуж за миллионера-2;[16+]
220700;220800;Феникс+Кино;57;Х/ф;Прииск-2;[18+]
220800;220900;Феникс+Кино;57;Х/ф;Сучья война;[18+]
220900;221000;Феникс+Кино;57;Х/ф;Господа-товарищи;[18+]
221000;221100;Феникс+Кино;57;Х/ф;Господа-товарищи;[18+]
221100;221200;Феникс+Кино;57;Х/ф;Как выйти замуж за миллионера-2;[16+]
221200;221300;Феникс+Кино;57;Х/ф;Как выйти замуж за миллионера-2;[16+]
221300;221400;Феникс+Кино;57;Х/ф;Как выйти замуж за миллионера-2;[16+]
221400;221500;Феникс+Кино;57;Х/ф;Как выйти замуж за миллионера-2;[16+]
221500;221600;Феникс+Кино;57;Х/ф;Прииск-2;[18+]
221600;221700;Феникс+Кино;57;Х/ф;Сучья война;[18+]
221700;221800;Феникс+Кино;57;Х/ф;Господа-товарищи;[18+]
221800;221900;Феникс+Кино;57;Х/ф;Господа-товарищи;[18+]
221900;222000;Феникс+Кино;57;Х/ф;Как выйти замуж за миллионера-2;[16+]
222000;222100;Феникс+Кино;57;Х/ф;Как выйти замуж за миллионера-2;[16+]
222100;222200;Феникс+Кино;57;Х/ф;Как выйти замуж за миллионера-2;[16+]
222200;222300;Феникс+Кино;57;Х/ф;Как выйти замуж за миллионера-2;[16+]
222300;230000;Феникс+Кино;57;Х/ф;Прииск-2;[18+]
220050;220245;.Red;85;Х/ф;Адаптация;[18+]
220245;220515;.Red;85;Х/ф;История моей жены;[16+]
220515;220540;.Red;85;Х/ф;Как отреставрировать замок (и остаться в живых);[16+]
220540;220600;.Red;85;Х/ф;Как отреставрировать замок (и остаться в живых);[16+]
220600;220740;.Red;85;Х/ф;Пока я рядом;[16+]
220740;220800;.Red;85;Х/ф;Секретные рецепты Мэри Берг;[16+]
220800;220825;.Red;85;Х/ф;Секретные рецепты Мэри Берг;[16+]
220825;220845;.Red;85;Х/ф;Секретные рецепты Мэри Берг;[16+]
220845;220910;.Red;85;Х/ф;Секретные рецепты Мэри Берг;[16+]
220910;220930;.Red;85;Х/ф;Секретные рецепты Мэри Берг;[16+]
220930;220950;.Red;85;Х/ф;Секретные рецепты Мэри Берг;[16+]
220950;221015;.Red;85;Х/ф;Секретные рецепты Мэри Берг;[16+]
221015;221115;.Red;85;Х/ф;Проверка на прочность;[16+]
221115;221215;.Red;85;Х/ф;Проверка на прочность;[16+]
221215;221320;.Red;85;Х/ф;Проверка на прочность;[16+]
221320;221410;.Red;85;Х/ф;Тайны Авроры Тигарден;[16+]
221410;221500;.Red;85;Х/ф;Тайны Авроры Тигарден;[16+]
221500;221545;.Red;85;Х/ф;Тайны Авроры Тигарден;[16+]
221545;221635;.Red;85;Х/ф;Тайны Авроры Тигарден;[16+]
221635;221725;.Red;85;Х/ф;Тайны Авроры Тигарден;[16+]
221725;221815;.Red;85;Х/ф;Тайны Авроры Тигарден;[16+]
221815;221910;.Red;85;Х/ф;Тайны Авроры Тигарден;[16+]
221910;222000;.Red;85;Х/ф;Тайны Авроры Тигарден;[16+]
222000;222210;.Red;85;Х/ф;Сабрина;[16+]
222210;222355;.Red;85;Х/ф;Любовь вслепую;[16+]
222355;230150;.Red;85;Х/ф;Супергерои;[16+]
220045;220135;.Sci-Fi;82;Х/ф;Ван Хельсинг;[16+]
220135;220225;.Sci-Fi;82;Х/ф;Ван Хельсинг;[16+]
220225;220310;.Sci-Fi;82;Х/ф;Загадки планеты Земля;[16+]
220310;220355;.Sci-Fi;82;Х/ф;Загадки планеты Земля;[16+]
220355;220435;.Sci-Fi;82;Х/ф;Хроники Шаннары;[18+]
220435;220520;.Sci-Fi;82;Х/ф;Хроники Шаннары;[18+]
220520;220600;.Sci-Fi;82;Х/ф;Ван Хельсинг;[16+]
220600;220615;.Sci-Fi;82;Х/ф;Путешествие к бессмертию;[16+]
220615;220635;.Sci-Fi;82;Х/ф;Путешествие к бессмертию;[16+]
220635;220650;.Sci-Fi;82;Х/ф;Путешествие к бессмертию;[16+]
220650;220705;.Sci-Fi;82;Х/ф;Путешествие к бессмертию;[16+]
220705;220725;.Sci-Fi;82;Х/ф;Путешествие к бессмертию;[16+]
220725;220740;.Sci-Fi;82;Х/ф;Путешествие к бессмертию;[16+]
220740;220800;.Sci-Fi;82;Х/ф;Путешествие к бессмертию;[16+]
220800;220815;.Sci-Fi;82;Х/ф;Путешествие к бессмертию;[16+]
220815;220830;.Sci-Fi;82;Х/ф;Путешествие к бессмертию;[16+]
220830;220850;.Sci-Fi;82;Х/ф;Путешествие к бессмертию;[16+]
220850;220905;.Sci-Fi;82;Х/ф;Путешествие к бессмертию;[16+]
220905;220925;.Sci-Fi;82;Х/ф;Путешествие к бессмертию;[16+]
220925;220950;.Sci-Fi;82;Х/ф;Путешествие к бессмертию;[16+]
220950;221010;.Sci-Fi;82;Х/ф;Пришельцы: Рассекречено;[16+]
221010;221035;.Sci-Fi;82;Х/ф;Пришельцы: Рассекречено;[16+]
221035;221055;.Sci-Fi;82;Х/ф;Пришельцы: Рассекречено;[16+]
221055;221145;.Sci-Fi;82;Х/ф;Загадки планеты Земля;[16+]
221145;221235;.Sci-Fi;82;Х/ф;Загадки планеты Земля;[16+]
221235;221325;.Sci-Fi;82;Х/ф;Загадки планеты Земля;[16+]
221325;221530;.Sci-Fi;82;Х/ф;Путешественница во времени;[16+]
221530;221725;.Sci-Fi;82;Х/ф;X+Y;[16+]
221725;221840;.Sci-Fi;82;Х/ф;Второй акт;[16+]
221840;222000;.Sci-Fi;82;Х/ф;Даааааали!;[16+]
222000;222235;.Sci-Fi;82;Х/ф;Предчувствие;[16+]
222235;230005;.Sci-Fi;82;Х/ф;Разлом времени;[16+]
220020;220105;Москва. Доверие;73;Х/ф;Любопытная Варвара - 2;[16+]
220105;220115;Москва. Доверие;73;Х/ф;Новости дня;[16+]
220115;220205;Москва. Доверие;73;Х/ф;Любопытная Варвара - 2;[16+]
220205;220250;Москва. Доверие;73;Х/ф;Любопытная Варвара - 2;[16+]
220250;220300;Москва. Доверие;73;Х/ф;Новости дня;[16+]
220300;220325;Москва. Доверие;73;Х/ф;Улицы московские;[12+]
220325;220335;Москва. Доверие;73;Х/ф;Новости дня;[16+]
220335;220400;Москва. Доверие;73;Х/ф;Энциклопедия;[16+]
220400;220415;Москва. Доверие;73;Х/ф;Новости дня;[16+]
220415;220440;Москва. Доверие;73;Х/ф;Энциклопедия;[16+]
220440;220505;Москва. Доверие;73;Х/ф;Город без окраин;[12+]
220505;220530;Москва. Доверие;73;Х/ф;Энциклопедия;[16+]
220530;220550;Москва. Доверие;73;Х/ф;Москва на все времена;[16+]
220550;220605;Москва. Доверие;73;Х/ф;Моя Москва;[12+]
220605;220615;Москва. Доверие;73;Х/ф;Новости дня;[16+]
220615;220625;Москва. Доверие;73;Х/ф;Энциклопедия;[12+]
220625;220650;Москва. Доверие;73;Х/ф;Улицы московские;[12+]
220650;220720;Москва. Доверие;73;Х/ф;Звёзды советского экрана;[16+]
220720;220730;Москва. Доверие;73;Х/ф;Новости дня;[16+]
220730;220810;Москва. Доверие;73;Х/ф;Мультиутро;[0+]
220810;220925;Москва. Доверие;73;Х/ф;Золотые рога;[0+]
220925;221050;Москва. Доверие;73;Х/ф;Матрос Чижик;[16+]
221050;221220;Москва. Доверие;73;Х/ф;24-25 не возвращается;[16+]
221220;221250;Москва. Доверие;73;Х/ф;Московский детектив;[16+]
221250;221300;Москва. Доверие;73;Х/ф;Новости дня;[16+]
221300;221420;Москва. Доверие;73;Х/ф;Случай в аэропорту;[16+]
221420;221540;Москва. Доверие;73;Х/ф;Случай в аэропорту;[]
221540;221655;Москва. Доверие;73;Х/ф;Случай в аэропорту;[16+]
221655;221815;Москва. Доверие;73;Х/ф;Без особого риска;[16+]
221815;222005;Москва. Доверие;73;Х/ф;Разные судьбы;[16+]
222005;222120;Москва. Доверие;73;Х/ф;Развязка;[16+]
222120;230000;Москва. Доверие;73;Х/ф;А был ли Каротин;[16+]
220055;220220;Шокирующее HD;96;Х/ф;Синяя бездна;[18+]
220220;220345;Шокирующее HD;96;Х/ф;Синяя бездна-2;[18+]
220345;220510;Шокирующее HD;96;Х/ф;Скрежет;[18+]
220510;220630;Шокирующее HD;96;Х/ф;Летучие мыши: Пробуждение;[18+]
220630;220805;Шокирующее HD;96;Х/ф;Чёрная вдова. Укус смерти;[18+]
220805;220950;Шокирующее HD;96;Х/ф;Месть волчицы;[18+]
220950;221130;Шокирующее HD;96;Х/ф;Проклятие пиковой дамы;[18+]
221130;221305;Шокирующее HD;96;Х/ф;Синяя бездна;[18+]
221305;221440;Шокирующее HD;96;Х/ф;Синяя бездна-2;[18+]
221440;221620;Шокирующее HD;96;Х/ф;Скрежет;[18+]
221620;221750;Шокирующее HD;96;Х/ф;"Проклятие "Мэри";[18+]
221750;221940;Шокирующее HD;96;Х/ф;Экзорцизм. Изгоняющий духов;[18+]
221940;222130;Шокирующее HD;96;Х/ф;Оно. Новая глава;[18+]
222130;222310;Шокирующее HD;96;Х/ф;Проклятие;[18+]
222310;230045;Шокирующее HD;96;Х/ф;Разгневанная душа;[18+]
220040;220130;Мир сериала;59;Х/ф;"Операция "Мухаббат";[16+]
220130;220230;Мир сериала;59;Х/ф;"Операция "Мухаббат";[16+]
220230;220320;Мир сериала;59;Х/ф;Цыплёнок жареный;[18+]
220320;220415;Мир сериала;59;Х/ф;Цыплёнок жареный;[18+]
220415;220505;Мир сериала;59;Х/ф;Григорий Р;[16+]
220505;220600;Мир сериала;59;Х/ф;Григорий Р;[16+]
220600;220645;Мир сериала;59;Х/ф;Анна-детективъ;[16+]
220645;220745;Мир сериала;59;Х/ф;Анна-детективъ;[16+]
220745;220840;Мир сериала;59;Х/ф;СССР;[18+]
220840;220930;Мир сериала;59;Х/ф;"Операция "Мухаббат";[16+]
220930;221030;Мир сериала;59;Х/ф;"Операция "Мухаббат";[16+]
221030;221120;Мир сериала;59;Х/ф;Цыплёнок жареный;[18+]
221120;221215;Мир сериала;59;Х/ф;Цыплёнок жареный;[18+]
221215;221305;Мир сериала;59;Х/ф;Григорий Р;[16+]
221305;221400;Мир сериала;59;Х/ф;Григорий Р;[16+]
221400;221445;Мир сериала;59;Х/ф;Анна-детективъ;[16+]
221445;221545;Мир сериала;59;Х/ф;Анна-детективъ;[16+]
221545;221640;Мир сериала;59;Х/ф;СССР;[18+]
221640;221730;Мир сериала;59;Х/ф;"Операция "Мухаббат";[16+]
221730;221830;Мир сериала;59;Х/ф;"Операция "Мухаббат";[16+]
221830;221915;Мир сериала;59;Х/ф;Хор;[16+]
221915;222015;Мир сериала;59;Х/ф;Хор;[16+]
222015;222105;Мир сериала;59;Х/ф;Григорий Р;[16+]
222105;222200;Мир сериала;59;Х/ф;Григорий Р;[16+]
222200;222245;Мир сериала;59;Х/ф;Анна-детективъ;[16+]
222245;222345;Мир сериала;59;Х/ф;Анна-детективъ;[16+]
222345;230040;Мир сериала;59;Х/ф;СССР;[18+]
220000;220015;Мужской;;Х/ф;Вне зоны;[16+]
220015;220100;Мужской;;Х/ф;Между молотом и наковальней;[16+]
220100;220115;Мужской;;Х/ф;Наша марка;[12+]
220115;220130;Мужской;;Х/ф;Мотолайф;[]
220130;220155;Мужской;;Х/ф;Навигатор цифрового мира;[]
220155;220235;Мужской;;Х/ф;В изоляции;[16+]
220235;220250;Мужской;;Х/ф;Наша марка;[12+]
220250;220310;Мужской;;Х/ф;Вне зоны;[16+]
220310;220325;Мужской;;Х/ф;Моторы;[]
220325;220345;Мужской;;Х/ф;Мировой вояж;[]
220345;220415;Мужской;;Х/ф;Экстрим для чайников;[16+]
220415;220450;Мужской;;Х/ф;Кастомайзинг по-русски;[16+]
220450;220540;Мужской;;Х/ф;Мегазаводы;[16+]
220540;220600;Мужской;;Х/ф;Мотолайф;[]
220600;220620;Мужской;;Х/ф;Моторы;[16+]
220620;220635;Мужской;;Х/ф;Мировой вояж;[]
220635;220655;Мужской;;Х/ф;Наша марка;[12+]
220655;220725;Мужской;;Х/ф;Современное строительство;[16+]
220725;220740;Мужской;;Х/ф;Вокруг света пешком;[16+]
220740;220800;Мужской;;Х/ф;Вокруг света пешком;[16+]
220800;220815;Мужской;;Х/ф;Вне зоны;[16+]
220815;220900;Мужской;;Х/ф;Между молотом и наковальней;[16+]
220900;220915;Мужской;;Х/ф;Наша марка;[12+]
220915;220935;Мужской;;Х/ф;Мотолайф;[16+]
220935;220955;Мужской;;Х/ф;Навигатор цифрового мира;[16+]
220955;221035;Мужской;;Х/ф;В изоляции;[16+]
221035;221050;Мужской;;Х/ф;Наша марка;[12+]
221050;221110;Мужской;;Х/ф;Дачная академия;[12+]
221110;221125;Мужской;;Х/ф;Моторы;[16+]
221125;221145;Мужской;;Х/ф;Мировой вояж;[]
221145;221215;Мужской;;Х/ф;Экстрим для чайников;[16+]
221215;221250;Мужской;;Х/ф;Кастомайзинг по-русски;[16+]
221250;221340;Мужской;;Х/ф;Мегазаводы;[16+]
221340;221400;Мужской;;Х/ф;Мотолайф;[16+]
221400;221420;Мужской;;Х/ф;Моторы;[16+]
221420;221435;Мужской;;Х/ф;Мировой вояж;[]
221435;221455;Мужской;;Х/ф;Наша марка;[12+]
221455;221525;Мужской;;Х/ф;Современное строительство;[16+]
221525;221540;Мужской;;Х/ф;Вокруг света пешком;[16+]
221540;221600;Мужской;;Х/ф;Вокруг света пешком;[16+]
221600;221615;Мужской;;Х/ф;Вне зоны;[16+]
221615;221700;Мужской;;Х/ф;Между молотом и наковальней;[16+]
221700;221715;Мужской;;Х/ф;Наша марка;[12+]
221715;221735;Мужской;;Х/ф;Мотолайф;[16+]
221735;221755;Мужской;;Х/ф;Навигатор цифрового мира;[16+]
221755;221835;Мужской;;Х/ф;В изоляции;[16+]
221835;221850;Мужской;;Х/ф;Наша марка;[12+]
221850;221910;Мужской;;Х/ф;Дачная академия;[12+]
221910;221925;Мужской;;Х/ф;Моторы;[16+]
221925;221945;Мужской;;Х/ф;Мировой вояж;[]
221945;222015;Мужской;;Х/ф;Экстрим для чайников;[16+]
222015;222050;Мужской;;Х/ф;Кастомайзинг по-русски;[16+]
222050;222140;Мужской;;Х/ф;Мегазаводы;[16+]
222140;222200;Мужской;;Х/ф;Мотолайф;[16+]
222200;222220;Мужской;;Х/ф;Моторы;[16+]
222220;222235;Мужской;;Х/ф;Мировой вояж;[]
222235;222255;Мужской;;Х/ф;Наша марка;[12+]
222255;222325;Мужской;;Х/ф;Современное строительство;[16+]
222325;222340;Мужской;;Х/ф;Вокруг света пешком;[16+]
222340;230000;Мужской;;Х/ф;Вокруг света пешком;[16+]
220005;220100;viju Nature;;Х/ф;Невероятная жизнь в Африке;[16+]
220100;220150;viju Nature;;Х/ф;Дикие убийцы: эволюция хищника;[16+]
220150;220240;viju Nature;;Х/ф;Циклы жизни;[12+]
220240;220335;viju Nature;;Х/ф;Национальные парки: сокровищницы жизни;[6+]
220335;220425;viju Nature;;Х/ф;Земля без суши;[12+]
220425;220455;viju Nature;;Х/ф;Дневники дикой природы;[12+]
220455;220525;viju Nature;;Х/ф;Ветеринар из Шотландии;[16+]
220525;220600;viju Nature;;Х/ф;Ветеринар из Шотландии;[16+]
220600;220630;viju Nature;;Х/ф;Дневники дикой природы;[12+]
220630;220700;viju Nature;;Х/ф;Дневники дикой природы;[12+]
220700;220800;viju Nature;;Х/ф;Королевства солнца;[12+]
220800;220830;viju Nature;;Х/ф;В мире животных;[12+]
220830;220855;viju Nature;;Х/ф;В мире животных;[12+]
220855;220925;viju Nature;;Х/ф;Зверята-работяги;[12+]
220925;220955;viju Nature;;Х/ф;Зверята-работяги;[12+]
220955;221025;viju Nature;;Х/ф;Зверята-работяги;[12+]
221025;221100;viju Nature;;Х/ф;Зверята-работяги;[12+]
221100;221130;viju Nature;;Х/ф;Зверята-работяги;[12+]
221130;221200;viju Nature;;Х/ф;Зверята-работяги;[12+]
221200;221300;viju Nature;;Х/ф;Дикая Намибия;[12+]
221300;221330;viju Nature;;Х/ф;Однажды в Саванне;[12+]
221330;221400;viju Nature;;Х/ф;ЮАР - На спине дракона;[12+]
221400;221425;viju Nature;;Х/ф;Такие разные животные;[12+]
221425;221455;viju Nature;;Х/ф;Такие разные животные;[12+]
221455;221525;viju Nature;;Х/ф;Планета джунглей;[6+]
221525;221600;viju Nature;;Х/ф;Планета джунглей;[6+]
221600;221700;viju Nature;;Х/ф;Исландия - новорождённый остров;[12+]
221700;221755;viju Nature;;Х/ф;Дикие убийцы: эволюция хищника;[16+]
221755;221850;viju Nature;;Х/ф;Дикие убийцы: эволюция хищника;[16+]
221850;221915;viju Nature;;Х/ф;Удивительные животные Австралии;[16+]
221915;221940;viju Nature;;Х/ф;Удивительные животные Австралии;[16+]
221940;222040;viju Nature;;Х/ф;Невероятная жизнь в Африке;[16+]
222040;222135;viju Nature;;Х/ф;Циклы жизни;[12+]
222135;222235;viju Nature;;Х/ф;Царство панды;[12+]
222235;222335;viju Nature;;Х/ф;Природная тайна Востока;[12+]
222335;230045;viju Nature;;Х/ф;Изобретения природы;[6+]
220000;220145;Мультиландия;;Х/ф;Тайны Медовой долины;[0+]
220145;221500;Мультиландия;;Х/ф;Простоквашино;[0+]
221500;230000;Мультиландия;;Х/ф;Барбоскины;[0+]
220000;220225;Киномикс;39;Х/ф;13;[18+]
220225;220405;Киномикс;39;Х/ф;Пророк;[16+]
220405;220605;Киномикс;39;Х/ф;Тюрьма суперзлодеев;[18+]
220605;220810;Киномикс;39;Х/ф;"Операция "Фортуна": Искусство побеждать";[18+]
220810;221025;Киномикс;39;Х/ф;Железный рыцарь;[18+]
221025;221225;Киномикс;39;Х/ф;Санктум;[18+]
221225;221430;Киномикс;39;Х/ф;Профессионал;[18+]
221430;221605;Киномикс;39;Х/ф;Сокровища джунглей;[18+]
221605;221755;Киномикс;39;Х/ф;Тайна Хеопса;[16+]
221755;222000;Киномикс;39;Х/ф;Скалолаз;[16+]
222000;222210;Киномикс;39;Х/ф;Выживший;[18+]
222210;230005;Киномикс;39;Х/ф;"Хищник: Миссия "Осирис";[18+]
220055;220310;KHL;106;Х/ф;"Лучшие клубы". Фонбет Чемпионат КХЛ;[12+]
220310;220350;KHL;106;Х/ф;По фану;[16+]
220350;220600;KHL;106;Х/ф;"Яркие матчи". Фонбет Чемпионат КХЛ;[12+]
220600;220855;KHL;106;Х/ф;OLIMPBET Чемпионат МХЛ. Финал Кубка Харламова. 4-й матч;[12+]
220855;220905;KHL;106;Х/ф;МХЛ удивляет;[6+]
220905;221120;KHL;106;Х/ф;"Лучшие клубы". Фонбет Чемпионат КХЛ;[12+]
221120;221345;KHL;106;Х/ф;"Яркие матчи". Фонбет Чемпионат КХЛ;[12+]
221345;221620;KHL;106;Х/ф;Товарищеский матч. Прямая трансляция;[]
221620;221635;KHL;106;Х/ф;Неделя КХЛ;[12+]
221635;221855;KHL;106;Х/ф;"Лучшие клубы". Фонбет Чемпионат КХЛ;[12+]
221855;221940;KHL;106;Х/ф;Трансферы;[6+]
221940;222230;KHL;106;Х/ф;OLIMPBET Чемпионат МХЛ. Финал Кубка Харламова. 5-й матч;[12+]
222230;230055;KHL;106;Х/ф;Товарищеский матч;[12+]
220000;220045;Russian Travel Guide;;Х/ф;Прогулка по Краснодару;[16+]
220045;220100;Russian Travel Guide;;Х/ф;RTG TV TOP10;[16+]
220100;220130;Russian Travel Guide;;Х/ф;Путешествие по Северному Приладожью;[16+]
220130;220200;Russian Travel Guide;;Х/ф;География вкуса;[16+]
220200;220230;Russian Travel Guide;;Х/ф;Горные реки Карачая;[16+]
220230;220300;Russian Travel Guide;;Х/ф;Летний отдых в Анапе;[16+]
220300;220345;Russian Travel Guide;;Х/ф;Екатерининский дворец. Триумф трех императриц;[16+]
220345;220400;Russian Travel Guide;;Х/ф;Коллекция Russian Travel Guide;[16+]
220400;220430;Russian Travel Guide;;Х/ф;Обед в трактире "Маша и медведь";[16+]
220430;220500;Russian Travel Guide;;Х/ф;Мороженое "Русский холод";[16+]
220500;220515;Russian Travel Guide;;Х/ф;Прыгун в высоту Александр Шустов;[16+]
220515;220600;Russian Travel Guide;;Х/ф;Свято-Данилов мужской монастырь;[16+]
220600;220630;Russian Travel Guide;;Х/ф;Летняя рыбалка в волжском трехречье;[16+]
220630;220700;Russian Travel Guide;;Х/ф;География вкуса;[16+]
220700;220745;Russian Travel Guide;;Х/ф;Ростовский кремль. Портал сквозь века;[16+]
220745;220800;Russian Travel Guide;;Х/ф;RTG TV TOP10;[16+]
220800;220830;Russian Travel Guide;;Х/ф;Тетеревиный ток. Танец утреннего леса;[16+]
220830;220900;Russian Travel Guide;;Х/ф;Старинные города Брянской области;[16+]
220900;220945;Russian Travel Guide;;Х/ф;Природный парк "Вепсский лес";[16+]
220945;221000;Russian Travel Guide;;Х/ф;Коллекция Russian Travel Guide;[16+]
221000;221030;Russian Travel Guide;;Х/ф;Казимир Малевич. Творец новых миров;[16+]
221030;221100;Russian Travel Guide;;Х/ф;Соборы Донского монастыря;[16+]
221100;221130;Russian Travel Guide;;Х/ф;Тюменский криобанк. Холод на службе науки;[16+]
221130;221200;Russian Travel Guide;;Х/ф;Кухня ейских казаков;[16+]
221200;221230;Russian Travel Guide;;Х/ф;Угличское дело. Начало смутных времён;[16+]
221230;221300;Russian Travel Guide;;Х/ф;Историк русской кухни Максим Сырников;[16+]
221300;221330;Russian Travel Guide;;Х/ф;Кижи. Храмовое деревянное зодчество;[16+]
221330;221400;Russian Travel Guide;;Х/ф;География вкуса;[16+]
221400;221445;Russian Travel Guide;;Х/ф;Прогулка по Краснодару;[16+]
221445;221500;Russian Travel Guide;;Х/ф;RTG TV TOP10;[16+]
221500;221530;Russian Travel Guide;;Х/ф;Путешествие по Северному Приладожью;[16+]
221530;221600;Russian Travel Guide;;Х/ф;География вкуса;[16+]
221600;221630;Russian Travel Guide;;Х/ф;Горные реки Карачая;[16+]
221630;221700;Russian Travel Guide;;Х/ф;Летний отдых в Анапе;[16+]
221700;221745;Russian Travel Guide;;Х/ф;Екатерининский дворец. Триумф трех императриц;[16+]
221745;221800;Russian Travel Guide;;Х/ф;Коллекция Russian Travel Guide;[16+]
221800;221830;Russian Travel Guide;;Х/ф;Обед в трактире "Маша и медведь";[16+]
221830;221900;Russian Travel Guide;;Х/ф;Мороженое "Русский холод";[16+]
221900;221915;Russian Travel Guide;;Х/ф;Прыгун в высоту Александр Шустов;[16+]
221915;222000;Russian Travel Guide;;Х/ф;Свято-Данилов мужской монастырь;[16+]
222000;222030;Russian Travel Guide;;Х/ф;Летняя рыбалка в волжском трехречье;[16+]
222030;222100;Russian Travel Guide;;Х/ф;География вкуса;[16+]
222100;222145;Russian Travel Guide;;Х/ф;Ростовский кремль. Портал сквозь века;[16+]
222145;222200;Russian Travel Guide;;Х/ф;RTG TV TOP10;[16+]
222200;222230;Russian Travel Guide;;Х/ф;Тетеревиный ток. Танец утреннего леса;[16+]
222230;222300;Russian Travel Guide;;Х/ф;Старинные города Брянской области;[16+]
222300;222345;Russian Travel Guide;;Х/ф;Природный парк "Вепсский лес";[16+]
222345;230000;Russian Travel Guide;;Х/ф;Коллекция Russian Travel Guide;[16+]
220000;220045;Оружие;;Х/ф;Музей Победы. День в Истории;[16+]
220045;220120;Оружие;;Х/ф;Ножи Кизляра;[18+]
220120;220200;Оружие;;Х/ф;Битва оружейников;[16+]
220200;220230;Оружие;;Х/ф;Всё о практической стрельбе;[18+]
220230;220315;Оружие;;Х/ф;Я - телохранитель;[16+]
220315;220400;Оружие;;Х/ф;Я - телохранитель;[16+]
220400;220440;Оружие;;Х/ф;Я - телохранитель;[16+]
220440;220530;Оружие;;Х/ф;Я - телохранитель;[16+]
220530;220610;Оружие;;Х/ф;Рубежи;[16+]
220610;220640;Оружие;;Х/ф;Война машин;[16+]
220640;220710;Оружие;;Х/ф;Оружие;[16+]
220710;220750;Оружие;;Х/ф;Русский Охотничий журнал;[18+]
220750;220800;Оружие;;Х/ф;Тульский музей оружия;[16+]
220800;220845;Оружие;;Х/ф;Музей Победы. День в Истории;[16+]
220845;220920;Оружие;;Х/ф;Ножи Кизляра;[18+]
220920;221000;Оружие;;Х/ф;Битва оружейников;[16+]
221000;221030;Оружие;;Х/ф;Всё о практической стрельбе;[18+]
221030;221115;Оружие;;Х/ф;Я - телохранитель;[16+]
221115;221200;Оружие;;Х/ф;Я - телохранитель;[16+]
221200;221240;Оружие;;Х/ф;Я - телохранитель;[16+]
221240;221330;Оружие;;Х/ф;Я - телохранитель;[16+]
221330;221410;Оружие;;Х/ф;Рубежи;[16+]
221410;221440;Оружие;;Х/ф;Война машин;[16+]
221440;221510;Оружие;;Х/ф;Оружие;[16+]
221510;221550;Оружие;;Х/ф;Русский Охотничий журнал;[18+]
221550;221600;Оружие;;Х/ф;Тульский музей оружия;[16+]
221600;221645;Оружие;;Х/ф;Музей Победы. День в Истории;[16+]
221645;221720;Оружие;;Х/ф;Ножи Кизляра;[18+]
221720;221800;Оружие;;Х/ф;Битва оружейников;[16+]
221800;221830;Оружие;;Х/ф;Всё о практической стрельбе;[18+]
221830;221915;Оружие;;Х/ф;Я - телохранитель;[16+]
221915;222000;Оружие;;Х/ф;Я - телохранитель;[16+]
222000;222040;Оружие;;Х/ф;Я - телохранитель;[16+]
222040;222130;Оружие;;Х/ф;Я - телохранитель;[16+]
222130;222210;Оружие;;Х/ф;Рубежи;[16+]
222210;222240;Оружие;;Х/ф;Война машин;[16+]
222240;222310;Оружие;;Х/ф;Оружие;[16+]
222310;222350;Оружие;;Х/ф;Русский Охотничий журнал;[18+]
222350;230000;Оружие;;Х/ф;Тульский музей оружия;[16+]
220000;220055;Кто есть кто;;Х/ф;Никита Симонян. Его величество футбол;[16+]
220055;220135;Кто есть кто;;Х/ф;Ольга Остроумова. Любовь земная;[16+]
220135;220220;Кто есть кто;;Х/ф;Фотоальбом Алексея Симонова;[16+]
220220;220300;Кто есть кто;;Х/ф;Зиновий Гердт. Я не комик!;[16+]
220300;220345;Кто есть кто;;Х/ф;Леонид Костандов. Химическая формула успеха;[16+]
220345;220430;Кто есть кто;;Х/ф;Тайна смерти Мэрилин Монро;[16+]
220430;220520;Кто есть кто;;Х/ф;Фотоальбом Аиды Ведищевой;[16+]
220520;220600;Кто есть кто;;Х/ф;Лунное счастье Анатолия Ромашина;[16+]
220600;220645;Кто есть кто;;Х/ф;Первая мировая. Битвы в окопах;[16+]
220645;220735;Кто есть кто;;Х/ф;Алексей Толстой. Никто не знает правды;[16+]
220735;220805;Кто есть кто;;Х/ф;Россия. Пушкин. Век XX;[16+]
220805;220900;Кто есть кто;;Х/ф;Византия - утраченная империя;[16+]
220900;220940;Кто есть кто;;Х/ф;Первая мировая. Битвы в окопах;[16+]
220940;221030;Кто есть кто;;Х/ф;Юрий Нагибин. Двойная игра;[16+]
221030;221105;Кто есть кто;;Х/ф;Ирина Муравьева. Самая обаятельная и привлекательная;[16+]
221105;221200;Кто есть кто;;Х/ф;Византия - утраченная империя;[16+]
221200;221245;Кто есть кто;;Х/ф;Первая мировая. Битвы в окопах;[16+]
221245;221330;Кто есть кто;;Х/ф;Ивар Калныньш. Разбитое сердце;[16+]
221330;221405;Кто есть кто;;Х/ф;Равняется одному Гафту;[16+]
221405;221500;Кто есть кто;;Х/ф;Византия - утраченная империя;[16+]
221500;221545;Кто есть кто;;Х/ф;Первая мировая. Битвы в окопах;[16+]
221545;221625;Кто есть кто;;Х/ф;Ирина Купченко. Без свидетелей;[16+]
221625;221705;Кто есть кто;;Х/ф;Фотоальбом Михаила Ножкина;[16+]
221705;221800;Кто есть кто;;Х/ф;Византия - утраченная империя;[16+]
221800;221855;Кто есть кто;;Х/ф;Маршал Баграмян. Искусство Победы;[16+]
221855;221935;Кто есть кто;;Х/ф;Владимир Меньшов. Один против всех;[16+]
221935;222100;Кто есть кто;;Х/ф;Битва за Мидуэй;[16+]
222100;222230;Кто есть кто;;Х/ф;Нострадамус;[16+]
222230;230000;Кто есть кто;;Х/ф;Кто подставил Иисуса?;[16+]
220020;220035;Загородная жизнь;;Х/ф;Оригами;[12+]
220035;220045;Загородная жизнь;;Х/ф;Оригами;[12+]
220045;220100;Загородная жизнь;;Х/ф;Готовим вместе;[12+]
220100;220120;Загородная жизнь;;Х/ф;Дачная экспертиза;[12+]
220120;220135;Загородная жизнь;;Х/ф;Сами с усами;[12+]
220135;220150;Загородная жизнь;;Х/ф;Огород круглый год;[12+]
220150;220220;Загородная жизнь;;Х/ф;Живой дом;[12+]
220220;220250;Загородная жизнь;;Х/ф;Теплица на радость;[12+]
220250;220310;Загородная жизнь;;Х/ф;Готовим вместе;[12+]
220310;220340;Загородная жизнь;;Х/ф;Сад мечты;[12+]
220340;220415;Загородная жизнь;;Х/ф;Стройка;[12+]
220415;220445;Загородная жизнь;;Х/ф;Ножи, мечи и топоры;[12+]
220445;220510;Загородная жизнь;;Х/ф;Ландшафтные хитрости;[12+]
220510;220530;Загородная жизнь;;Х/ф;Мировой вояж;[12+]
220530;220600;Загородная жизнь;;Х/ф;Современное строительство;[12+]
220600;220635;Загородная жизнь;;Х/ф;Час с FORUMHOUSE;[12+]
220635;220655;Загородная жизнь;;Х/ф;Ваше хозяйство;[12+]
220655;220720;Загородная жизнь;;Х/ф;Работа над ошибками;[12+]
220720;220750;Загородная жизнь;;Х/ф;Пусти строителей в дом;[12+]
220750;220820;Загородная жизнь;;Х/ф;Тайны трав;[12+]
220820;220835;Загородная жизнь;;Х/ф;Оригами;[12+]
220835;220845;Загородная жизнь;;Х/ф;Оригами;[12+]
220845;220900;Загородная жизнь;;Х/ф;Дама-хозяйка;[12+]
220900;220920;Загородная жизнь;;Х/ф;Дачная академия;[12+]
220920;220930;Загородная жизнь;;Х/ф;Сами с усами;[12+]
220930;220955;Загородная жизнь;;Х/ф;Огород круглый год;[12+]
220955;221020;Загородная жизнь;;Х/ф;Живой дом;[12+]
221020;221050;Загородная жизнь;;Х/ф;Теплица на радость;[12+]
221050;221110;Загородная жизнь;;Х/ф;Дама-хозяйка;[12+]
221110;221140;Загородная жизнь;;Х/ф;Сад мечты;[12+]
221140;221215;Загородная жизнь;;Х/ф;Стройка;[12+]
221215;221245;Загородная жизнь;;Х/ф;Ножи, мечи и топоры;[12+]
221245;221310;Загородная жизнь;;Х/ф;Ландшафтные хитрости;[12+]
221310;221330;Загородная жизнь;;Х/ф;Мировой вояж;[12+]
221330;221400;Загородная жизнь;;Х/ф;Современное строительство;[12+]
221400;221435;Загородная жизнь;;Х/ф;Час с FORUMHOUSE;[12+]
221435;221455;Загородная жизнь;;Х/ф;Ваше хозяйство;[12+]
221455;221520;Загородная жизнь;;Х/ф;Работа над ошибками;[12+]
221520;221550;Загородная жизнь;;Х/ф;Пусти строителей в дом;[12+]
221550;221620;Загородная жизнь;;Х/ф;Тайны трав;[12+]
221620;221635;Загородная жизнь;;Х/ф;Оригами;[12+]
221635;221645;Загородная жизнь;;Х/ф;Оригами;[12+]
221645;221700;Загородная жизнь;;Х/ф;Дама-хозяйка;[12+]
221700;221720;Загородная жизнь;;Х/ф;Дачная академия;[12+]
221720;221730;Загородная жизнь;;Х/ф;Сами с усами;[12+]
221730;221755;Загородная жизнь;;Х/ф;Огород круглый год;[12+]
221755;221820;Загородная жизнь;;Х/ф;Живой дом;[12+]
221820;221850;Загородная жизнь;;Х/ф;Теплица на радость;[12+]
221850;221910;Загородная жизнь;;Х/ф;Дама-хозяйка;[12+]
221910;221940;Загородная жизнь;;Х/ф;Сад мечты;[12+]
221940;222015;Загородная жизнь;;Х/ф;Стройка;[12+]
222015;222045;Загородная жизнь;;Х/ф;Ножи, мечи и топоры;[12+]
222045;222110;Загородная жизнь;;Х/ф;Ландшафтные хитрости;[12+]
222110;222130;Загородная жизнь;;Х/ф;Мировой вояж;[12+]
222130;222200;Загородная жизнь;;Х/ф;Современное строительство;[12+]
222200;222235;Загородная жизнь;;Х/ф;Час с FORUMHOUSE;[12+]
222235;222255;Загородная жизнь;;Х/ф;Ваше хозяйство;[12+]
222255;222320;Загородная жизнь;;Х/ф;Работа над ошибками;[12+]
222320;222350;Загородная жизнь;;Х/ф;Пусти строителей в дом;[12+]
222350;230020;Загородная жизнь;;Х/ф;Тайны трав;[12+]
220015;220040;Индия;71;Х/ф;Уловка любви;[16+]
220040;220100;Индия;71;Х/ф;Уловка любви;[16+]
220100;220125;Индия;71;Х/ф;Порог любви;[16+]
220125;220145;Индия;71;Х/ф;Порог любви;[16+]
220145;220205;Индия;71;Х/ф;Порог любви;[16+]
220205;220245;Индия;71;Х/ф;Порог любви;[16+]
220245;220335;Индия;71;Х/ф;Порог любви;[16+]
220335;220400;Индия;71;Х/ф;Спутник моей жизни;[16+]
220400;220430;Индия;71;Х/ф;Спутник моей жизни;[16+]
220430;220455;Индия;71;Х/ф;Спутник моей жизни;[16+]
220455;220520;Индия;71;Х/ф;Спутник моей жизни;[16+]
220520;220545;Индия;71;Х/ф;Спутник моей жизни;[16+]
220545;220610;Индия;71;Х/ф;Спутник моей жизни;[16+]
220610;220630;Индия;71;Х/ф;Спутник моей жизни;[16+]
220630;220650;Индия;71;Х/ф;Спутник моей жизни;[16+]
220650;220715;Индия;71;Х/ф;Шорья и Анокхи: история любви;[16+]
220715;220740;Индия;71;Х/ф;Шорья и Анокхи: история любви;[16+]
220740;220805;Индия;71;Х/ф;Шорья и Анокхи: история любви;[16+]
220805;220825;Индия;71;Х/ф;Шорья и Анокхи: история любви;[16+]
220825;220850;Индия;71;Х/ф;Шорья и Анокхи: история любви;[16+]
220850;220915;Индия;71;Х/ф;Шорья и Анокхи: история любви;[16+]
220915;220935;Индия;71;Х/ф;Шорья и Анокхи: история любви;[16+]
220935;221000;Индия;71;Х/ф;Шорья и Анокхи: история любви;[16+]
221000;221025;Индия;71;Х/ф;Шорья и Анокхи: история любви;[16+]
221025;221045;Индия;71;Х/ф;Шорья и Анокхи: история любви;[16+]
221045;221110;Индия;71;Х/ф;Шорья и Анокхи: история любви;[16+]
221110;221135;Индия;71;Х/ф;Шорья и Анокхи: история любви;[16+]
221135;221155;Индия;71;Х/ф;Шорья и Анокхи: история любви;[16+]
221155;221220;Индия;71;Х/ф;Шорья и Анокхи: история любви;[16+]
221220;221245;Индия;71;Х/ф;Шорья и Анокхи: история любви;[16+]
221245;221310;Индия;71;Х/ф;Уловка любви;[16+]
221310;221330;Индия;71;Х/ф;Уловка любви;[16+]
221330;221355;Индия;71;Х/ф;Уловка любви;[16+]
221355;221420;Индия;71;Х/ф;Уловка любви;[16+]
221420;221445;Индия;71;Х/ф;Уловка любви;[16+]
221445;221510;Индия;71;Х/ф;Уловка любви;[16+]
221510;221535;Индия;71;Х/ф;Уловка любви;[16+]
221535;221600;Индия;71;Х/ф;Уловка любви;[16+]
221600;221620;Индия;71;Х/ф;Порог любви;[16+]
221620;221645;Индия;71;Х/ф;Порог любви;[16+]
221645;221710;Индия;71;Х/ф;Порог любви;[16+]
221710;221750;Индия;71;Х/ф;Порог любви;[16+]
221750;221835;Индия;71;Х/ф;Порог любви;[16+]
221835;221900;Индия;71;Х/ф;Спутник моей жизни;[16+]
221900;221930;Индия;71;Х/ф;Спутник моей жизни;[16+]
221930;221955;Индия;71;Х/ф;Спутник моей жизни;[16+]
221955;222025;Индия;71;Х/ф;Спутник моей жизни;[16+]
222025;222050;Индия;71;Х/ф;Спутник моей жизни;[16+]
222050;222115;Индия;71;Х/ф;Спутник моей жизни;[16+]
222115;222140;Индия;71;Х/ф;Спутник моей жизни;[16+]
222140;222205;Индия;71;Х/ф;Спутник моей жизни;[16+]
222205;222230;Индия;71;Х/ф;Спутник моей жизни;[16+]
222230;222255;Индия;71;Х/ф;Уловка любви;[16+]
222255;222315;Индия;71;Х/ф;Уловка любви;[16+]
222315;222340;Индия;71;Х/ф;Уловка любви;[16+]
222340;230005;Индия;71;Х/ф;Уловка любви;[16+]
220100;220200;Zooпарк;;Х/ф;Королевство большой панды;[12+]
220200;220300;Zooпарк;;Х/ф;Королевство большой панды;[12+]
220300;220400;Zooпарк;;Х/ф;Сила природы;[16+]
220400;220500;Zooпарк;;Х/ф;Сила природы;[16+]
220500;220600;Zooпарк;;Х/ф;Сила природы;[16+]
220600;220700;Zooпарк;;Х/ф;Сила природы;[16+]
220700;220800;Zooпарк;;Х/ф;Дикие собаки;[16+]
220800;220900;Zooпарк;;Х/ф;Дикие собаки;[12+]
220900;221000;Zooпарк;;Х/ф;Вся правда о летучих мышах;[12+]
221000;221100;Zooпарк;;Х/ф;Зоопарк или золотая клетка;[16+]
221100;221200;Zooпарк;;Х/ф;Сила природы;[16+]
221200;221300;Zooпарк;;Х/ф;Сила природы;[16+]
221300;221400;Zooпарк;;Х/ф;Королевство большой панды;[12+]
221400;221500;Zooпарк;;Х/ф;Королевство большой панды;[12+]
221500;221600;Zooпарк;;Х/ф;Сила природы;[16+]
221600;221700;Zooпарк;;Х/ф;Сила природы;[16+]
221700;221800;Zooпарк;;Х/ф;Вся правда о летучих мышах;[12+]
221800;221900;Zooпарк;;Х/ф;Зоопарк или золотая клетка;[16+]
221900;222000;Zooпарк;;Х/ф;Сила природы;[16+]
222000;222100;Zooпарк;;Х/ф;Сила природы;[16+]
222100;222200;Zooпарк;;Х/ф;Сила природы;[16+]
222200;222300;Zooпарк;;Х/ф;Сила природы;[16+]
222300;230000;Zooпарк;;Х/ф;Дикие собаки;[16+]
220010;220215;Наше любимое кино;53;Х/ф;Выкуп;[18+]
220215;220410;Наше любимое кино;53;Х/ф;Белый Олеандр;[18+]
220410;220600;Наше любимое кино;53;Х/ф;Учитель года;[12+]
220600;220800;Наше любимое кино;53;Х/ф;Жених напрокат;[12+]
220800;221000;Наше любимое кино;53;Х/ф;Белый Олеандр;[18+]
221000;221205;Наше любимое кино;53;Х/ф;Леон;[16+]
221205;221320;Наше любимое кино;53;Х/ф;Мулан: Рождение легенды;[18+]
221320;221510;Наше любимое кино;53;Х/ф;Эйр Америка;[18+]
221510;221710;Наше любимое кино;53;Х/ф;Выкуп;[18+]
221710;221905;Наше любимое кино;53;Х/ф;Учитель года;[12+]
221905;222110;Наше любимое кино;53;Х/ф;За гранью;[16+]
222110;222235;Наше любимое кино;53;Х/ф;Доспехи Бога;[18+]
222235;230025;Наше любимое кино;53;Х/ф;Доспехи Бога-2: Операция Кондор;[16+]
220000;220103;Совершенно секретно;;Х/ф;Близкие люди;[16+]
220103;220148;Совершенно секретно;;Х/ф;Тайна Марики Рёкк;[16+]
220148;220255;Совершенно секретно;;Х/ф;Крипто;[16+]
220255;220336;Совершенно секретно;;Х/ф;Документальное расследование;[16+]
220336;220400;Совершенно секретно;;Х/ф;Двойной портрет;[16+]
220400;220504;Совершенно секретно;;Х/ф;Близкие люди;[16+]
220504;220545;Совершенно секретно;;Х/ф;Документальное расследование;[16+]
220545;220609;Совершенно секретно;;Х/ф;Двойной портрет;[16+]
220609;220656;Совершенно секретно;;Х/ф;Крипто;[16+]
220656;220735;Совершенно секретно;;Х/ф;Документальное расследование;[16+]
220735;220800;Совершенно секретно;;Х/ф;Двойной портрет;[16+]
220800;220903;Совершенно секретно;;Х/ф;Близкие люди;[16+]
220903;220948;Совершенно секретно;;Х/ф;Тайна Марики Рёкк;[16+]
220948;221055;Совершенно секретно;;Х/ф;Крипто;[16+]
221055;221136;Совершенно секретно;;Х/ф;Документальное расследование;[16+]
221136;221200;Совершенно секретно;;Х/ф;Двойной портрет;[16+]
221200;221300;Совершенно секретно;;Х/ф;Крипто;[16+]
221300;221344;Совершенно секретно;;Х/ф;Маршал Дмитрий Язов;[16+]
221344;221454;Совершенно секретно;;Х/ф;Близкие люди;[16+]
221454;221537;Совершенно секретно;;Х/ф;Документальное расследование;[16+]
221537;221600;Совершенно секретно;;Х/ф;Двойной портрет;[16+]
221600;221702;Совершенно секретно;;Х/ф;Художник и власть;[16+]
221702;221725;Совершенно секретно;;Х/ф;Гойко Митич;[16+]
221725;221748;Совершенно секретно;;Х/ф;Двойной портрет;[16+]
221748;221852;Совершенно секретно;;Х/ф;Крипто;[16+]
221852;221934;Совершенно секретно;;Х/ф;Документальное расследование;[16+]
221934;222000;Совершенно секретно;;Х/ф;Двойной портрет;[16+]
222000;222100;Совершенно секретно;;Х/ф;Крипто;[16+]
222100;222144;Совершенно секретно;;Х/ф;Маршал Дмитрий Язов;[16+]
222144;222254;Совершенно секретно;;Х/ф;Близкие люди;[16+]
222254;222337;Совершенно секретно;;Х/ф;Документальное расследование;[16+]
222337;230000;Совершенно секретно;;Х/ф;Двойной портрет;[16+]
220030;220120;НТВ;;Х/ф;Герой по вызову;[16+]
220120;220210;НТВ;;Х/ф;Герой по вызову;[16+]
220210;220300;НТВ;;Х/ф;Герой по вызову;[16+]
220300;220400;НТВ;;Х/ф;Герой по вызову;[16+]
220400;220420;НТВ;;Х/ф;Сегодня;[]
220420;220520;НТВ;;Х/ф;Поедем, поедим!;[16+]
220520;220600;НТВ;;Х/ф;Едим дома;[0+]
220600;220620;НТВ;;Х/ф;Сегодня;[]
220620;220700;НТВ;;Х/ф;Главная дорога;[16+]
220700;220800;НТВ;;Х/ф;"Живая еда" с Сергеем Малозёмовым";[12+]
220800;220900;НТВ;;Х/ф;Квартирный вопрос;[0+]
220900;221000;НТВ;;Х/ф;Сатья;[16+]
221000;221100;НТВ;;Х/ф;Основано на реальных событиях;[16+]
221100;221200;НТВ;;Х/ф;Своя игра;[0+]
221200;221220;НТВ;;Х/ф;Сегодня;[]
221220;221400;НТВ;;Х/ф;Следствие вели...;[16+]
221400;221500;НТВ;;Х/ф;Премьера. "Дельфин-3";[16+]
221500;221620;НТВ;;Х/ф;"Центральное телевидение" с Вадимом Такменевым;[]
221620;221940;НТВ;;Х/ф;Премьера. "Дельфин-3";[16+]
221940;222155;НТВ;;Х/ф;Звезды;[16+]
222155;222240;НТВ;;Х/ф;Герой по вызову;[16+]
222240;222325;НТВ;;Х/ф;Герой по вызову;[16+]
222325;230010;НТВ;;Х/ф;Герой по вызову;[16+]
220015;220045;Наука;;Х/ф;Альфа-самец;[12+]
220045;220110;Наука;;Х/ф;Альфа-самец;[12+]
220110;220135;Наука;;Х/ф;Бионика;[12+]
220135;220205;Наука;;Х/ф;Бионика;[12+]
220205;220230;Наука;;Х/ф;Бионика;[12+]
220230;220255;Наука;;Х/ф;Бионика;[12+]
220255;220350;Наука;;Х/ф;По следам гигантских мамонтов;[12+]
220350;220415;Наука;;Х/ф;Просто физика;[12+]
220415;220440;Наука;;Х/ф;Правила взлома;[12+]
220440;220510;Наука;;Х/ф;Правила взлома;[12+]
220510;220535;Наука;;Х/ф;Правила взлома;[12+]
220535;220600;Наука;;Х/ф;Правила взлома;[16+]
220600;220625;Наука;;Х/ф;Угрозы современного мира;[12+]
220625;220655;Наука;;Х/ф;Угрозы современного мира;[12+]
220655;220745;Наука;;Х/ф;Вулканическая Новая Зеландия;[12+]
220745;220835;Наука;;Х/ф;Вулканическая Новая Зеландия;[12+]
220835;220920;Наука;;Х/ф;Вулканическая Новая Зеландия;[12+]
220920;221010;Наука;;Х/ф;Научные сенсации;[12+]
221010;221055;Наука;;Х/ф;Научные сенсации;[12+]
221055;221155;Наука;;Х/ф;Титаны бездны. Китообразные;[12+]
221155;221250;Наука;;Х/ф;Летучие мыши - друзья вверх тормашками;[12+]
221250;221345;Наука;;Х/ф;Ядовитые пчёлы. Природное бедствие;[12+]
221345;221435;Наука;;Х/ф;Научные сенсации;[12+]
221435;221505;Наука;;Х/ф;Угрозы современного мира;[12+]
221505;221530;Наука;;Х/ф;Угрозы современного мира;[12+]
221530;221625;Наука;;Х/ф;Анатомия урагана;[12+]
221625;221720;Наука;;Х/ф;Анатомия урагана;[12+]
221720;221815;Наука;;Х/ф;Анатомия урагана;[12+]
221815;221900;Наука;;Х/ф;Научные сенсации;[12+]
221900;221950;Наука;;Х/ф;Научные сенсации;[12+]
221950;222045;Наука;;Х/ф;Тайна гениальных растений;[12+]
222045;222145;Наука;;Х/ф;Тайна гениальных растений;[12+]
222145;222240;Наука;;Х/ф;Сила цветов. Удивительная загадка;[12+]
222240;222325;Наука;;Х/ф;Научные сенсации;[12+]
222325;230015;Наука;;Х/ф;Научные сенсации;[12+]
220100;220130;ТВ-3;;Х/ф;Знаки судьбы;[16+]
220130;220145;ТВ-3;;Х/ф;Знаки судьбы;[16+]
220145;220215;ТВ-3;;Х/ф;Знаки судьбы;[16+]
220215;220230;ТВ-3;;Х/ф;Знаки судьбы;[16+]
220230;220300;ТВ-3;;Х/ф;Знаки судьбы;[16+]
220300;220330;ТВ-3;;Х/ф;Знаки судьбы;[16+]
220330;220345;ТВ-3;;Х/ф;Знаки судьбы;[16+]
220345;220415;ТВ-3;;Х/ф;Знаки судьбы;[16+]
220415;220430;ТВ-3;;Х/ф;Знаки судьбы;[16+]
220430;220500;ТВ-3;;Х/ф;Знаки судьбы;[16+]
220500;220515;ТВ-3;;Х/ф;Знаки судьбы;[16+]
220515;220545;ТВ-3;;Х/ф;Знаки судьбы;[16+]
220545;220600;ТВ-3;;Х/ф;Мультфильмы;[0+]
220600;220900;ТВ-3;;Х/ф;Мультфильмы;[0+]
220900;220930;ТВ-3;;Х/ф;Слепая;[16+]
220930;221000;ТВ-3;;Х/ф;Слепая;[16+]
221000;221030;ТВ-3;;Х/ф;Слепая;[16+]
221030;221100;ТВ-3;;Х/ф;Слепая;[16+]
221100;221130;ТВ-3;;Х/ф;Слепая;[16+]
221130;221200;ТВ-3;;Х/ф;Слепая;[16+]
221200;221230;ТВ-3;;Х/ф;Слепая;[16+]
221230;221300;ТВ-3;;Х/ф;Слепая;[16+]
221300;221500;ТВ-3;;Х/ф;Долина рыцарей;[16+]
221500;221715;ТВ-3;;Х/ф;Гордость и предубеждение и зомби;[16+]
221715;221900;ТВ-3;;Х/ф;Я, Франкенштейн;[16+]
221900;222100;ТВ-3;;Х/ф;Последний охотник на ведьм;[16+]
222100;222300;ТВ-3;;Х/ф;Премьера. "Ритуал";[16+]
222300;230100;ТВ-3;;Х/ф;Два, три, демон, приди!;[18+]
220045;220345;Русский роман;48;Х/ф;Женский приговор;[16+]
220345;220505;Русский роман;48;Х/ф;Посторонняя;[16+]
220505;220750;Русский роман;48;Х/ф;Яблочко от яблоньки;[16+]
220750;221110;Русский роман;48;Х/ф;Любовь по найму;[16+]
221110;221425;Русский роман;48;Х/ф;Гадкий утенок;[16+]
221425;221745;Русский роман;48;Х/ф;Фермерша;[16+]
221745;222100;Русский роман;48;Х/ф;Укради меня;[16+]
222100;230015;Русский роман;48;Х/ф;Любовь не делится на два;[16+]
220000;220100;Живи HD;;Х/ф;Здоровые и знаменитые: Русская версия;[12+]
220100;220200;Живи HD;;Х/ф;По горячим следам;[6+]
220200;220300;Живи HD;;Х/ф;Пилатес изнутри;[6+]
220300;220330;Живи HD;;Х/ф;Проснись со Стасом;[12+]
220330;220345;Живи HD;;Х/ф;"Дыши и худей" с Мариной Корпан;[12+]
220345;220400;Живи HD;;Х/ф;Цигун. Практика гармонии;[12+]
220400;220430;Живи HD;;Х/ф;YogaУтро;[12+]
220430;220445;Живи HD;;Х/ф;"Утренний заряд" с Димой Брагиным;[12+]
220445;220500;Живи HD;;Х/ф;Здоровые завтраки;[12+]
220500;220530;Живи HD;;Х/ф;Йога. Женские практики;[12+]
220530;220600;Живи HD;;Х/ф;Аэробика в стиле ретро;[12+]
220600;220630;Живи HD;;Х/ф;Проснись со Стасом;[12+]
220630;220700;Живи HD;;Х/ф;Здоровая спина 2.0.;[12+]
220700;220730;Живи HD;;Х/ф;YogaУтро;[12+]
220730;220745;Живи HD;;Х/ф;"Утренний заряд" с Димой Брагиным;[12+]
220745;220800;Живи HD;;Х/ф;Здоровые завтраки;[12+]
220800;220830;Живи HD;;Х/ф;Антистресс йога;[12+]
220830;220845;Живи HD;;Х/ф;"Дыши и худей" с Мариной Корпан;[12+]
220845;220900;Живи HD;;Х/ф;Антицеллюлитная гимнастика с Еленой Каркукли;[12+]
220900;220930;Живи HD;;Х/ф;"Скульптурное лицо" с Викторией Цепляевой;[12+]
220930;221000;Живи HD;;Х/ф;Здоровая спина 2.0.;[12+]
221000;221030;Живи HD;;Х/ф;Йога. Женские практики;[12+]
221030;221045;Живи HD;;Х/ф;Экспресс-фитнес;[12+]
221045;221100;Живи HD;;Х/ф;Core-тренировка;[12+]
221100;221130;Живи HD;;Х/ф;Функциональный тренинг с элементами капоэйры;[12+]
221130;221145;Живи HD;;Х/ф;"Дыши и худей" с Мариной Корпан;[12+]
221145;221200;Живи HD;;Х/ф;Фитнес с резинками;[12+]
221200;221230;Живи HD;;Х/ф;Силовой стретчинг;[12+]
221230;221300;Живи HD;;Х/ф;3D фитнес;[12+]
221300;221330;Живи HD;;Х/ф;Фитнес-бикини 2.0.;[12+]
221330;221400;Живи HD;;Х/ф;Shuffle Dance;[12+]
221400;221430;Живи HD;;Х/ф;Фитнес-бутик;[12+]
221430;221500;Живи HD;;Х/ф;HIIT;[12+]
221500;221600;Живи HD;;Х/ф;Пилатес изнутри;[6+]
221600;221630;Живи HD;;Х/ф;Кроссфит 2.0.;[12+]
221630;221700;Живи HD;;Х/ф;Шпагат;[12+]
221700;221715;Живи HD;;Х/ф;Здоровые ужины;[12+]
221715;221730;Живи HD;;Х/ф;Мистер Драйв;[12+]
221730;221745;Живи HD;;Х/ф;Антицеллюлитная гимнастика с Еленой Каркукли;[12+]
221745;221800;Живи HD;;Х/ф;Core-тренировка;[12+]
221800;221830;Живи HD;;Х/ф;Уроки чувственности;[16+]
221830;221845;Живи HD;;Х/ф;Экспресс-йога;[12+]
221845;221900;Живи HD;;Х/ф;Цигун. Практика гармонии;[12+]
221900;221930;Живи HD;;Х/ф;HIIT;[12+]
221930;222000;Живи HD;;Х/ф;Силовой стретчинг;[12+]
222000;222030;Живи HD;;Х/ф;Функциональный тренинг с элементами капоэйры;[12+]
222030;222100;Живи HD;;Х/ф;Антистресс йога;[12+]
222100;222200;Живи HD;;Х/ф;Пилатес изнутри;[6+]
222200;222215;Живи HD;;Х/ф;Антицеллюлитная гимнастика с Еленой Каркукли;[12+]
222215;222230;Живи HD;;Х/ф;"Дыши и худей" с Мариной Корпан;[12+]
222230;222300;Живи HD;;Х/ф;Шпагат;[12+]
222300;222330;Живи HD;;Х/ф;Уроки чувственности;[16+]
222330;222345;Живи HD;;Х/ф;Экспресс-йога;[12+]
222345;230000;Живи HD;;Х/ф;Цигун. Практика гармонии;[12+]
220005;220055;Культура;;Х/ф;Котенок по имени Гав;[]
220055;220200;Культура;;Х/ф;Продавец птиц;[]
220200;220230;Культура;;Х/ф;Классная тема!;[]
220230;220300;Культура;;Х/ф;Коллекция Петра Шепотинника;[]
220300;220435;Культура;;Х/ф;Всем - спасибо!..;[]
220435;220510;Культура;;Х/ф;Фильмы-лауреаты Международного фестиваля документального кино "Неизвестная Россия";[]
220510;220600;Культура;;Х/ф;Пресноводная стихия и ее обитатели;[]
220600;220730;Культура;;Х/ф;Приключения Незнайки и его друзей;[]
220730;221000;Культура;;Х/ф;Телеспектакль "Повесть о молодых супругах". К 75-летию Владимира Конкина;[]
221000;221100;Культура;;Х/ф;Фильмы-лауреаты Международного фестиваля документального кино "Неизвестная Россия";[]
221100;221230;Культура;;Х/ф;Большая опера-2025. Гала-концерт в БЗК;[]
221230;221245;Культура;;Х/ф;Новости культуры;[]
221245;221355;Культура;;Х/ф;Карусель;[]
221355;221500;Культура;;Х/ф;Фильмы-лауреаты Международного фестиваля документального кино "Неизвестная Россия";[]
221500;221640;Культура;;Х/ф;Большой вальс;[]
221640;221810;Культура;;Х/ф;Фильмы-лауреаты Международного фестиваля документального кино "Неизвестная Россия";[]
221810;221905;Культура;;Х/ф;Пресноводная стихия и ее обитатели;[]
221905;221950;Культура;;Х/ф;Искатели;[]
221950;222000;Культура;;Х/ф;Дарю тебе звезду;[]
222000;222330;Культура;;Х/ф;Перерыв в вещании;[]
222330;230005;Культура;;Х/ф;Библейский сюжет;[]
220000;220025;Кухня ТВ HD;;Х/ф;Однажды в Италии;[12+]
220025;220100;Кухня ТВ HD;;Х/ф;"Вкусная Россия" с Сергеем Белоголовцевым;[12+]
220100;220120;Кухня ТВ HD;;Х/ф;Итальянская пицца и паста;[12+]
220120;220150;Кухня ТВ HD;;Х/ф;Париж на вкус;[12+]
220150;220210;Кухня ТВ HD;;Х/ф;Вкусно как дома;[12+]
220210;220240;Кухня ТВ HD;;Х/ф;Ели у Емели;[12+]
220240;220305;Кухня ТВ HD;;Х/ф;Секреты итальянской кухни;[12+]
220305;220325;Кухня ТВ HD;;Х/ф;Король гриля;[12+]
220325;220355;Кухня ТВ HD;;Х/ф;Домашняя кухня Полы Макинтайр;[16+]
220355;220420;Кухня ТВ HD;;Х/ф;Итальянская пицца и паста;[12+]
220420;220450;Кухня ТВ HD;;Х/ф;Сладкая жизнь;[6+]
220450;220505;Кухня ТВ HD;;Х/ф;Всё, дело в шляпе;[12+]
220505;220530;Кухня ТВ HD;;Х/ф;Самые сливки;[12+]
220530;220550;Кухня ТВ HD;;Х/ф;ТРЕСКАем;[12+]
220550;220605;Кухня ТВ HD;;Х/ф;Евразия;[12+]
220605;220630;Кухня ТВ HD;;Х/ф;Однажды в Италии;[12+]
220630;220700;Кухня ТВ HD;;Х/ф;"Вкусная Россия" с Сергеем Белоголовцевым;[12+]
220700;220725;Кухня ТВ HD;;Х/ф;Итальянская пицца и паста;[12+]
220725;220800;Кухня ТВ HD;;Х/ф;Париж на вкус;[12+]
220800;220820;Кухня ТВ HD;;Х/ф;Вкусно как дома;[12+]
220820;220850;Кухня ТВ HD;;Х/ф;Ели у Емели;[12+]
220850;220920;Кухня ТВ HD;;Х/ф;Секреты итальянской кухни;[12+]
220920;221000;Кухня ТВ HD;;Х/ф;Домашняя кухня Полы Макинтайр;[16+]
221000;221020;Кухня ТВ HD;;Х/ф;Хороший повар, плохой повар;[12+]
221020;221045;Кухня ТВ HD;;Х/ф;Хороший повар, плохой повар;[12+]
221045;221110;Кухня ТВ HD;;Х/ф;Хороший повар, плохой повар;[12+]
221110;221135;Кухня ТВ HD;;Х/ф;Хороший повар, плохой повар;[12+]
221135;221155;Кухня ТВ HD;;Х/ф;Хороший повар, плохой повар;[12+]
221155;221220;Кухня ТВ HD;;Х/ф;Хороший повар, плохой повар;[12+]
221220;221245;Кухня ТВ HD;;Х/ф;Хороший повар, плохой повар;[12+]
221245;221310;Кухня ТВ HD;;Х/ф;Хороший повар, плохой повар;[12+]
221310;221335;Кухня ТВ HD;;Х/ф;Хороший повар, плохой повар;[12+]
221335;221400;Кухня ТВ HD;;Х/ф;Хороший повар, плохой повар;[12+]
221400;221425;Кухня ТВ HD;;Х/ф;Хороший повар, плохой повар;[12+]
221425;221450;Кухня ТВ HD;;Х/ф;Хороший повар, плохой повар;[12+]
221450;221515;Кухня ТВ HD;;Х/ф;Хороший повар, плохой повар;[12+]
221515;221535;Кухня ТВ HD;;Х/ф;Хороший повар, плохой повар;[12+]
221535;221600;Кухня ТВ HD;;Х/ф;Хороший повар, плохой повар;[12+]
221600;221625;Кухня ТВ HD;;Х/ф;Хороший повар, плохой повар;[12+]
221625;221650;Кухня ТВ HD;;Х/ф;Хороший повар, плохой повар;[12+]
221650;221715;Кухня ТВ HD;;Х/ф;Хороший повар, плохой повар;[12+]
221715;221735;Кухня ТВ HD;;Х/ф;Хороший повар, плохой повар;[12+]
221735;221800;Кухня ТВ HD;;Х/ф;Хороший повар, плохой повар;[12+]
221800;221830;Кухня ТВ HD;;Х/ф;Однажды в Италии;[12+]
221830;221930;Кухня ТВ HD;;Х/ф;Поедем, поедим!;[12+]
221930;222000;Кухня ТВ HD;;Х/ф;Париж на вкус;[12+]
222000;222030;Кухня ТВ HD;;Х/ф;Моя любимая кухня;[12+]
222030;222100;Кухня ТВ HD;;Х/ф;Ели у Емели;[12+]
222100;222130;Кухня ТВ HD;;Х/ф;Секреты итальянской кухни;[12+]
222130;222145;Кухня ТВ HD;;Х/ф;Ешь и худей!;[12+]
222145;222220;Кухня ТВ HD;;Х/ф;Домашняя кухня Полы Макинтайр;[16+]
222220;222250;Кухня ТВ HD;;Х/ф;Ужины с Севериной;[12+]
222250;222315;Кухня ТВ HD;;Х/ф;Самые сливки;[12+]
222315;222345;Кухня ТВ HD;;Х/ф;ТРЕСКАем;[12+]
222345;230000;Кухня ТВ HD;;Х/ф;Евразия;[12+]
220035;220100;Пятый канал;5;Х/ф;Условный мент-5;[16+]
220100;220120;Пятый канал;5;Х/ф;Условный мент-5;[16+]
220120;220200;Пятый канал;5;Х/ф;Условный мент-5;[16+]
220200;220245;Пятый канал;5;Х/ф;Условный мент-5;[16+]
220245;220330;Пятый канал;5;Х/ф;Условный мент-5;[16+]
220330;220420;Пятый канал;5;Х/ф;Условный мент-5;[16+]
220420;220500;Пятый канал;5;Х/ф;Условный мент-5;[16+]
220500;220530;Пятый канал;5;Х/ф;Премьера. Страна советов;[16+]
220530;220605;Пятый канал;5;Х/ф;Премьера. "Стройнадзор";[16+]
220605;220620;Пятый канал;5;Х/ф;Условный мент-5;[16+]
220620;220715;Пятый канал;5;Х/ф;Условный мент-5;[16+]
220715;220805;Пятый канал;5;Х/ф;Условный мент-5;[16+]
220805;220900;Пятый канал;5;Х/ф;Условный мент-5;[16+]
220900;221000;Пятый канал;5;Х/ф;Условный мент-5;[16+]
221000;221055;Пятый канал;5;Х/ф;Условный мент-5;[16+]
221055;221145;Пятый канал;5;Х/ф;Условный мент-5;[16+]
221145;221240;Пятый канал;5;Х/ф;Условный мент-6;[16+]
221240;221340;Пятый канал;5;Х/ф;Премьера. "Условный мент-6";[16+]
221340;221435;Пятый канал;5;Х/ф;Условный мент-5;[16+]
221435;221525;Пятый канал;5;Х/ф;Условный мент-5;[16+]
221525;221620;Пятый канал;5;Х/ф;Условный мент-5;[16+]
221620;221715;Пятый канал;5;Х/ф;Условный мент-5;[16+]
221715;221805;Пятый канал;5;Х/ф;Условный мент-5;[16+]
221805;221905;Пятый канал;5;Х/ф;Условный мент-5;[16+]
221905;222000;Пятый канал;5;Х/ф;Условный мент-5;[16+]
222000;222105;Пятый канал;5;Х/ф;Известия. Главное;[16+]
222105;222210;Пятый канал;5;Х/ф;Светская хроника;[16+]
222210;222250;Пятый канал;5;Х/ф;Следопыт;[16+]
222250;222330;Пятый канал;5;Х/ф;Следопыт;[16+]
222330;230015;Пятый канал;5;Х/ф;Следопыт;[16+]
220100;220255;ТВ1000 action;41;Х/ф;Уцелевший;[16+]
220255;220420;ТВ1000 action;41;Х/ф;Другой мир: Год волка;[16+]
220420;220550;ТВ1000 action;41;Х/ф;Хеллбой: Проклятие Горбуна;[16+]
220550;220715;ТВ1000 action;41;Х/ф;Синяя бездна;[16+]
220715;220840;ТВ1000 action;41;Х/ф;Синяя бездна-2;[16+]
220840;221040;ТВ1000 action;41;Х/ф;Территория зла;[16+]
221040;221240;ТВ1000 action;41;Х/ф;Беглец;[16+]
221240;221455;ТВ1000 action;41;Х/ф;Повелитель бури;[16+]
221455;221705;ТВ1000 action;41;Х/ф;Уцелевший;[16+]
221705;221900;ТВ1000 action;41;Х/ф;Битва за Землю;[16+]
221900;222110;ТВ1000 action;41;Х/ф;Падение Луны;[16+]
222110;222245;ТВ1000 action;41;Х/ф;Последний день Земли;[16+]
222245;230025;ТВ1000 action;41;Х/ф;Катастрофа;[16+]
220015;220110;.Black;86;Х/ф;Тихоокеанские расследования;[16+]
220110;220200;.Black;86;Х/ф;Тихоокеанские расследования;[16+]
220200;220355;.Black;86;Х/ф;Код 355;[16+]
220355;220535;.Black;86;Х/ф;Игры шпионов;[16+]
220535;220600;.Black;86;Х/ф;Тачкомания;[16+]
220600;220620;.Black;86;Х/ф;Тачкомания;[16+]
220620;220645;.Black;86;Х/ф;Заряженные тачки;[16+]
220645;220705;.Black;86;Х/ф;Заряженные тачки;[16+]
220705;220840;.Black;86;Х/ф;За гранью;[16+]
220840;221050;.Black;86;Х/ф;Кто убил BlackBerry;[16+]
221050;221250;.Black;86;Х/ф;Трасса 60;[16+]
221250;221345;.Black;86;Х/ф;Чисто английские убийства;[16+]
221345;221435;.Black;86;Х/ф;Чисто английские убийства;[16+]
221435;221530;.Black;86;Х/ф;Чисто английские убийства;[16+]
221530;221625;.Black;86;Х/ф;Чисто английские убийства;[16+]
221625;221725;.Black;86;Х/ф;Чисто английские убийства;[16+]
221725;221820;.Black;86;Х/ф;Чисто английские убийства;[16+]
221820;221910;.Black;86;Х/ф;Чисто английские убийства;[16+]
221910;222005;.Black;86;Х/ф;Чисто английские убийства;[16+]
222005;222105;.Black;86;Х/ф;Чисто английские убийства;[16+]
222105;222200;.Black;86;Х/ф;Чисто английские убийства;[16+]
222200;222350;.Black;86;Х/ф;Крушение;[16+]
222350;230125;.Black;86;Х/ф;Васаби;[18+]
220225;220310;Русский бестселлер;50;Х/ф;Москва. Три вокзала-8;[16+]
220310;220350;Русский бестселлер;50;Х/ф;Москва. Три вокзала-8;[16+]
220350;220440;Русский бестселлер;50;Х/ф;Москва. Три вокзала-8;[16+]
220440;220810;Русский бестселлер;50;Х/ф;Метод Фрейда-2;[16+]
220810;221530;Русский бестселлер;50;Х/ф;Счастливый билет;[16+]
221530;222255;Русский бестселлер;50;Х/ф;Обмани, если любишь;[16+]
222255;230225;Русский бестселлер;50;Х/ф;Метод Фрейда-2;[16+]
220115;220235;Comedy;91;Х/ф;Очень опасная штучка;[18+]
220235;220435;Comedy;91;Х/ф;Сердцеедки;[18+]
220435;220600;Comedy;91;Х/ф;Красотки;[18+]
220600;220725;Comedy;91;Х/ф;Блондинка в эфире;[18+]
220725;220855;Comedy;91;Х/ф;Красавица и миллионер;[16+]
220855;221030;Comedy;91;Х/ф;Дикая парочка;[18+]
221030;221155;Comedy;91;Х/ф;Изумительный Морис;[18+]
221155;221355;Comedy;91;Х/ф;Унесённые призраками;[16+]
221355;221600;Comedy;91;Х/ф;Принцесса Мононоке;[18+]
221600;221715;Comedy;91;Х/ф;Один хороший день;[16+]
221715;221900;Comedy;91;Х/ф;Любовь с препятствиями;[18+]
221900;222035;Comedy;91;Х/ф;Пара из будущего;[16+]
222035;222220;Comedy;91;Х/ф;Пока свадьба не разлучит нас;[18+]
222220;222340;Comedy;91;Х/ф;Вечный День святого Валентина;[16+]
222340;230105;Comedy;91;Х/ф;Блондинка в эфире;[18+]
220020;220220;Megahit;90;Х/ф;Вердикт за деньги;[18+]
220220;220410;Megahit;90;Х/ф;Малавита;[18+]
220410;220550;Megahit;90;Х/ф;Счастливое число Слевина;[18+]
220550;220725;Megahit;90;Х/ф;Эдисон;[18+]
220725;220845;Megahit;90;Х/ф;Неудержимый;[18+]
220845;221015;Megahit;90;Х/ф;Защитник;[18+]
221015;221145;Megahit;90;Х/ф;Эффект колибри;[18+]
221145;221320;Megahit;90;Х/ф;"Досье "Чёрная канарейка";[18+]
221320;221510;Megahit;90;Х/ф;Другой мир;[18+]
221510;221645;Megahit;90;Х/ф;Другой мир-2: Эволюция;[18+]
221645;221805;Megahit;90;Х/ф;Красотка на взводе;[18+]
221805;222000;Megahit;90;Х/ф;Неверная;[18+]
222000;222145;Megahit;90;Х/ф;Глубокие воды;[18+]
222145;230005;Megahit;90;Х/ф;Исчезнувшая;[18+]
220210;220400;Premiere;89;Х/ф;Криминальный город: Возмездие;[18+]
220400;220525;Premiere;89;Х/ф;Охота на короля;[18+]
220525;220650;Premiere;89;Х/ф;Схватка с дьяволом;[18+]
220650;220825;Premiere;89;Х/ф;Объект преследования;[18+]
220825;220955;Premiere;89;Х/ф;Время патриотов;[18+]
220955;221140;Premiere;89;Х/ф;Здравствуй, грусть;[18+]
221140;221300;Premiere;89;Х/ф;Чёрный бриллиант;[18+]
221300;221510;Premiere;89;Х/ф;Маскарад;[18+]
221510;221630;Premiere;89;Х/ф;Тайна в её глазах;[16+]
221630;221750;Premiere;89;Х/ф;Цена соблазна;[18+]
221750;221935;Premiere;89;Х/ф;Плохая девочка;[18+]
221935;222100;Premiere;89;Х/ф;Эль Дьябло;[18+]
222100;222225;Premiere;89;Х/ф;Премьера. "Вниз";[18+]
222225;222350;Premiere;89;Х/ф;Игры возмездия;[18+]
222350;230120;Premiere;89;Х/ф;Пропавшая;[18+]
220035;220100;Travel+Adventure;;Х/ф;Пульс улиц;[16+]
220100;220125;Travel+Adventure;;Х/ф;Наследие вкуса;[16+]
220125;220220;Travel+Adventure;;Х/ф;Вселенная Филиппа Эшару;[12+]
220220;220310;Travel+Adventure;;Х/ф;Великая Китайская стена;[12+]
220310;220330;Travel+Adventure;;Х/ф;Палитра приключений;[12+]
220330;220415;Travel+Adventure;;Х/ф;Выходные со вкусом;[12+]
220415;220510;Travel+Adventure;;Х/ф;По берегам Атлантики;[12+]
220510;220600;Travel+Adventure;;Х/ф;Огонь и лёд: путь по Балтике;[12+]
220600;220645;Travel+Adventure;;Х/ф;Прибрежные деревни с Пенелопой Кит;[12+]
220645;220735;Travel+Adventure;;Х/ф;Прибрежные деревни с Пенелопой Кит;[16+]
220735;220820;Travel+Adventure;;Х/ф;Прибрежные деревни с Пенелопой Кит;[12+]
220820;220910;Travel+Adventure;;Х/ф;По берегам Атлантики;[16+]
220910;220955;Travel+Adventure;;Х/ф;По берегам Атлантики;[12+]
220955;221045;Travel+Adventure;;Х/ф;По течению великих рек;[12+]
221045;221140;Travel+Adventure;;Х/ф;По течению великих рек;[12+]
221140;221200;Travel+Adventure;;Х/ф;Кулинарная карта;[12+]
221200;221225;Travel+Adventure;;Х/ф;Премьера. Записки незрячего путешественника;[12+]
221225;221250;Travel+Adventure;;Х/ф;Премьера. Записки незрячего путешественника;[12+]
221250;221315;Travel+Adventure;;Х/ф;Премьера. Записки незрячего путешественника;[16+]
221315;221340;Travel+Adventure;;Х/ф;Истории удивительных отелей;[12+]
221340;221400;Travel+Adventure;;Х/ф;Вам бы там побывать;[12+]
221400;221440;Travel+Adventure;;Х/ф;Фото №6;[16+]
221440;221525;Travel+Adventure;;Х/ф;Фото №6;[12+]
221525;221555;Travel+Adventure;;Х/ф;Путешествие с фотографом на край географии;[12+]
221555;221625;Travel+Adventure;;Х/ф;Путешествие с фотографом на край географии;[12+]
221625;221720;Travel+Adventure;;Х/ф;Вселенная Филиппа Эшару;[12+]
221720;221745;Travel+Adventure;;Х/ф;Далёкие горизонты;[12+]
221745;221810;Travel+Adventure;;Х/ф;Далёкие горизонты;[12+]
221810;221830;Travel+Adventure;;Х/ф;Пульс улиц;[16+]
221830;222000;Travel+Adventure;;Х/ф;Патагония. Край неизведанного;[12+]
222000;222045;Travel+Adventure;;Х/ф;Премьера. Как найти себе приключений в Индии;[12+]
222045;222135;Travel+Adventure;;Х/ф;Премьера. Как найти себе приключений в Шри-Ланке;[16+]
222135;222220;Travel+Adventure;;Х/ф;Шёпот Альп;[12+]
222220;222315;Travel+Adventure;;Х/ф;Под стук колёс;[12+]
222315;230000;Travel+Adventure;;Х/ф;За границей комфорта;[12+]
220145;220335;КиноТВ;63;Х/ф;Шаг вперед: Все или ничего;[18+]
220335;220515;КиноТВ;63;Х/ф;Starперцы;[16+]
220515;220645;КиноТВ;63;Х/ф;Очень опасная штучка;[18+]
220645;220825;КиноТВ;63;Х/ф;Неудержимые-4;[18+]
220825;221025;КиноТВ;63;Х/ф;Паркер;[18+]
221025;221225;КиноТВ;63;Х/ф;Профессионал;[18+]
221225;221400;КиноТВ;63;Х/ф;Защитник;[18+]
221400;221530;КиноТВ;63;Х/ф;Механик;[18+]
221530;221715;КиноТВ;63;Х/ф;Механик: Воскрешение;[18+]
221715;221850;КиноТВ;63;Х/ф;Круче некуда;[18+]
221850;222010;КиноТВ;63;Х/ф;Киллер в отставке;[16+]
222010;222150;КиноТВ;63;Х/ф;Семь психопатов;[18+]
222150;222345;КиноТВ;63;Х/ф;Сердцеедки;[16+]
222345;230120;КиноТВ;63;Х/ф;Мой папа - медведь;[6+]
220030;220150;Киносемья;34;Х/ф;Три богатыря и Пуп Земли;[6+]
220150;220335;Киносемья;34;Х/ф;Белоснежка: Месть гномов;[12+]
220335;220515;Киносемья;34;Х/ф;Мечтатель;[6+]
220515;220635;Киносемья;34;Х/ф;Айнбо. Сердце Амазонии;[6+]
220635;220750;Киносемья;34;Х/ф;Питер Пэн;[12+]
220750;220915;Киносемья;34;Х/ф;Кольцо дракона;[16+]
220915;221050;Киносемья;34;Х/ф;Зоопарк;[12+]
221050;221210;Киносемья;34;Х/ф;Большое путешествие. Вокруг света;[6+]
221210;221330;Киносемья;34;Х/ф;Питомец Юрского периода;[6+]
221330;221450;Киносемья;34;Х/ф;Питомец Юрского периода. Утраченная тайна;[12+]
221450;221610;Киносемья;34;Х/ф;Питомец Юрского периода. Возвращение домой;[12+]
221610;221800;Киносемья;34;Х/ф;Похититель времени;[16+]
221800;221920;Киносемья;34;Х/ф;Макс Стил;[16+]
221920;222050;Киносемья;34;Х/ф;Аксель;[12+]
222050;222320;Киносемья;34;Х/ф;Майор Гром: Игра;[16+]
222320;230055;Киносемья;34;Х/ф;Чародейка;[12+]
220015;220105;История;;Х/ф;Мир накануне катастрофы. XX век;[16+]
220105;220200;История;;Х/ф;Гильотина. История Франции;[16+]
220200;220245;История;;Х/ф;Вожди народов;[12+]
220245;220335;История;;Х/ф;Отён: остатки галльского Рима;[12+]
220335;220420;История;;Х/ф;Актёрская рулетка. Юрий Каморный;[16+]
220420;220515;История;;Х/ф;Тайны замка Шамбор;[12+]
220515;220600;История;;Х/ф;Смерть Монте-Кристо. Виктор Авилов;[16+]
220600;220655;История;;Х/ф;Судьба Рима;[16+]
220655;220745;История;;Х/ф;Русские тайны. ХХ век;[16+]
220745;220845;История;;Х/ф;Ку-клукс-клан. Американская история: Рождение невидимой империи;[16+]
220845;220935;История;;Х/ф;Вожди народов;[12+]
220935;221035;История;;Х/ф;Гробница Чингисхана. Раскрытая тайна;[12+]
221035;221120;История;;Х/ф;Владимир Крючков. Последний председатель;[12+]
221120;221220;История;;Х/ф;Иерусалим. Как строился город Бога;[12+]
221220;221310;История;;Х/ф;Вильям Похлёбкин. Рецепты нашей жизни;[16+]
221310;221410;История;;Х/ф;Жемчужины ЮНЕСКО;[12+]
221410;221510;История;;Х/ф;Жемчужины ЮНЕСКО;[12+]
221510;221540;История;;Х/ф;30 лет распада СССР. История в лицах;[12+]
221540;221610;История;;Х/ф;30 лет распада СССР. История в лицах;[16+]
221610;221705;История;;Х/ф;Судьба Рима;[16+]
221705;221755;История;;Х/ф;Русские тайны. ХХ век;[16+]
221755;221845;История;;Х/ф;Вожди народов;[12+]
221845;221945;История;;Х/ф;Гробница Чингисхана. Раскрытая тайна;[12+]
221945;222035;История;;Х/ф;Владимир Крючков. Последний председатель;[12+]
222035;222135;История;;Х/ф;Ку-клукс-клан. Американская история: Рождение невидимой империи;[16+]
222135;222235;История;;Х/ф;Иерусалим. Как строился город Бога;[12+]
222235;222325;История;;Х/ф;Вильям Похлёбкин. Рецепты нашей жизни;[16+]
222325;230025;История;;Х/ф;Жемчужины ЮНЕСКО;[12+]
220200;220230;Пятница;;Х/ф;Пятница News;[16+]
220230;220310;Пятница;;Х/ф;Комиссар Рекс;[18+]
220310;220350;Пятница;;Х/ф;Черный список;[16+]
220350;220425;Пятница;;Х/ф;Черный список;[16+]
220425;220430;Пятница;;Х/ф;Секреты на кухне;[16+]
220430;220500;Пятница;;Х/ф;Пятница News;[16+]
220500;220540;Пятница;;Х/ф;Секреты на кухне;[16+]
220540;220600;Пятница;;Х/ф;Пятница News;[16+]
220600;220700;Пятница;;Х/ф;Кондитер. Дети;[12+]
220700;220820;Пятница;;Х/ф;Умнее всех;[12+]
220820;220910;Пятница;;Х/ф;Гастротур;[16+]
220910;221100;Пятница;;Х/ф;Четыре дачи;[16+]
221100;221240;Пятница;;Х/ф;Четыре дачи;[16+]
221240;221420;Пятница;;Х/ф;Премьера. Четыре дачи;[16+]
221420;221610;Пятница;;Х/ф;Четыре дачи;[16+]
221610;221750;Пятница;;Х/ф;Четыре дачи;[16+]
221750;221900;Пятница;;Х/ф;Черный список. На кухне;[16+]
221900;222000;Пятница;;Х/ф;Черный список. На кухне;[16+]
222000;222100;Пятница;;Х/ф;Черный список. На кухне;[16+]
222100;222200;Пятница;;Х/ф;Черный список. На кухне;[16+]
222200;222300;Пятница;;Х/ф;Черный список. На кухне;[16+]
222300;230000;Пятница;;Х/ф;Черный список. На кухне;[16+]
220050;220130;Amedia 1;80;Х/ф;Необъяснимая Земля;[16+]
220130;220215;Amedia 1;80;Х/ф;Необъяснимая Земля;[16+]
220215;220250;Amedia 1;80;Х/ф;Ночной администратор;[16+]
220250;220330;Amedia 1;80;Х/ф;Ночной администратор;[16+]
220330;220415;Amedia 1;80;Х/ф;Ходячие мертвецы;[16+]
220415;220450;Amedia 1;80;Х/ф;Ходячие мертвецы;[16+]
220450;220535;Amedia 1;80;Х/ф;Ходячие мертвецы;[16+]
220535;220615;Amedia 1;80;Х/ф;Необъяснимая Земля;[16+]
220615;220700;Amedia 1;80;Х/ф;Необъяснимая Земля;[16+]
220700;220750;Amedia 1;80;Х/ф;Декстер;[16+]
220750;220840;Amedia 1;80;Х/ф;Декстер;[16+]
220840;220930;Amedia 1;80;Х/ф;Декстер;[16+]
220930;221020;Amedia 1;80;Х/ф;Декстер;[16+]
221020;221115;Amedia 1;80;Х/ф;Декстер;[16+]
221115;221140;Amedia 1;80;Х/ф;Легенда о героях галактики;[16+]
221140;221205;Amedia 1;80;Х/ф;Легенда о героях галактики;[16+]
221205;221225;Amedia 1;80;Х/ф;Легенда о героях галактики;[16+]
221225;221315;Amedia 1;80;Х/ф;Соммердаль;[16+]
221315;221400;Amedia 1;80;Х/ф;Соммердаль;[16+]
221400;221445;Amedia 1;80;Х/ф;Соммердаль;[16+]
221445;221530;Amedia 1;80;Х/ф;Соммердаль;[16+]
221530;221620;Amedia 1;80;Х/ф;Декстер;[16+]
221620;221715;Amedia 1;80;Х/ф;Декстер;[16+]
221715;221805;Amedia 1;80;Х/ф;Декстер;[16+]
221805;221855;Amedia 1;80;Х/ф;Декстер;[16+]
221855;221945;Amedia 1;80;Х/ф;Декстер;[16+]
221945;222115;Amedia 1;80;Х/ф;Короли улиц;[16+]
222115;222155;Amedia 1;80;Х/ф;Ходячие мертвецы;[16+]
222155;222235;Amedia 1;80;Х/ф;Ходячие мертвецы;[16+]
222235;222310;Amedia 1;80;Х/ф;Ходячие мертвецы;[16+]
222310;230000;Amedia 1;80;Х/ф;Ходячие мертвецы;[16+]
220050;220200;ТВ Центр;10;Х/ф;Сержант милиции;[12+]
220200;220310;ТВ Центр;10;Х/ф;Сержант милиции;[12+]
220310;220325;ТВ Центр;10;Х/ф;Петровка, 38;[16+]
220325;220410;ТВ Центр;10;Х/ф;Шаг в бездну;[12+]
220410;220500;ТВ Центр;10;Х/ф;Шаг в бездну;[12+]
220500;220555;ТВ Центр;10;Х/ф;Шаг в бездну;[12+]
220555;220650;ТВ Центр;10;Х/ф;Шаг в бездну;[12+]
220650;220715;ТВ Центр;10;Х/ф;10 самых...;[16+]
220715;220740;ТВ Центр;10;Х/ф;Православная энциклопедия;[6+]
220740;220830;ТВ Центр;10;Х/ф;Дуэль королев;[12+]
220830;220935;ТВ Центр;10;Х/ф;Дуэль королев;[12+]
220935;221030;ТВ Центр;10;Х/ф;Мой ангел;[16+]
221030;221130;ТВ Центр;10;Х/ф;Мой ангел;[16+]
221130;221145;ТВ Центр;10;Х/ф;События;[6+]
221145;221240;ТВ Центр;10;Х/ф;Смешите меня семеро;[16+]
221240;221335;ТВ Центр;10;Х/ф;Правда;[12+]
221335;221430;ТВ Центр;10;Х/ф;Правда;[12+]
221430;221445;ТВ Центр;10;Х/ф;События;[6+]
221445;221540;ТВ Центр;10;Х/ф;Смерть на языке цветов;[16+]
221540;221630;ТВ Центр;10;Х/ф;Смерть на языке цветов;[16+]
221630;221720;ТВ Центр;10;Х/ф;Смерть на языке цветов;[16+]
221720;221820;ТВ Центр;10;Х/ф;Смерть на языке цветов;[16+]
221820;221910;ТВ Центр;10;Х/ф;Выйти замуж любой ценой;[16+]
221910;222000;ТВ Центр;10;Х/ф;Выйти замуж любой ценой;[16+]
222000;222055;ТВ Центр;10;Х/ф;Выйти замуж любой ценой;[16+]
222055;222200;ТВ Центр;10;Х/ф;Выйти замуж любой ценой;[16+]
222200;222220;ТВ Центр;10;Х/ф;События;[6+]
222220;222310;ТВ Центр;10;Х/ф;"СМЕРШ. Операция "Искатели";[16+]
222310;222355;ТВ Центр;10;Х/ф;90-е. Сумасшедший бизнес;[16+]
222355;230035;ТВ Центр;10;Х/ф;СС. Парад мертвецов;[16+]
220000;220030;Ocean;;Х/ф;Остров Ионы. Затерянный остров;[16+]
220030;220130;Ocean;;Х/ф;Релакс;[0+]
220130;220200;Ocean;;Х/ф;Рыболовная Россия;[16+]
220200;220235;Ocean;;Х/ф;Вокруг света пешком;[16+]
220235;220310;Ocean;;Х/ф;Вокруг света пешком;[16+]
220310;220340;Ocean;;Х/ф;Ян Буян;[16+]
220340;220400;Ocean;;Х/ф;Релакс;[0+]
220400;220500;Ocean;;Х/ф;Убийцы холодных вод;[16+]
220500;220530;Ocean;;Х/ф;Заповедники России;[16+]
220530;220600;Ocean;;Х/ф;Релакс;[0+]
220600;220650;Ocean;;Х/ф;"Морская "кавалерия";[16+]
220650;220700;Ocean;;Х/ф;Феодосия 25,5 веков;[16+]
220700;220800;Ocean;;Х/ф;Релакс;[0+]
220800;220830;Ocean;;Х/ф;Остров Ионы. Затерянный остров;[16+]
220830;220930;Ocean;;Х/ф;Релакс;[0+]
220930;221000;Ocean;;Х/ф;Рыболовная Россия;[16+]
221000;221035;Ocean;;Х/ф;Вокруг света пешком;[16+]
221035;221110;Ocean;;Х/ф;Вокруг света пешком;[16+]
221110;221140;Ocean;;Х/ф;Ян Буян;[16+]
221140;221200;Ocean;;Х/ф;Релакс;[0+]
221200;221300;Ocean;;Х/ф;Убийцы холодных вод;[16+]
221300;221330;Ocean;;Х/ф;Заповедники России;[16+]
221330;221400;Ocean;;Х/ф;Релакс;[0+]
221400;221450;Ocean;;Х/ф;"Морская "кавалерия";[16+]
221450;221500;Ocean;;Х/ф;Феодосия 25,5 веков;[16+]
221500;221600;Ocean;;Х/ф;Релакс;[0+]
221600;221630;Ocean;;Х/ф;Антарктида. На пути к мечте;[16+]
221630;221730;Ocean;;Х/ф;Релакс;[0+]
221730;221800;Ocean;;Х/ф;География рыбалки;[16+]
221800;221825;Ocean;;Х/ф;Судьбищенская битва. Река времени;[16+]
221825;221845;Ocean;;Х/ф;Погружение в историю;[16+]
221845;221900;Ocean;;Х/ф;Полуторка надежды;[16+]
221900;221935;Ocean;;Х/ф;Ян Буян;[16+]
221935;222000;Ocean;;Х/ф;Релакс;[0+]
222000;222100;Ocean;;Х/ф;Голоса погибших кораблей;[16+]
222100;222130;Ocean;;Х/ф;Заповедники России;[16+]
222130;222200;Ocean;;Х/ф;Релакс;[0+]
222200;222300;Ocean;;Х/ф;Акулы против крокодилов;[16+]
222300;230000;Ocean;;Х/ф;Релакс;[0+]
220000;220010;Авто24;;Х/ф;Автоитоги недели;[12+]
220010;220050;Авто24;;Х/ф;Тур де;[16+]
220050;220100;Авто24;;Х/ф;Техно-тест;[16+]
220100;220115;Авто24;;Х/ф;Большой тест-драйв;[12+]
220115;220135;Авто24;;Х/ф;Автосвалка;[16+]
220135;220145;Авто24;;Х/ф;Мотомания;[16+]
220145;220215;Авто24;;Х/ф;Разговор под шум мотора;[16+]
220215;220235;Авто24;;Х/ф;Хобби-кар;[16+]
220235;220255;Авто24;;Х/ф;Женский взгляд;[16+]
220255;220305;Авто24;;Х/ф;Автоитоги недели;[12+]
220305;220335;Авто24;;Х/ф;Побег из Африки;[16+]
220335;220405;Авто24;;Х/ф;Москвич в Арктике;[16+]
220405;220440;Авто24;;Х/ф;Драйв тур;[16+]
220440;220505;Авто24;;Х/ф;Шелковый путь;[12+]
220505;220515;Авто24;;Х/ф;События;[16+]
220515;220525;Авто24;;Х/ф;Первый взгляд;[12+]
220525;220555;Авто24;;Х/ф;Тур де;[16+]
220555;220605;Авто24;;Х/ф;Автоитоги недели;[12+]
220605;220615;Авто24;;Х/ф;Автопати;[16+]
220615;220630;Авто24;;Х/ф;Большой тест-драйв;[12+]
220630;220650;Авто24;;Х/ф;Автосвалка;[16+]
220650;220700;Авто24;;Х/ф;Мотомания;[16+]
220700;220735;Авто24;;Х/ф;Разговор под шум мотора;[16+]
220735;220755;Авто24;;Х/ф;Хобби-кар;[16+]
220755;220805;Авто24;;Х/ф;Женский взгляд;[16+]
220805;220835;Авто24;;Х/ф;Побег из Африки;[16+]
220835;220845;Авто24;;Х/ф;Автоитоги недели;[12+]
220845;220915;Авто24;;Х/ф;Москвич в Арктике;[16+]
220915;220945;Авто24;;Х/ф;Драйв тур;[16+]
220945;221010;Авто24;;Х/ф;Шелковый путь;[12+]
221010;221020;Авто24;;Х/ф;События;[16+]
221020;221030;Авто24;;Х/ф;Первый взгляд;[12+]
221030;221100;Авто24;;Х/ф;Тур де;[16+]
221100;221110;Авто24;;Х/ф;Техно-тест;[16+]
221110;221120;Авто24;;Х/ф;Автопати;[16+]
221120;221135;Авто24;;Х/ф;Большой тест-драйв;[12+]
221135;221145;Авто24;;Х/ф;Автоитоги недели;[12+]
221145;221205;Авто24;;Х/ф;Автосвалка;[16+]
221205;221215;Авто24;;Х/ф;Мотомания;[16+]
221215;221250;Авто24;;Х/ф;Разговор под шум мотора;[16+]
221250;221310;Авто24;;Х/ф;Хобби-кар;[16+]
221310;221325;Авто24;;Х/ф;Техно-тест;[16+]
221325;221335;Авто24;;Х/ф;Женский взгляд;[16+]
221335;221400;Авто24;;Х/ф;Побег из Африки;[16+]
221400;221430;Авто24;;Х/ф;Москвич в Арктике;[12+]
221430;221455;Авто24;;Х/ф;Шелковый путь;[12+]
221455;221505;Авто24;;Х/ф;Автоитоги недели;[12+]
221505;221540;Авто24;;Х/ф;Драйв тур;[16+]
221540;221550;Авто24;;Х/ф;События;[16+]
221550;221600;Авто24;;Х/ф;Первый взгляд;[12+]
221600;221630;Авто24;;Х/ф;Тур де;[16+]
221630;221640;Авто24;;Х/ф;Автопати;[16+]
221640;221700;Авто24;;Х/ф;Большой тест-драйв;[12+]
221700;221710;Авто24;;Х/ф;Мотомания;[16+]
221710;221720;Авто24;;Х/ф;Автоитоги недели;[12+]
221720;221740;Авто24;;Х/ф;Автосвалка;[16+]
221740;221755;Авто24;;Х/ф;Техно-тест;[16+]
221755;221825;Авто24;;Х/ф;Разговор под шум мотора;[16+]
221825;221835;Авто24;;Х/ф;Автоитоги недели;[12+]
221835;221855;Авто24;;Х/ф;Хобби-кар;[16+]
221855;221910;Авто24;;Х/ф;Женский взгляд;[16+]
221910;221920;Авто24;;Х/ф;Первый взгляд;[12+]
221920;221930;Авто24;;Х/ф;Автоитоги недели;[12+]
221930;221955;Авто24;;Х/ф;Побег из Африки;[16+]
221955;222025;Авто24;;Х/ф;Москвич в Арктике;[16+]
222025;222035;Авто24;;Х/ф;Автоитоги недели;[12+]
222035;222120;Авто24;;Х/ф;Тур де;[16+]
222120;222130;Авто24;;Х/ф;Техно-тест;[16+]
222130;222140;Авто24;;Х/ф;Автоитоги недели;[12+]
222140;222220;Авто24;;Х/ф;Тур де;[16+]
222220;222230;Авто24;;Х/ф;Мотомания;[16+]
222230;222240;Авто24;;Х/ф;Автоитоги недели;[12+]
222240;222310;Авто24;;Х/ф;Разговор под шум мотора;[16+]
222310;222330;Авто24;;Х/ф;Хобби-кар;[16+]
222330;222340;Авто24;;Х/ф;Автоитоги недели;[12+]
222340;230005;Авто24;;Х/ф;Женский взгляд;[16+]
220005;220115;Премиальное HD;94;Х/ф;Зомби-детектив;[18+]
220115;220220;Премиальное HD;94;Х/ф;Зомби-детектив;[18+]
220220;220330;Премиальное HD;94;Х/ф;Зомби-детектив;[18+]
220330;220515;Премиальное HD;94;Х/ф;Криминальная фишка от Генри;[18+]
220515;220635;Премиальное HD;94;Х/ф;Большое путешествие;[12+]
220635;220800;Премиальное HD;94;Х/ф;Большое путешествие. Вокруг света;[12+]
220800;220805;Премиальное HD;94;Х/ф;Смешарики;[12+]
220805;220815;Премиальное HD;94;Х/ф;Смешарики;[6+]
220815;220820;Премиальное HD;94;Х/ф;Смешарики;[16+]
220820;220825;Премиальное HD;94;Х/ф;Смешарики;[12+]
220825;220840;Премиальное HD;94;Х/ф;Смешарики;[6+]
220840;220845;Премиальное HD;94;Х/ф;Смешарики;[6+]
220845;220855;Премиальное HD;94;Х/ф;Смешарики;[6+]
220855;220900;Премиальное HD;94;Х/ф;Смешарики;[6+]
220900;220905;Премиальное HD;94;Х/ф;Смешарики;[6+]
220905;220910;Премиальное HD;94;Х/ф;Смешарики;[6+]
220910;220920;Премиальное HD;94;Х/ф;Смешарики;[6+]
220920;220930;Премиальное HD;94;Х/ф;Смешарики;[6+]
220930;220940;Премиальное HD;94;Х/ф;Смешарики;[6+]
220940;220945;Премиальное HD;94;Х/ф;Смешарики;[12+]
220945;220950;Премиальное HD;94;Х/ф;Смешарики;[6+]
220950;221000;Премиальное HD;94;Х/ф;Смешарики;[6+]
221000;221005;Премиальное HD;94;Х/ф;Смешарики;[6+]
221005;221010;Премиальное HD;94;Х/ф;Смешарики;[6+]
221010;221015;Премиальное HD;94;Х/ф;Смешарики;[6+]
221015;221025;Премиальное HD;94;Х/ф;Смешарики;[6+]
221025;221030;Премиальное HD;94;Х/ф;Смешарики;[6+]
221030;221045;Премиальное HD;94;Х/ф;Смешарики;[6+]
221045;221155;Премиальное HD;94;Х/ф;Бемби;[12+]
221155;221315;Премиальное HD;94;Х/ф;Золушка;[18+]
221315;221450;Премиальное HD;94;Х/ф;Джентльмены предпочитают блондинок;[18+]
221450;221625;Премиальное HD;94;Х/ф;Осторожно, двери закрываются!;[18+]
221625;221800;Премиальное HD;94;Х/ф;Лёгкое поведение;[18+]
221800;221945;Премиальное HD;94;Х/ф;Хоть раз в жизни;[18+]
221945;222120;Премиальное HD;94;Х/ф;Джентльмены предпочитают блондинок;[18+]
222120;222300;Премиальное HD;94;Х/ф;Осторожно, двери закрываются!;[18+]
222300;230030;Премиальное HD;94;Х/ф;Лёгкое поведение;[18+]
220000;220305;Русский Детектив;49;Х/ф;Ментовские войны-10;[16+]
220305;220605;Русский Детектив;49;Х/ф;Ментовские войны-10;[16+]
220605;220650;Русский Детектив;49;Х/ф;Улицы разбитых фонарей-12;[16+]
220650;220740;Русский Детектив;49;Х/ф;Адвокат;[16+]
220740;220825;Русский Детектив;49;Х/ф;Адвокат;[16+]
220825;220910;Русский Детектив;49;Х/ф;Адвокат;[16+]
220910;221000;Русский Детектив;49;Х/ф;Адвокат;[16+]
221000;221055;Русский Детектив;49;Х/ф;Улицы разбитых фонарей-12;[16+]
221055;221145;Русский Детектив;49;Х/ф;Улицы разбитых фонарей-12;[16+]
221145;221235;Русский Детектив;49;Х/ф;Улицы разбитых фонарей-12;[16+]
221235;221330;Русский Детектив;49;Х/ф;Улицы разбитых фонарей-12;[16+]
221330;221420;Русский Детектив;49;Х/ф;Улицы разбитых фонарей-12;[16+]
221420;221510;Русский Детектив;49;Х/ф;Улицы разбитых фонарей-12;[16+]
221510;221605;Русский Детектив;49;Х/ф;Улицы разбитых фонарей-12;[16+]
221605;221655;Русский Детектив;49;Х/ф;Улицы разбитых фонарей-12;[16+]
221655;221750;Русский Детектив;49;Х/ф;Улицы разбитых фонарей-12;[16+]
221750;221840;Русский Детектив;49;Х/ф;Улицы разбитых фонарей-12;[16+]
221840;221930;Русский Детектив;49;Х/ф;Улицы разбитых фонарей-12;[16+]
221930;222025;Русский Детектив;49;Х/ф;Улицы разбитых фонарей-12;[16+]
222025;230250;Русский Детектив;49;Х/ф;Эксперт;[16+]
220200;220600;МУЛЬТ;;Х/ф;Простоквашино;[0+]
220600;220900;МУЛЬТ;;Х/ф;Ми-ми-мишки;[0+]
220900;221200;МУЛЬТ;;Х/ф;Ми-ми-мишки;[0+]
221200;221205;МУЛЬТ;;Х/ф;Премьера. "Ми-ми-мишки";[0+]
221205;221600;МУЛЬТ;;Х/ф;Премьера. "Мини-мишки";[0+]
221600;221900;МУЛЬТ;;Х/ф;Ми-ми-мишки;[0+]
221900;221915;МУЛЬТ;;Х/ф;Ми-Ми-Мишки;[0+]
221915;222100;МУЛЬТ;;Х/ф;Мини-мишки;[0+]
222100;230200;МУЛЬТ;;Х/ф;Ми-ми-мишки;[0+]
220000;220200;Бокс ТВ;;Х/ф;Octagon 69;[16+]
220200;220220;Бокс ТВ;;Х/ф;Бойцовский клуб;[16+]
220220;220300;Бокс ТВ;;Х/ф;6-раундовый бой в первом полулегком весе. До 55,2 кг;[16+]
220300;220310;Бокс ТВ;;Х/ф;Боевые соцсети;[16+]
220310;220400;Бокс ТВ;;Х/ф;8-раундовый бой в легчайшем весе. До 53,5 кг;[16+]
220400;220410;Бокс ТВ;;Х/ф;Единоборства с Татьяной Кузнецовой;[16+]
220410;220500;Бокс ТВ;;Х/ф;8-раундовый бой в первом легком весе. До 59 кг;[16+]
220500;220525;Бокс ТВ;;Х/ф;Один на один;[16+]
220525;220600;Бокс ТВ;;Х/ф;8-раундовый бой в первом легком весе. До 59 кг;[16+]
220600;220640;Бокс ТВ;;Х/ф;Мешки ворочать;[16+]
220640;220700;Бокс ТВ;;Х/ф;6-раундовый бой в легком весе. До 61,2 кг;[16+]
220700;220720;Бокс ТВ;;Х/ф;На ринге;[16+]
220720;220800;Бокс ТВ;;Х/ф;6-раундовый бой в среднем весе. До 72,6 кг;[16+]
220800;221000;Бокс ТВ;;Х/ф;Octagon 69;[16+]
221000;221020;Бокс ТВ;;Х/ф;Бойцовский клуб;[16+]
221020;221100;Бокс ТВ;;Х/ф;6-раундовый бой в первом полулегком весе. До 55,2 кг;[16+]
221100;221110;Бокс ТВ;;Х/ф;Боевые соцсети;[16+]
221110;221200;Бокс ТВ;;Х/ф;8-раундовый бой в легчайшем весе. До 53,5 кг;[16+]
221200;221210;Бокс ТВ;;Х/ф;Единоборства с Татьяной Кузнецовой;[16+]
221210;221300;Бокс ТВ;;Х/ф;8-раундовый бой в первом легком весе. До 59 кг;[16+]
221300;221325;Бокс ТВ;;Х/ф;Один на один;[16+]
221325;221400;Бокс ТВ;;Х/ф;8-раундовый бой в первом легком весе. До 59 кг;[16+]
221400;221440;Бокс ТВ;;Х/ф;Мешки ворочать;[16+]
221440;221500;Бокс ТВ;;Х/ф;6-раундовый бой в легком весе. До 61,2 кг;[16+]
221500;221520;Бокс ТВ;;Х/ф;На ринге;[16+]
221520;221600;Бокс ТВ;;Х/ф;6-раундовый бой в среднем весе. До 72,6 кг;[16+]
221600;221800;Бокс ТВ;;Х/ф;Octagon 69;[16+]
221800;222300;Бокс ТВ;;Х/ф;Шоу "Дерись и побеждай" (профессиональный бокс), турнир "Шамо Боксинг Промоушнс";[16+]
222300;222325;Бокс ТВ;;Х/ф;Один на один;[16+]
222325;230000;Бокс ТВ;;Х/ф;10-раундовый бой в первом легком весе. До 59 кг;[16+]
220020;220105;Amedia Hit;78;Х/ф;Босх;[16+]
220105;220145;Amedia Hit;78;Х/ф;Босх;[16+]
220145;220225;Amedia Hit;78;Х/ф;Босх;[16+]
220225;220310;Amedia Hit;78;Х/ф;Грабь награбленное;[16+]
220310;220350;Amedia Hit;78;Х/ф;Грабь награбленное;[16+]
220350;220440;Amedia Hit;78;Х/ф;Дерзость;[16+]
220440;220540;Amedia Hit;78;Х/ф;Дерзость;[16+]
220540;220620;Amedia Hit;78;Х/ф;Сен-Пьер;[16+]
220620;220715;Amedia Hit;78;Х/ф;Сен-Пьер;[16+]
220715;220800;Amedia Hit;78;Х/ф;Шершни;[16+]
220800;220850;Amedia Hit;78;Х/ф;Шершни;[16+]
220850;220940;Amedia Hit;78;Х/ф;Шершни;[16+]
220940;221035;Amedia Hit;78;Х/ф;Шершни;[16+]
221035;221120;Amedia Hit;78;Х/ф;Шершни;[16+]
221120;221130;Amedia Hit;78;Х/ф;"Альманах "Жизнь как чудо";[16+]
221130;221215;Amedia Hit;78;Х/ф;Ложь, обман и предательство;[16+]
221215;221300;Amedia Hit;78;Х/ф;Ложь, обман и предательство;[16+]
221300;221340;Amedia Hit;78;Х/ф;Остановись и гори;[16+]
221340;221420;Amedia Hit;78;Х/ф;Остановись и гори;[16+]
221420;221505;Amedia Hit;78;Х/ф;Остановись и гори;[16+]
221505;221545;Amedia Hit;78;Х/ф;Остановись и гори;[16+]
221545;221625;Amedia Hit;78;Х/ф;Остановись и гори;[16+]
221625;221710;Amedia Hit;78;Х/ф;Шершни;[16+]
221710;221800;Amedia Hit;78;Х/ф;Шершни;[16+]
221800;221850;Amedia Hit;78;Х/ф;Шершни;[16+]
221850;221945;Amedia Hit;78;Х/ф;Шершни;[16+]
221945;222030;Amedia Hit;78;Х/ф;Шершни;[16+]
222030;222115;Amedia Hit;78;Х/ф;Заклятые подруги;[16+]
222115;222200;Amedia Hit;78;Х/ф;Заклятые подруги;[16+]
222200;222240;Amedia Hit;78;Х/ф;Заклятые подруги;[16+]
222240;222325;Amedia Hit;78;Х/ф;Ложь, обман и предательство;[16+]
222325;230010;Amedia Hit;78;Х/ф;Ложь, обман и предательство;[16+]
220015;220045;Живая планета;;Х/ф;Тайные механизмы природы;[12+]
220045;220110;Живая планета;;Х/ф;Звериный репортёр;[12+]
220110;220140;Живая планета;;Х/ф;Звериный репортёр;[12+]
220140;220205;Живая планета;;Х/ф;Дикие работники;[12+]
220205;220235;Живая планета;;Х/ф;Дикие работники;[12+]
220235;220325;Живая планета;;Х/ф;Светлячки: звёзды Земли;[12+]
220325;220410;Живая планета;;Х/ф;Чтоб я так жил!;[12+]
220410;220435;Живая планета;;Х/ф;Тайные механизмы природы;[12+]
220435;220505;Живая планета;;Х/ф;Тайные механизмы природы;[12+]
220505;220530;Живая планета;;Х/ф;Звериный репортёр;[12+]
220530;220600;Живая планета;;Х/ф;Звериный репортёр;[12+]
220600;220625;Живая планета;;Х/ф;Звериный репортёр;[12+]
220625;220655;Живая планета;;Х/ф;Звериный репортёр;[12+]
220655;220725;Живая планета;;Х/ф;Звериный репортёр;[12+]
220725;220755;Живая планета;;Х/ф;Звериный репортёр;[12+]
220755;220820;Живая планета;;Х/ф;Звериный репортёр;[12+]
220820;220850;Живая планета;;Х/ф;Звериный репортёр;[12+]
220850;220920;Живая планета;;Х/ф;Звериный репортёр;[12+]
220920;220950;Живая планета;;Х/ф;Звериный репортёр;[12+]
220950;221020;Живая планета;;Х/ф;Звериный репортёр;[12+]
221020;221050;Живая планета;;Х/ф;Звериный репортёр;[12+]
221050;221120;Живая планета;;Х/ф;Большой скачок;[12+]
221120;221145;Живая планета;;Х/ф;Большой скачок;[12+]
221145;221240;Живая планета;;Х/ф;Водно-болотные угодья. Эфемерные убежища;[12+]
221240;221335;Живая планета;;Х/ф;Водно-болотные угодья. Эфемерные убежища;[12+]
221335;221425;Живая планета;;Х/ф;Количество имеет значение;[12+]
221425;221520;Живая планета;;Х/ф;Трудности перевода;[12+]
221520;221550;Живая планета;;Х/ф;Звериный репортёр;[12+]
221550;221615;Живая планета;;Х/ф;Звериный репортёр;[12+]
221615;221645;Живая планета;;Х/ф;Звериный репортёр;[12+]
221645;221715;Живая планета;;Х/ф;Звериный репортёр;[12+]
221715;221745;Живая планета;;Х/ф;Звериный репортёр;[12+]
221745;221815;Живая планета;;Х/ф;Звериный репортёр;[12+]
221815;221845;Живая планета;;Х/ф;Звериный репортёр;[12+]
221845;221915;Живая планета;;Х/ф;Звериный репортёр;[12+]
221915;222000;Живая планета;;Х/ф;Россия вне зоны доступа;[12+]
222000;222030;Живая планета;;Х/ф;Звериный репортёр;[12+]
222030;222100;Живая планета;;Х/ф;Звериный репортёр;[12+]
222100;222125;Живая планета;;Х/ф;Звериный репортёр;[12+]
222125;222215;Живая планета;;Х/ф;Заповедные миры;[12+]
222215;222310;Живая планета;;Х/ф;Водно-болотные угодья. Эфемерные убежища;[12+]
222310;230000;Живая планета;;Х/ф;Водно-болотные угодья. Эфемерные убежища;[12+]
220000;220140;Дом Кино Премиум;75;Х/ф;Красотка в ударе;[16+]
220140;220310;Дом Кино Премиум;75;Х/ф;Любовники;[16+]
220310;220435;Дом Кино Премиум;75;Х/ф;Грецкий орешек;[16+]
220435;220600;Дом Кино Премиум;75;Х/ф;Лёгок на помине;[16+]
220600;220720;Дом Кино Премиум;75;Х/ф;Опасные каникулы;[16+]
220720;220845;Дом Кино Премиум;75;Х/ф;Дорогой папа;[16+]
220845;221045;Дом Кино Премиум;75;Х/ф;Молодой человек;[16+]
221045;221215;Дом Кино Премиум;75;Х/ф;Напарник;[16+]
221215;221400;Дом Кино Премиум;75;Х/ф;Миллиард;[16+]
221400;222255;Дом Кино Премиум;75;Х/ф;Возмездие;[16+]
222255;230045;Дом Кино Премиум;75;Х/ф;ПираМММида;[16+]
220100;220140;Amedia Premium;77;Х/ф;Арсенал на продажу;[16+]
220140;220225;Amedia Premium;77;Х/ф;Арсенал на продажу;[16+]
220225;220335;Amedia Premium;77;Х/ф;З/Л/О/85;[16+]
220335;220430;Amedia Premium;77;Х/ф;Штисель;[16+]
220430;220550;Amedia Premium;77;Х/ф;Молодой Морс;[16+]
220550;220600;Amedia Premium;77;Х/ф;Лучшие итальянские короткометражки-4: Истории нашей жизни;[16+]
220600;220645;Amedia Premium;77;Х/ф;Террор: Дьявол в серебре;[16+]
220645;220725;Amedia Premium;77;Х/ф;Террор: Дьявол в серебре;[16+]
220725;220810;Amedia Premium;77;Х/ф;Террор: Дьявол в серебре;[16+]
220810;221020;Amedia Premium;77;Х/ф;Переговорщик;[16+]
221020;221105;Amedia Premium;77;Х/ф;Родственные души;[16+]
221105;221145;Amedia Premium;77;Х/ф;Родственные души;[16+]
221145;221225;Amedia Premium;77;Х/ф;По дороге с Норманом Ридусом;[16+]
221225;221310;Amedia Premium;77;Х/ф;По дороге с Норманом Ридусом;[16+]
221310;221355;Amedia Premium;77;Х/ф;Звёздный путь: Странные новые миры;[16+]
221355;221435;Amedia Premium;77;Х/ф;Место преступления: Канны;[16+]
221435;221520;Amedia Premium;77;Х/ф;Место преступления: Канны;[16+]
221520;221610;Amedia Premium;77;Х/ф;Место преступления: Канны;[16+]
221610;221655;Amedia Premium;77;Х/ф;Террор: Дьявол в серебре;[16+]
221655;221735;Amedia Premium;77;Х/ф;Террор: Дьявол в серебре;[16+]
221735;221820;Amedia Premium;77;Х/ф;Террор: Дьявол в серебре;[16+]
221820;222015;Amedia Premium;77;Х/ф;Время убивать;[16+]
222015;222100;Amedia Premium;77;Х/ф;Пока смерть не разлучит нас;[16+]
222100;222145;Amedia Premium;77;Х/ф;Вестис;[16+]
222145;222230;Amedia Premium;77;Х/ф;Родственные души;[16+]
222230;222310;Amedia Premium;77;Х/ф;Родственные души;[16+]
222310;222345;Amedia Premium;77;Х/ф;Родственные души;[16+]
222345;230025;Amedia Premium;77;Х/ф;По дороге с Норманом Ридусом;[16+]
220000;220005;Детский мир;;Х/ф;Команда МАТЧ;[0+]
220005;220015;Детский мир;;Х/ф;Команда МАТЧ;[0+]
220015;220020;Детский мир;;Х/ф;Команда МАТЧ;[0+]
220020;220030;Детский мир;;Х/ф;Цветняшки;[0+]
220030;220035;Детский мир;;Х/ф;Цветняшки;[0+]
220035;220040;Детский мир;;Х/ф;Цветняшки;[0+]
220040;220105;Детский мир;;Х/ф;Тоботы. Детективы Галактики;[6+]
220105;220125;Детский мир;;Х/ф;Тоботы. Детективы Галактики;[6+]
220125;220150;Детский мир;;Х/ф;Тоботы. Детективы Галактики;[6+]
220150;220155;Детский мир;;Х/ф;Ум и Хрум;[0+]
220155;220200;Детский мир;;Х/ф;Корги по имени Моко. Домашние животные;[6+]
220200;220205;Детский мир;;Х/ф;Корги по имени Моко. Домашние животные;[6+]
220205;220210;Детский мир;;Х/ф;Корги по имени Моко. Домашние животные;[6+]
220210;220215;Детский мир;;Х/ф;Корги по имени Моко. Домашние животные;[6+]
220215;220225;Детский мир;;Х/ф;Корги по имени Моко. Домашние животные;[6+]
220225;220230;Детский мир;;Х/ф;Край Бебис Мэджик Тирс;[0+]
220230;220235;Детский мир;;Х/ф;Край Бебис Мэджик Тирс;[0+]
220235;220245;Детский мир;;Х/ф;Край Бебис Мэджик Тирс;[0+]
220245;220255;Детский мир;;Х/ф;Патруль Дино;[0+]
220255;220310;Детский мир;;Х/ф;Патруль Дино;[0+]
220310;220330;Детский мир;;Х/ф;Патруль Дино;[0+]
220330;220340;Детский мир;;Х/ф;Тоботы. Детективы Галактики;[6+]
220340;220350;Детский мир;;Х/ф;Тоботы. Детективы Галактики;[6+]
220350;220405;Детский мир;;Х/ф;Тоботы. Детективы Галактики;[6+]
220405;220415;Детский мир;;Х/ф;Патруль Дино;[6+]
220415;220430;Детский мир;;Х/ф;Патруль Дино;[6+]
220430;220440;Детский мир;;Х/ф;Патруль Дино;[6+]
220440;220455;Детский мир;;Х/ф;Тобот. Герои Дэйдо;[6+]
220455;220505;Детский мир;;Х/ф;Шушумагия;[0+]
220505;220515;Детский мир;;Х/ф;Команда Флоры;[6+]
220515;220530;Детский мир;;Х/ф;Команда Флоры;[6+]
220530;220545;Детский мир;;Х/ф;Карбот;[6+]
220545;220600;Детский мир;;Х/ф;Карбот;[6+]
220600;220610;Детский мир;;Х/ф;Супер Крылья. Суперкоманда и мир динозавров;[6+]
220610;220625;Детский мир;;Х/ф;Супер Крылья. Суперкоманда и мир динозавров;[6+]
220625;220635;Детский мир;;Х/ф;Супер Крылья. Суперкоманда и мир динозавров;[6+]
220635;220650;Детский мир;;Х/ф;Супер Крылья. Суперкоманда и мир динозавров;[6+]
220650;220700;Детский мир;;Х/ф;Супер Крылья. Суперкоманда и мир динозавров;[6+]
220700;220710;Детский мир;;Х/ф;Супер Крылья. Суперкоманда и мир динозавров;[6+]
220710;220725;Детский мир;;Х/ф;Супер Крылья. Суперкоманда и мир динозавров;[6+]
220725;220735;Детский мир;;Х/ф;Супер Крылья. Суперкоманда и мир динозавров;[6+]
220735;220750;Детский мир;;Х/ф;Супер Крылья. Суперкоманда и мир динозавров;[6+]
220750;220800;Детский мир;;Х/ф;Супер Крылья. Суперкоманда и мир динозавров;[6+]
220800;220810;Детский мир;;Х/ф;Супер Крылья. Суперкоманда и мир динозавров;[6+]
220810;220825;Детский мир;;Х/ф;Супер Крылья. Суперкоманда и мир динозавров;[6+]
220825;220835;Детский мир;;Х/ф;Супер Крылья. Суперкоманда и мир динозавров;[6+]
220835;220845;Детский мир;;Х/ф;Супер Крылья. Суперкоманда и мир динозавров;[6+]
220845;220900;Детский мир;;Х/ф;Супер Крылья. Суперкоманда и мир динозавров;[6+]
220900;220910;Детский мир;;Х/ф;Супер Крылья. Суперкоманда и мир динозавров;[6+]
220910;220925;Детский мир;;Х/ф;Супер Крылья. Суперкоманда и мир динозавров;[6+]
220925;220935;Детский мир;;Х/ф;Супер Крылья. Суперкоманда и мир динозавров;[6+]
220935;220945;Детский мир;;Х/ф;Супер Крылья. Суперкоманда и мир динозавров;[6+]
220945;221010;Детский мир;;Х/ф;Супер Крылья. Суперкоманда и мир динозавров;[6+]
221010;221030;Детский мир;;Х/ф;Пчелография;[6+]
221030;221035;Детский мир;;Х/ф;Пчелография;[6+]
221035;221040;Детский мир;;Х/ф;Пчелография;[6+]
221040;221045;Детский мир;;Х/ф;Пчелография;[6+]
221045;221050;Детский мир;;Х/ф;Пчелография;[6+]
221050;221055;Детский мир;;Х/ф;Пчелография;[6+]
221055;221105;Детский мир;;Х/ф;Пчелография;[6+]
221105;221110;Детский мир;;Х/ф;Пчелография;[6+]
221110;221120;Детский мир;;Х/ф;Пчелография;[6+]
221120;221125;Детский мир;;Х/ф;Пчелография;[6+]
221125;221140;Детский мир;;Х/ф;Пчелография;[6+]
221140;221150;Детский мир;;Х/ф;Патруль Дино;[6+]
221150;221205;Детский мир;;Х/ф;Патруль Дино;[6+]
221205;221215;Детский мир;;Х/ф;Патруль Дино;[6+]
221215;221225;Детский мир;;Х/ф;Патруль Дино;[6+]
221225;221240;Детский мир;;Х/ф;Патруль Дино;[6+]
221240;221250;Детский мир;;Х/ф;Патруль Дино;[6+]
221250;221300;Детский мир;;Х/ф;Патруль Дино;[6+]
221300;221310;Детский мир;;Х/ф;Патруль Дино;[6+]
221310;221325;Детский мир;;Х/ф;Патруль Дино;[6+]
221325;221335;Детский мир;;Х/ф;Патруль Дино;[6+]
221335;221345;Детский мир;;Х/ф;Патруль Дино;[6+]
221345;221400;Детский мир;;Х/ф;Патруль Дино;[6+]
221400;221410;Детский мир;;Х/ф;Супер Крылья. Суперкоманда и мир динозавров;[6+]
221410;221425;Детский мир;;Х/ф;Супер Крылья. Суперкоманда и мир динозавров;[6+]
221425;221435;Детский мир;;Х/ф;Супер Крылья. Суперкоманда и мир динозавров;[6+]
221435;221450;Детский мир;;Х/ф;Супер Крылья. Суперкоманда и мир динозавров;[6+]
221450;221500;Детский мир;;Х/ф;Супер Крылья. Суперкоманда и мир динозавров;[6+]
221500;221510;Детский мир;;Х/ф;Супер Крылья. Суперкоманда и мир динозавров;[6+]
221510;221525;Детский мир;;Х/ф;Супер Крылья. Суперкоманда и мир динозавров;[6+]
221525;221535;Детский мир;;Х/ф;Супер Крылья. Суперкоманда и мир динозавров;[6+]
221535;221550;Детский мир;;Х/ф;Супер Крылья. Суперкоманда и мир динозавров;[6+]
221550;221600;Детский мир;;Х/ф;Супер Крылья. Суперкоманда и мир динозавров;[6+]
221600;221610;Детский мир;;Х/ф;Супер Крылья. Суперкоманда и мир динозавров;[6+]
221610;221625;Детский мир;;Х/ф;Супер Крылья. Суперкоманда и мир динозавров;[6+]
221625;221635;Детский мир;;Х/ф;Супер Крылья. Суперкоманда и мир динозавров;[6+]
221635;221645;Детский мир;;Х/ф;Супер Крылья. Суперкоманда и мир динозавров;[6+]
221645;221700;Детский мир;;Х/ф;Супер Крылья. Суперкоманда и мир динозавров;[6+]
221700;221710;Детский мир;;Х/ф;Супер Крылья. Суперкоманда и мир динозавров;[6+]
221710;221725;Детский мир;;Х/ф;Супер Крылья. Суперкоманда и мир динозавров;[6+]
221725;221735;Детский мир;;Х/ф;Супер Крылья. Суперкоманда и мир динозавров;[6+]
221735;221745;Детский мир;;Х/ф;Супер Крылья. Суперкоманда и мир динозавров;[6+]
221745;221810;Детский мир;;Х/ф;Супер Крылья. Суперкоманда и мир динозавров;[6+]
221810;221830;Детский мир;;Х/ф;Пчелография;[6+]
221830;221835;Детский мир;;Х/ф;Пчелография;[6+]
221835;221840;Детский мир;;Х/ф;Пчелография;[6+]
221840;221845;Детский мир;;Х/ф;Пчелография;[6+]
221845;221850;Детский мир;;Х/ф;Пчелография;[6+]
221850;221855;Детский мир;;Х/ф;Пчелография;[6+]
221855;221905;Детский мир;;Х/ф;Пчелография;[6+]
221905;221910;Детский мир;;Х/ф;Пчелография;[6+]
221910;221920;Детский мир;;Х/ф;Пчелография;[6+]
221920;221925;Детский мир;;Х/ф;Пчелография;[6+]
221925;221940;Детский мир;;Х/ф;Пчелография;[6+]
221940;221950;Детский мир;;Х/ф;Патруль Дино;[6+]
221950;222005;Детский мир;;Х/ф;Патруль Дино;[6+]
222005;222015;Детский мир;;Х/ф;Патруль Дино;[6+]
222015;222025;Детский мир;;Х/ф;Патруль Дино;[6+]
222025;222040;Детский мир;;Х/ф;Патруль Дино;[6+]
222040;222050;Детский мир;;Х/ф;Патруль Дино;[6+]
222050;222100;Детский мир;;Х/ф;Патруль Дино;[6+]
222100;222110;Детский мир;;Х/ф;Патруль Дино;[6+]
222110;222125;Детский мир;;Х/ф;Патруль Дино;[6+]
222125;222135;Детский мир;;Х/ф;Патруль Дино;[6+]
222135;222145;Детский мир;;Х/ф;Патруль Дино;[6+]
222145;222200;Детский мир;;Х/ф;Патруль Дино;[6+]
222200;222210;Детский мир;;Х/ф;Супер Крылья. Суперкоманда и мир динозавров;[6+]
222210;222225;Детский мир;;Х/ф;Супер Крылья. Суперкоманда и мир динозавров;[6+]
222225;222235;Детский мир;;Х/ф;Супер Крылья. Суперкоманда и мир динозавров;[6+]
222235;222250;Детский мир;;Х/ф;Супер Крылья. Суперкоманда и мир динозавров;[6+]
222250;222300;Детский мир;;Х/ф;Супер Крылья. Суперкоманда и мир динозавров;[6+]
222300;222310;Детский мир;;Х/ф;Супер Крылья. Суперкоманда и мир динозавров;[6+]
222310;222325;Детский мир;;Х/ф;Супер Крылья. Суперкоманда и мир динозавров;[6+]
222325;222335;Детский мир;;Х/ф;Супер Крылья. Суперкоманда и мир динозавров;[6+]
222335;222350;Детский мир;;Х/ф;Супер Крылья. Суперкоманда и мир динозавров;[6+]
222350;230000;Детский мир;;Х/ф;Супер Крылья. Суперкоманда и мир динозавров;[6+]
220130;220200;Красная линия;137;Х/ф;Специальный репортаж;[12+]
220200;220215;Красная линия;137;Х/ф;Темы дня;[]
220215;220352;Красная линия;137;Х/ф;Даурия;[12+]
220352;220530;Красная линия;137;Х/ф;Даурия;[12+]
220530;220630;Красная линия;137;Х/ф;Точка зрения;[16+]
220630;220645;Красная линия;137;Х/ф;Специальный репортаж;[12+]
220645;220705;Красная линия;137;Х/ф;Специальный репортаж;[12+]
220705;220900;Красная линия;137;Х/ф;Александр Невский;[12+]
220900;220930;Красная линия;137;Х/ф;Дюймовочка;[6+]
220930;220950;Красная линия;137;Х/ф;Оранжевое горлышко;[6+]
220950;221000;Красная линия;137;Х/ф;Петушок - золотой гребешок;[6+]
221000;221015;Красная линия;137;Х/ф;Темы дня;[]
221015;221115;Красная линия;137;Х/ф;Точка зрения;[16+]
221115;221145;Красная линия;137;Х/ф;Хук слева;[16+]
221145;221330;Красная линия;137;Х/ф;Два капитана;[12+]
221330;221510;Красная линия;137;Х/ф;Даурия;[12+]
221510;221650;Красная линия;137;Х/ф;Даурия;[12+]
221650;221750;Красная линия;137;Х/ф;Точка зрения;[16+]
221750;221820;Красная линия;137;Х/ф;Хук слева;[16+]
221820;221945;Красная линия;137;Х/ф;Годен к нестроевой;[12+]
221945;222122;Красная линия;137;Х/ф;Следствие ведут ЗнаТоКи;[12+]
222122;222300;Красная линия;137;Х/ф;Следствие ведут ЗнаТоКи;[12+]
222300;222355;Красная линия;137;Х/ф;Точка зрения;[16+]
222355;230140;Красная линия;137;Х/ф;Два капитана;[12+]
220405;220620;Бобер;;Х/ф;Бюро идей;[16+]
220620;220645;Бобер;;Х/ф;Ура Бобру!;[16+]
220645;220715;Бобер;;Х/ф;Дачные феи. Кулинарные истории;[16+]
220715;220825;Бобер;;Х/ф;Дачные феи;[16+]
220825;220900;Бобер;;Х/ф;Мы - дома!;[16+]
220900;221005;Бобер;;Х/ф;Строим дом. Новые приключения!;[16+]
221005;221035;Бобер;;Х/ф;Малый бизнес: Знаем! Умеем! Практикуем!;[16+]
221035;221200;Бобер;;Х/ф;Фазенда;[6+]
221200;221400;Бобер;;Х/ф;Бобёр.Клуб;[16+]
221400;221430;Бобер;;Х/ф;Фазенда;[6+]
221430;221505;Бобер;;Х/ф;Премьера. Бобёр.Клуб. Видеодневник;[16+]
221505;221720;Бобер;;Х/ф;Ура Бобру!;[16+]
221720;221820;Бобер;;Х/ф;Премьера. День перемен;[16+]
221820;221850;Бобер;;Х/ф;Премьера. Цветок и нож;[16+]
221850;222100;Бобер;;Х/ф;День перемен;[16+]
222100;222135;Бобер;;Х/ф;Премьера. Бобёр.Клуб. Видеодневник;[16+]
222135;222210;Бобер;;Х/ф;Премьера. Строим дом: квартира холостяка;[16+]
222210;222305;Бобер;;Х/ф;Проще простого!;[16+]
222305;230125;Бобер;;Х/ф;Фазенда;[6+]
220140;220410;Мужское кино;42;Х/ф;Неудержимые;[16+]
220410;220555;Мужское кино;42;Х/ф;Неудержимые-2;[16+]
220555;220810;Мужское кино;42;Х/ф;Неудержимые-3;[16+]
220810;221000;Мужское кино;42;Х/ф;Неудержимые-4;[18+]
221000;221130;Мужское кино;42;Х/ф;Игры возмездия;[18+]
221130;221325;Мужское кино;42;Х/ф;Заступник;[16+]
221325;221420;Мужское кино;42;Х/ф;Ментовские войны-6;[16+]
221420;221515;Мужское кино;42;Х/ф;Ментовские войны-6;[16+]
221515;221610;Мужское кино;42;Х/ф;Ментовские войны-6;[16+]
221610;221700;Мужское кино;42;Х/ф;Ментовские войны-6;[16+]
221700;221755;Мужское кино;42;Х/ф;Ментовские войны-6;[16+]
221755;222000;Мужское кино;42;Х/ф;Паркер;[18+]
222000;222150;Мужское кино;42;Х/ф;Кровавая месть;[18+]
222150;222350;Мужское кино;42;Х/ф;Кодекс киллера;[18+]
222350;230125;Мужское кино;42;Х/ф;Сорвать банк;[16+]
220000;220100;Матч!;3;Х/ф;Евротур;[12+]
220100;220500;Матч!;3;Х/ф;Бокс. Bare Knuckle FC. Прямая трансляция из США;[]
220500;220600;Матч!;3;Х/ф;Смешанные единоборства. One FC. Трансляция из Таиланда;[16+]
220600;220700;Матч!;3;Х/ф;Смешанные единоборства. One FC. Трансляция из Таиланда;[16+]
220700;220705;Матч!;3;Х/ф;Новости;[]
220705;220900;Матч!;3;Х/ф;Все на Матч!;[]
220900;220905;Матч!;3;Х/ф;Новости;[]
220905;220925;Матч!;3;Х/ф;Команда МАТЧ;[0+]
220925;221130;Матч!;3;Х/ф;Леннокс Льюис. Нерассказанная история;[12+]
221130;221220;Матч!;3;Х/ф;Все на Матч!;[]
221220;221225;Матч!;3;Х/ф;Новости;[]
221225;221430;Матч!;3;Х/ф;Футбол. Лига Pari. Прямая трансляция;[]
221430;221455;Матч!;3;Х/ф;Все на Матч!;[]
221455;221700;Матч!;3;Х/ф;Футбол. Кубок России. Женщины. 1/2 финала. Прямая трансляция;[]
221700;221950;Матч!;3;Х/ф;Спортивная гимнастика. Чемпионат Европы. Мужчины. Прямая трансляция из Хорватии;[]
221950;222220;Матч!;3;Х/ф;Футбол. Альфа-Банк Кубок сильнейших. Российская Премьер-Лига. Прямая трансляция;[]
222220;230030;Матч!;3;Х/ф;Футбол. Чемпионат Испании. Прямая трансляция;[]
220100;220215;Мир;;Х/ф;Наше кино. История большой любви;[16+]
220215;220345;Мир;;Х/ф;Цирк;[16+]
220345;220500;Мир;;Х/ф;Свинарка и пастух;[16+]
220500;220510;Мир;;Х/ф;Свинарка и пастух;[16+]
220510;220655;Мир;;Х/ф;Мультфильмы;[12+]
220655;220810;Мир;;Х/ф;Дамы приглашают кавалеров;[16+]
220810;220850;Мир;;Х/ф;Игра в кино;[16+]
220850;221000;Мир;;Х/ф;Старик Хоттабыч;[16+]
221000;221010;Мир;;Х/ф;Вместе каждый день;[]
221010;221020;Мир;;Х/ф;Предварительный диагноз;[16+]
221020;221055;Мир;;Х/ф;Старик Хоттабыч;[16+]
221055;221300;Мир;;Х/ф;Желтый глаз тигра;[16+]
221300;221315;Мир;;Х/ф;Вместе каждый день;[]
221315;221800;Мир;;Х/ф;Желтый глаз тигра;[16+]
221800;221815;Мир;;Х/ф;Вместе каждый день;[]
221815;230305;Мир;;Х/ф;Желтый глаз тигра;[16+]
220245;220530;МАТЧ! АРЕНА HD;;Х/ф;Спортивная гимнастика. Чемпионат Европы. Мужчины. Отдельные виды. Трансляция из Хорватии;[6+]
220530;220600;МАТЧ! АРЕНА HD;;Х/ф;Непобедимый;[12+]
220600;220840;МАТЧ! АРЕНА HD;;Х/ф;II Всероссийская спартакиада. Художественная гимнастика. Многоборье. Группы. Квалификация. Трансляция из Екатеринбурга;[6+]
220840;221130;МАТЧ! АРЕНА HD;;Х/ф;Спортивная гимнастика. Чемпионат Европы. Мужчины. Отдельные виды. Трансляция из Хорватии;[6+]
221130;221345;МАТЧ! АРЕНА HD;;Х/ф;Легкая атлетика. Бриллиантовая лига. Трансляция из Швейцарии;[6+]
221345;221420;МАТЧ! АРЕНА HD;;Х/ф;Физруки. Будущее за настоящим;[6+]
221420;221700;МАТЧ! АРЕНА HD;;Х/ф;II Всероссийская спартакиада. Художественная гимнастика. Многоборье. Квалификация. Трансляция из Екатеринбурга;[6+]
221700;222000;МАТЧ! АРЕНА HD;;Х/ф;Спортивная гимнастика. Чемпионат Европы. Мужчины. Отдельные виды. Прямая трансляция из Хорватии;[]
222000;222025;МАТЧ! АРЕНА HD;;Х/ф;Непобедимый;[12+]
222025;230025;МАТЧ! АРЕНА HD;;Х/ф;II Всероссийская спартакиада. Лёгкая атлетика. Трансляция из Челябинска;[6+]
220125;220235;МАТЧ! ИГРА HD;;Х/ф;Пляжный футбол. Московский международный кубок;[6+]
220235;220420;МАТЧ! ИГРА HD;;Х/ф;Баскетбол. Единая лига ВТБ;[6+]
220420;220600;МАТЧ! ИГРА HD;;Х/ф;Футзал. БЕТСИТИ. Суперлига;[6+]
220600;220755;МАТЧ! ИГРА HD;;Х/ф;Волейбол. Чемпионат Европы. Женщины. Трансляция из Турции;[6+]
220755;221140;МАТЧ! ИГРА HD;;Х/ф;II Всероссийская спартакиада. Лёгкая атлетика. Прямая трансляция из Челябинска;[]
221140;221215;МАТЧ! ИГРА HD;;Х/ф;Физруки. Будущее за настоящим;[6+]
221215;221255;МАТЧ! ИГРА HD;;Х/ф;Зенит навсегда;[16+]
221255;221320;МАТЧ! ИГРА HD;;Х/ф;Непобедимый;[12+]
221320;221355;МАТЧ! ИГРА HD;;Х/ф;Чемпионы на все времена;[12+]
221355;221630;МАТЧ! ИГРА HD;;Х/ф;II Всероссийская спартакиада. Лёгкая атлетика. Прямая трансляция из Челябинска;[]
221630;221815;МАТЧ! ИГРА HD;;Х/ф;Футзал. БЕТСИТИ. Суперлига;[6+]
221815;221855;МАТЧ! ИГРА HD;;Х/ф;Физруки. Будущее за настоящим;[6+]
221855;222055;МАТЧ! ИГРА HD;;Х/ф;Волейбол. Чемпионат Европы. Женщины. Прямая трансляция из Турции;[]
222055;222300;МАТЧ! ИГРА HD;;Х/ф;Волейбол. Международный турнир. Мужчины. Трансляция из Уфы;[6+]
222300;222330;МАТЧ! ИГРА HD;;Х/ф;Непобедимый;[12+]
222330;230045;МАТЧ! ИГРА HD;;Х/ф;Пляжный футбол. Московский международный кубок;[6+]
220125;220200;Звезда;17;Х/ф;Рысь возвращается;[12+]
220200;220215;Звезда;17;Х/ф;Новости дня;[16+]
220215;220310;Звезда;17;Х/ф;Рысь возвращается;[12+]
220310;220455;Звезда;17;Х/ф;Над Тиссой;[12+]
220455;220600;Звезда;17;Х/ф;Приказа умирать не было;[16+]
220600;220620;Звезда;17;Х/ф;Новости дня;[16+]
220620;221200;Звезда;17;Х/ф;Приказа умирать не было;[16+]
221200;221220;Звезда;17;Х/ф;Новости дня;[16+]
221220;221430;Звезда;17;Х/ф;Приказа умирать не было;[16+]
221430;221655;Звезда;17;Х/ф;Высота 89;[16+]
221655;221940;Звезда;17;Х/ф;Приключения Шерлока Холмса и доктора Ватсона;[12+]
221940;222050;Звезда;17;Х/ф;Рысь возвращается;[12+]
222050;222225;Звезда;17;Х/ф;Школьный вальс;[16+]
222225;222250;Звезда;17;Х/ф;Перелом. Хроника Победы;[16+]
222250;230015;Звезда;17;Х/ф;Свидетельство о бедности;[12+]
220005;220010;В гостях у сказки;;Х/ф;Куда идёт слонёнок?;[0+]
220010;220020;В гостях у сказки;;Х/ф;А вдруг получится!..;[0+]
220020;220030;В гостях у сказки;;Х/ф;Привет Мартышке;[0+]
220030;220040;В гостях у сказки;;Х/ф;Зарядка для хвоста;[0+]
220040;220050;В гостях у сказки;;Х/ф;Завтра будет завтра;[0+]
220050;220100;В гостях у сказки;;Х/ф;Великое закрытие;[0+]
220100;220125;В гостях у сказки;;Х/ф;В яранге горит огонь;[6+]
220125;220130;В гостях у сказки;;Х/ф;Бодо Бородо;[0+]
220130;220135;В гостях у сказки;;Х/ф;Бодо Бородо;[0+]
220135;220140;В гостях у сказки;;Х/ф;Бодо Бородо;[0+]
220140;220145;В гостях у сказки;;Х/ф;Бодо Бородо;[0+]
220145;220150;В гостях у сказки;;Х/ф;Бодо Бородо;[0+]
220150;220155;В гостях у сказки;;Х/ф;Бодо Бородо;[0+]
220155;220200;В гостях у сказки;;Х/ф;Бодо Бородо;[0+]
220200;220205;В гостях у сказки;;Х/ф;Бодо Бородо;[0+]
220205;220210;В гостях у сказки;;Х/ф;Бодо Бородо;[0+]
220210;220215;В гостях у сказки;;Х/ф;Бодо Бородо;[0+]
220215;220220;В гостях у сказки;;Х/ф;Бодо Бородо;[0+]
220220;220230;В гостях у сказки;;Х/ф;Бодо Бородо;[0+]
220230;220240;В гостях у сказки;;Х/ф;Бодо Бородо;[0+]
220240;220245;В гостях у сказки;;Х/ф;Смешарики;[0+]
220245;220250;В гостях у сказки;;Х/ф;Смешарики;[0+]
220250;220300;В гостях у сказки;;Х/ф;Смешарики;[0+]
220300;220305;В гостях у сказки;;Х/ф;Смешарики;[0+]
220305;220310;В гостях у сказки;;Х/ф;Смешарики;[0+]
220310;220320;В гостях у сказки;;Х/ф;Смешарики;[0+]
220320;220325;В гостях у сказки;;Х/ф;Смешарики;[0+]
220325;220330;В гостях у сказки;;Х/ф;Смешарики;[0+]
220330;220340;В гостях у сказки;;Х/ф;Смешарики;[0+]
220340;220345;В гостях у сказки;;Х/ф;Смешарики;[0+]
220345;220350;В гостях у сказки;;Х/ф;Смешарики;[0+]
220350;220355;В гостях у сказки;;Х/ф;Смешарики;[0+]
220355;220405;В гостях у сказки;;Х/ф;Смешарики;[0+]
220405;220410;В гостях у сказки;;Х/ф;Смешарики;[0+]
220410;220415;В гостях у сказки;;Х/ф;Смешарики;[0+]
220415;220425;В гостях у сказки;;Х/ф;Смешарики;[0+]
220425;220430;В гостях у сказки;;Х/ф;Ну, погоди! Каникулы;[6+]
220430;220440;В гостях у сказки;;Х/ф;Ну, погоди! Каникулы;[6+]
220440;220445;В гостях у сказки;;Х/ф;Ну, погоди! Каникулы;[6+]
220445;220455;В гостях у сказки;;Х/ф;Ну, погоди! Каникулы;[6+]
220455;220500;В гостях у сказки;;Х/ф;Простоквашино;[0+]
220500;220505;В гостях у сказки;;Х/ф;Простоквашино;[0+]
220505;220510;В гостях у сказки;;Х/ф;Простоквашино;[0+]
220510;220520;В гостях у сказки;;Х/ф;Простоквашино;[0+]
220520;220525;В гостях у сказки;;Х/ф;Простоквашино;[0+]
220525;220530;В гостях у сказки;;Х/ф;Простоквашино;[0+]
220530;220540;В гостях у сказки;;Х/ф;Простоквашино;[0+]
220540;220545;В гостях у сказки;;Х/ф;Простоквашино;[0+]
220545;220550;В гостях у сказки;;Х/ф;Простоквашино;[0+]
220550;220600;В гостях у сказки;;Х/ф;Простоквашино;[0+]
220600;220615;В гостях у сказки;;Х/ф;Смешарики. Пин-код;[6+]
220615;220630;В гостях у сказки;;Х/ф;Смешарики. Пин-код;[6+]
220630;220645;В гостях у сказки;;Х/ф;Смешарики. Пин-код;[6+]
220645;220700;В гостях у сказки;;Х/ф;Смешарики. Пин-код;[6+]
220700;220710;В гостях у сказки;;Х/ф;Смешарики. Пин-код;[6+]
220710;220730;В гостях у сказки;;Х/ф;Смешарики. Пин-код;[6+]
220730;220735;В гостях у сказки;;Х/ф;Птичка Тари;[0+]
220735;220800;В гостях у сказки;;Х/ф;Дед Мороз и лето;[0+]
220800;220815;В гостях у сказки;;Х/ф;Вовка в Тридевятом царстве;[0+]
220815;220830;В гостях у сказки;;Х/ф;Сказка про чужие краски;[0+]
220830;220840;В гостях у сказки;;Х/ф;Лиса Патрикеевна;[0+]
220840;220900;В гостях у сказки;;Х/ф;Две сказки;[0+]
220900;220905;В гостях у сказки;;Х/ф;Смешарики;[0+]
220905;220910;В гостях у сказки;;Х/ф;Смешарики;[0+]
220910;220920;В гостях у сказки;;Х/ф;Смешарики;[0+]
220920;220930;В гостях у сказки;;Х/ф;Смешарики;[0+]
220930;220935;В гостях у сказки;;Х/ф;Смешарики;[0+]
220935;220940;В гостях у сказки;;Х/ф;Смешарики;[0+]
220940;220945;В гостях у сказки;;Х/ф;Смешарики;[0+]
220945;220955;В гостях у сказки;;Х/ф;Смешарики;[0+]
220955;221005;В гостях у сказки;;Х/ф;Смешарики;[0+]
221005;221010;В гостях у сказки;;Х/ф;Смешарики;[0+]
221010;221015;В гостях у сказки;;Х/ф;Смешарики;[0+]
221015;221025;В гостях у сказки;;Х/ф;Смешарики;[0+]
221025;221030;В гостях у сказки;;Х/ф;Смешарики;[0+]
221030;221040;В гостях у сказки;;Х/ф;Смешарики;[0+]
221040;221045;В гостях у сказки;;Х/ф;Смешарики;[0+]
221045;221100;В гостях у сказки;;Х/ф;Смешарики;[0+]
221100;221110;В гостях у сказки;;Х/ф;Птичка Тари;[0+]
221110;221130;В гостях у сказки;;Х/ф;Дед Мороз и лето;[0+]
221130;221150;В гостях у сказки;;Х/ф;Вовка в Тридевятом царстве;[0+]
221150;221200;В гостях у сказки;;Х/ф;Сказка про чужие краски;[0+]
221200;221210;В гостях у сказки;;Х/ф;Лиса Патрикеевна;[0+]
221210;221230;В гостях у сказки;;Х/ф;Две сказки;[0+]
221230;221235;В гостях у сказки;;Х/ф;Топтыжка;[0+]
221235;221245;В гостях у сказки;;Х/ф;Грибок-теремок;[0+]
221245;221300;В гостях у сказки;;Х/ф;Сказка о глупом мышонке;[0+]
221300;221310;В гостях у сказки;;Х/ф;Три дровосека;[]
221310;221320;В гостях у сказки;;Х/ф;Заяц Коська и родничок;[0+]
221320;221330;В гостях у сказки;;Х/ф;Песенка мышонка;[0+]
221330;221340;В гостях у сказки;;Х/ф;Заячий хвостик;[0+]
221340;221350;В гостях у сказки;;Х/ф;Хитрая ворона;[0+]
221350;221410;В гостях у сказки;;Х/ф;Бобры идут по следу;[0+]
221410;221415;В гостях у сказки;;Х/ф;Бодо Бородо;[0+]
221415;221420;В гостях у сказки;;Х/ф;Бодо Бородо;[0+]
221420;221425;В гостях у сказки;;Х/ф;Бодо Бородо;[0+]
221425;221430;В гостях у сказки;;Х/ф;Бодо Бородо;[0+]
221430;221435;В гостях у сказки;;Х/ф;Бодо Бородо;[0+]
221435;221440;В гостях у сказки;;Х/ф;Бодо Бородо;[0+]
221440;221445;В гостях у сказки;;Х/ф;Бодо Бородо;[0+]
221445;221450;В гостях у сказки;;Х/ф;Бодо Бородо;[0+]
221450;221500;В гостях у сказки;;Х/ф;Бодо Бородо;[0+]
221500;221505;В гостях у сказки;;Х/ф;Простоквашино;[0+]
221505;221510;В гостях у сказки;;Х/ф;Простоквашино;[0+]
221510;221520;В гостях у сказки;;Х/ф;Простоквашино;[0+]
221520;221525;В гостях у сказки;;Х/ф;Простоквашино;[0+]
221525;221535;В гостях у сказки;;Х/ф;Простоквашино;[0+]
221535;221540;В гостях у сказки;;Х/ф;Простоквашино;[0+]
221540;221545;В гостях у сказки;;Х/ф;Простоквашино;[0+]
221545;221555;В гостях у сказки;;Х/ф;Простоквашино;[0+]
221555;221600;В гостях у сказки;;Х/ф;Простоквашино;[0+]
221600;221610;В гостях у сказки;;Х/ф;Простоквашино;[0+]
221610;221615;В гостях у сказки;;Х/ф;Простоквашино;[0+]
221615;221630;В гостях у сказки;;Х/ф;Простоквашино;[0+]
221630;221640;В гостях у сказки;;Х/ф;Смешарики. Пин-код;[6+]
221640;221700;В гостях у сказки;;Х/ф;Смешарики. Пин-код;[6+]
221700;221710;В гостях у сказки;;Х/ф;Смешарики. Пин-код;[6+]
221710;221725;В гостях у сказки;;Х/ф;Смешарики. Пин-код;[6+]
221725;221740;В гостях у сказки;;Х/ф;Смешарики. Пин-код;[6+]
221740;221800;В гостях у сказки;;Х/ф;Смешарики. Пин-код;[6+]
221800;221905;В гостях у сказки;;Х/ф;Приключения Буратино;[0+]
221905;221925;В гостях у сказки;;Х/ф;Гадкий утёнок;[0+]
221925;221935;В гостях у сказки;;Х/ф;Варежка;[0+]
221935;221945;В гостях у сказки;;Х/ф;Умка;[0+]
221945;221955;В гостях у сказки;;Х/ф;Умка ищет друга;[0+]
221955;222010;В гостях у сказки;;Х/ф;Ничуть не страшно;[0+]
222010;222015;В гостях у сказки;;Х/ф;Змей на чердаке;[0+]
222015;222040;В гостях у сказки;;Х/ф;Баранкин, будь человеком!;[0+]
222040;222100;В гостях у сказки;;Х/ф;Незнайка учится;[0+]
222100;222120;В гостях у сказки;;Х/ф;Винтик и Шпунтик - весёлые мастера;[0+]
222120;222130;В гостях у сказки;;Х/ф;Шапка-невидимка;[6+]
222130;222200;В гостях у сказки;;Х/ф;Фильм, фильм, фильм;[16+]
222200;222205;В гостях у сказки;;Х/ф;Смешарики;[0+]
222205;222210;В гостях у сказки;;Х/ф;Смешарики;[0+]
222210;222220;В гостях у сказки;;Х/ф;Смешарики;[0+]
222220;222230;В гостях у сказки;;Х/ф;Смешарики;[0+]
222230;222235;В гостях у сказки;;Х/ф;Смешарики;[0+]
222235;222240;В гостях у сказки;;Х/ф;Смешарики;[0+]
222240;222250;В гостях у сказки;;Х/ф;Смешарики;[0+]
222250;222255;В гостях у сказки;;Х/ф;Смешарики;[0+]
222255;222305;В гостях у сказки;;Х/ф;Смешарики;[0+]
222305;222310;В гостях у сказки;;Х/ф;Смешарики;[0+]
222310;222315;В гостях у сказки;;Х/ф;Смешарики;[0+]
222315;222325;В гостях у сказки;;Х/ф;Смешарики;[0+]
222325;222330;В гостях у сказки;;Х/ф;Смешарики;[0+]
222330;222340;В гостях у сказки;;Х/ф;Смешарики;[0+]
222340;222345;В гостях у сказки;;Х/ф;Смешарики;[0+]
222345;222355;В гостях у сказки;;Х/ф;Смешарики;[0+]
222355;230005;В гостях у сказки;;Х/ф;Птичка Тари;[0+]
220100;220300;О!;;Х/ф;Барбоскины;[0+]
220300;220305;О!;;Х/ф;Жужжалка;[0+]
220305;220500;О!;;Х/ф;Три кота;[0+]
220500;220600;О!;;Х/ф;Совёнок ХопХоп;[0+]
220600;220900;О!;;Х/ф;Три кота;[0+]
220900;220905;О!;;Х/ф;Премьера. "Вкусные рисунки. Инструкция";[0+]
220905;221100;О!;;Х/ф;Отель у овечек;[0+]
221100;221115;О!;;Х/ф;Премьера. "О!ткрытия";[0+]
221115;221200;О!;;Х/ф;Ум и Хрум;[0+]
221200;221220;О!;;Х/ф;Вовка в Тридевятом царстве;[0+]
221220;221230;О!;;Х/ф;Премьера. "Мой брат - монстр";[6+]
221230;221500;О!;;Х/ф;Три кота;[0+]
221500;221615;О!;;Х/ф;Фиксики: Большой секрет;[6+]
221615;221720;О!;;Х/ф;Три кота и море приключений;[0+]
221720;222200;О!;;Х/ф;Три кота;[0+]
222200;222220;О!;;Х/ф;Зоомания;[6+]
222220;230000;О!;;Х/ф;Барбоскины;[0+]
220130;220305;Кинопремьера;43;Х/ф;Последний охотник на демонов;[18+]
220305;220445;Кинопремьера;43;Х/ф;По-братски;[16+]
220445;220610;Кинопремьера;43;Х/ф;Киллер на всю голову;[18+]
220610;220740;Кинопремьера;43;Х/ф;Проводник смерти;[18+]
220740;220920;Кинопремьера;43;Х/ф;Сердцеед;[16+]
220920;221050;Кинопремьера;43;Х/ф;Последний Атлант;[16+]
221050;221240;Кинопремьера;43;Х/ф;Еретик;[18+]
221240;221415;Кинопремьера;43;Х/ф;Фэкхем-Холл;[18+]
221415;221555;Кинопремьера;43;Х/ф;Несвятая Валентина;[16+]
221555;221730;Кинопремьера;43;Х/ф;Последний охотник на демонов;[18+]
221730;221900;Кинопремьера;43;Х/ф;Все оттенки красного;[16+]
221900;222025;Кинопремьера;43;Х/ф;Джентльмен;[18+]
222025;222205;Кинопремьера;43;Х/ф;(Не)искусственный интеллект;[6+]
222205;230005;Кинопремьера;43;Х/ф;Грабитель с крыши;[16+]
220030;220100;Поехали!;;Х/ф;Вечерний эфир телеканала "Поехали!";[16+]
220100;220145;Поехали!;;Х/ф;Поехали!;[12+]
220145;220230;Поехали!;;Х/ф;Два дня в городе;[12+]
220230;220300;Поехали!;;Х/ф;ТуЖур;[12+]
220300;220330;Поехали!;;Х/ф;Вечерний эфир телеканала "Поехали!";[16+]
220330;220430;Поехали!;;Х/ф;Поехали за покупками!;[12+]
220430;220530;Поехали!;;Х/ф;Жизнь своих;[12+]
220530;220600;Поехали!;;Х/ф;Утренний эфир телеканала "Поехали!";[16+]
220600;220630;Поехали!;;Х/ф;ТуЖур;[12+]
220630;220700;Поехали!;;Х/ф;Стажёрка;[12+]
220700;220730;Поехали!;;Х/ф;Утренний эфир телеканала "Поехали!";[16+]
220730;220830;Поехали!;;Х/ф;Как домой!;[12+]
220830;220930;Поехали!;;Х/ф;По дороге;[12+]
220930;221000;Поехали!;;Х/ф;Утренний эфир телеканала "Поехали!";[16+]
221000;221050;Поехали!;;Х/ф;Поехали за талантами!;[12+]
221050;221125;Поехали!;;Х/ф;Гастрономическое приключение итальянца;[12+]
221125;221200;Поехали!;;Х/ф;Дневники профессий;[12+]
221200;221230;Поехали!;;Х/ф;Дневной эфир телеканала "Поехали!";[16+]
221230;221330;Поехали!;;Х/ф;Место гения;[12+]
221330;221430;Поехали!;;Х/ф;Как домой!;[12+]
221430;221500;Поехали!;;Х/ф;Дневной эфир телеканала "Поехали!";[16+]
221500;221550;Поехали!;;Х/ф;Два дня в городе;[12+]
221550;221700;Поехали!;;Х/ф;Поехали за покупками!;[12+]
221700;221730;Поехали!;;Х/ф;Дневной эфир телеканала "Поехали!";[16+]
221730;221800;Поехали!;;Х/ф;ТуЖур;[12+]
221800;221830;Поехали!;;Х/ф;Стажёрка;[12+]
221830;221930;Поехали!;;Х/ф;Как домой!;[12+]
221930;222000;Поехали!;;Х/ф;Вечерний эфир телеканала "Поехали!";[16+]
222000;222050;Поехали!;;Х/ф;По дороге;[12+]
222050;222200;Поехали!;;Х/ф;Место гения;[12+]
222200;222230;Поехали!;;Х/ф;Вечерний эфир телеканала "Поехали!";[16+]
222230;222300;Поехали!;;Х/ф;Гастрономическое приключение итальянца;[12+]
222300;222335;Поехали!;;Х/ф;Дневники профессий;[12+]
222335;230030;Поехали!;;Х/ф;Поехали за талантами!;[12+]
220005;220030;Первый Вегетарианский;;Х/ф;В добрые руки;[12+]
220030;220100;Первый Вегетарианский;;Х/ф;Вегетарианская Европа;[12+]
220100;220110;Первый Вегетарианский;;Х/ф;Освобождение;[12+]
220110;220120;Первый Вегетарианский;;Х/ф;Вегетарианская Европа;[12+]
220120;220200;Первый Вегетарианский;;Х/ф;Кадр из жизни;[12+]
220200;220215;Первый Вегетарианский;;Х/ф;Взгляд с Орбиты;[12+]
220215;220240;Первый Вегетарианский;;Х/ф;Взгляд с Орбиты;[12+]
220240;220305;Первый Вегетарианский;;Х/ф;Взгляд с Орбиты;[12+]
220305;220320;Первый Вегетарианский;;Х/ф;Истина дороже;[12+]
220320;220340;Первый Вегетарианский;;Х/ф;Современное строительство;[12+]
220340;220400;Первый Вегетарианский;;Х/ф;Современное строительство;[12+]
220400;220430;Первый Вегетарианский;;Х/ф;Кадр из жизни;[12+]
220430;220520;Первый Вегетарианский;;Х/ф;Зебра;[12+]
220520;220525;Первый Вегетарианский;;Х/ф;Вегетарианцы мира;[12+]
220525;220540;Первый Вегетарианский;;Х/ф;Вегетарианцы мира;[12+]
220540;220605;Первый Вегетарианский;;Х/ф;Кадр из жизни;[12+]
220605;220620;Первый Вегетарианский;;Х/ф;Первый шаг;[12+]
220620;220635;Первый Вегетарианский;;Х/ф;Вегетарианцы мира. Дорога домой;[12+]
220635;220700;Первый Вегетарианский;;Х/ф;Вегетарианцы мира. Дорога домой;[12+]
220700;220730;Первый Вегетарианский;;Х/ф;Кадр из жизни;[12+]
220730;220805;Первый Вегетарианский;;Х/ф;Вибрации;[12+]
220805;220830;Первый Вегетарианский;;Х/ф;Трансформация;[12+]
220830;220900;Первый Вегетарианский;;Х/ф;Вегетарианская Европа;[12+]
220900;220915;Первый Вегетарианский;;Х/ф;Освобождение;[12+]
220915;220920;Первый Вегетарианский;;Х/ф;Вегетарианская Европа;[12+]
220920;221000;Первый Вегетарианский;;Х/ф;В гостях у наших;[12+]
221000;221055;Первый Вегетарианский;;Х/ф;Кто я есть с Гаяне?;[12+]
221055;221105;Первый Вегетарианский;;Х/ф;Истина дороже;[12+]
221105;221120;Первый Вегетарианский;;Х/ф;Истина дороже;[12+]
221120;221200;Первый Вегетарианский;;Х/ф;Современное строительство;[12+]
221200;221230;Первый Вегетарианский;;Х/ф;Кадр из жизни;[12+]
221230;221330;Первый Вегетарианский;;Х/ф;Зебра;[12+]
221330;221405;Первый Вегетарианский;;Х/ф;Кадр из жизни;[12+]
221405;221420;Первый Вегетарианский;;Х/ф;Первый шаг;[12+]
221420;221435;Первый Вегетарианский;;Х/ф;Вегетарианцы мира. Дорога домой;[12+]
221435;221500;Первый Вегетарианский;;Х/ф;Вегетарианцы мира. Дорога домой;[12+]
221500;221530;Первый Вегетарианский;;Х/ф;Кадр из жизни;[12+]
221530;221605;Первый Вегетарианский;;Х/ф;Вибрации;[12+]
221605;221630;Первый Вегетарианский;;Х/ф;Трансформация;[12+]
221630;221700;Первый Вегетарианский;;Х/ф;Вегетарианская Европа;[12+]
221700;221715;Первый Вегетарианский;;Х/ф;Освобождение;[12+]
221715;221720;Первый Вегетарианский;;Х/ф;Вегетарианская Европа;[12+]
221720;221800;Первый Вегетарианский;;Х/ф;В гостях у наших;[12+]
221800;221855;Первый Вегетарианский;;Х/ф;Кто я есть с Гаяне?;[12+]
221855;221905;Первый Вегетарианский;;Х/ф;Истина дороже;[12+]
221905;221920;Первый Вегетарианский;;Х/ф;Истина дороже;[12+]
221920;222000;Первый Вегетарианский;;Х/ф;Современное строительство;[12+]
222000;222030;Первый Вегетарианский;;Х/ф;Кадр из жизни;[12+]
222030;222130;Первый Вегетарианский;;Х/ф;Зебра;[12+]
222130;222205;Первый Вегетарианский;;Х/ф;Кадр из жизни;[12+]
222205;222220;Первый Вегетарианский;;Х/ф;Первый шаг;[12+]
222220;222235;Первый Вегетарианский;;Х/ф;Вегетарианцы мира. Дорога домой;[12+]
222235;222300;Первый Вегетарианский;;Х/ф;Вегетарианцы мира. Дорога домой;[12+]
222300;222330;Первый Вегетарианский;;Х/ф;Кадр из жизни;[12+]
222330;230005;Первый Вегетарианский;;Х/ф;Вибрации;[12+]
220025;220105;Дикий;;Х/ф;Мой мир в рыбалке;[12+]
220105;220120;Дикий;;Х/ф;С полем!;[16+]
220120;220150;Дикий;;Х/ф;Горные охотники;[16+]
220150;220210;Дикий;;Х/ф;Рыбалка в Беларуси;[12+]
220210;220245;Дикий;;Х/ф;Сезон рыбалки;[12+]
220245;220315;Дикий;;Х/ф;Охота на охоту;[16+]
220315;220405;Дикий;;Х/ф;Территория;[16+]
220405;220430;Дикий;;Х/ф;Секреты успеха;[12+]
220430;220505;Дикий;;Х/ф;Ловля хищных рыб;[12+]
220505;220530;Дикий;;Х/ф;Своя охота;[16+]
220530;220600;Дикий;;Х/ф;Охота без границ;[16+]
220600;220650;Дикий;;Х/ф;Территория;[12+]
220650;220715;Дикий;;Х/ф;Смокеры;[12+]
220715;220800;Дикий;;Х/ф;К вершинам охоты;[16+]
220800;220840;Дикий;;Х/ф;Трофейный дом;[16+]
220840;220925;Дикий;;Х/ф;Трофейный дом;[16+]
220925;220955;Дикий;;Х/ф;Ловля хищных рыб;[12+]
220955;221030;Дикий;;Х/ф;Ловля мирных рыб;[12+]
221030;221055;Дикий;;Х/ф;Горная охота Эдуарда Бендерского;[16+]
221055;221135;Дикий;;Х/ф;Охота в Беларуси;[16+]
221135;221235;Дикий;;Х/ф;Рыбинка. Лето;[12+]
221235;221305;Дикий;;Х/ф;Охота по перу;[16+]
221305;221340;Дикий;;Х/ф;Собака на охоте;[16+]
221340;221400;Дикий;;Х/ф;Мировая рыбалка;[12+]
221400;221435;Дикий;;Х/ф;Секреты успеха;[12+]
221435;221510;Дикий;;Х/ф;Охота без границ;[16+]
221510;221600;Дикий;;Х/ф;Охота без границ;[16+]
221600;221635;Дикий;;Х/ф;Шаг в тишину;[12+]
221635;221715;Дикий;;Х/ф;Охота и рыбалка в Якутии;[12+]
221715;221745;Дикий;;Х/ф;С полем!;[16+]
221745;221835;Дикий;;Х/ф;Подражая птицам;[16+]
221835;221910;Дикий;;Х/ф;Сказочное лето;[16+]
221910;221945;Дикий;;Х/ф;Вниз по реке;[12+]
221945;222010;Дикий;;Х/ф;Приключения со Стилияном Кадревым;[16+]
222010;222035;Дикий;;Х/ф;Приключения со Стилияном Кадревым;[16+]
222035;222115;Дикий;;Х/ф;На реву. Трофеи Красного Бора;[16+]
222115;222145;Дикий;;Х/ф;Сезон рыбалки;[12+]
222145;222220;Дикий;;Х/ф;Соло со спиннингом;[12+]
222220;222245;Дикий;;Х/ф;Горная охота Эдуарда Бендерского;[16+]
222245;230000;Дикий;;Х/ф;Легенда о северной утке;[16+]
220020;220130;Дорама;;Х/ф;Королева Чорин;[16+]
220130;220230;Дорама;;Х/ф;Падающая звезда;[16+]
220230;220340;Дорама;;Х/ф;Романтика без правил;[16+]
220340;220450;Дорама;;Х/ф;Королева развода;[16+]
220450;220600;Дорама;;Х/ф;Продавец на полставки;[16+]
220600;220705;Дорама;;Х/ф;Продавец на полставки;[16+]
220705;220815;Дорама;;Х/ф;Продавец на полставки;[16+]
220815;220930;Дорама;;Х/ф;Продавец на полставки;[16+]
220930;221035;Дорама;;Х/ф;Продавец на полставки;[16+]
221035;221150;Дорама;;Х/ф;Продавец на полставки;[16+]
221150;221305;Дорама;;Х/ф;Королева развода;[16+]
221305;221415;Дорама;;Х/ф;Королева развода;[16+]
221415;221530;Дорама;;Х/ф;Королева развода;[16+]
221530;221645;Дорама;;Х/ф;Королева развода;[16+]
221645;221800;Дорама;;Х/ф;Королева развода;[16+]
221800;221925;Дорама;;Х/ф;Романтика без правил;[16+]
221925;222045;Дорама;;Х/ф;Романтика без правил;[16+]
222045;222205;Дорама;;Х/ф;Романтика без правил;[16+]
222205;222320;Дорама;;Х/ф;Романтика без правил;[16+]
222320;230040;Дорама;;Х/ф;Романтика без правил;[16+]
220000;220025;Остросюжетное;35;Х/ф;Боевой континент;[18+]
220025;220210;Остросюжетное;35;Х/ф;Слепая война;[18+]
220210;220345;Остросюжетное;35;Х/ф;Немая ярость;[18+]
220345;220525;Остросюжетное;35;Х/ф;Кровавая месть;[18+]
220525;220655;Остросюжетное;35;Х/ф;Замёрзшие;[18+]
220655;220820;Остросюжетное;35;Х/ф;Открытое море. Игра на выживание;[18+]
220820;220950;Остросюжетное;35;Х/ф;За гранью жизни;[18+]
220950;221200;Остросюжетное;35;Х/ф;Дело храбрых;[18+]
221200;221325;Остросюжетное;35;Х/ф;Замёрзшие;[18+]
221325;221450;Остросюжетное;35;Х/ф;Открытое море. Игра на выживание;[18+]
221450;221620;Остросюжетное;35;Х/ф;За гранью жизни;[18+]
221620;221830;Остросюжетное;35;Х/ф;Дело храбрых;[18+]
221830;222000;Остросюжетное;35;Х/ф;Замёрзшие;[18+]
222000;222125;Остросюжетное;35;Х/ф;Открытое море. Игра на выживание;[18+]
222125;222300;Остросюжетное;35;Х/ф;За гранью жизни;[18+]
222300;222320;Остросюжетное;35;Х/ф;Боевой континент;[18+]
222320;222340;Остросюжетное;35;Х/ф;Боевой континент;[18+]
222340;230000;Остросюжетное;35;Х/ф;Боевой континент;[18+]
220055;220210;Любимое;74;Х/ф;Перикола;[18+]
220210;220315;Любимое;74;Х/ф;Марица;[18+]
220315;220430;Любимое;74;Х/ф;Странные взрослые;[18+]
220430;220550;Любимое;74;Х/ф;"В двух шагах от "Рая";[18+]
220550;220700;Любимое;74;Х/ф;Усатый нянь;[16+]
220700;221000;Любимое;74;Х/ф;Академия пана Кляксы;[18+]
221000;221110;Любимое;74;Х/ф;Последняя двойка;[12+]
221110;221240;Любимое;74;Х/ф;Запасной игрок;[18+]
221240;221425;Любимое;74;Х/ф;Удар! Ещё удар!;[18+]
221425;221615;Любимое;74;Х/ф;Одиннадцать надежд;[18+]
221615;221800;Любимое;74;Х/ф;Центровой из поднебесья;[18+]
221800;222030;Любимое;74;Х/ф;Знахарь;[18+]
222030;222215;Любимое;74;Х/ф;Ва-банк;[18+]
222215;222355;Любимое;74;Х/ф;Ва-банк-2, или Ответный удар;[18+]
222355;230120;Любимое;74;Х/ф;Запасной игрок;[18+]
220037;220132;НТВ Хит;88;Х/ф;Морские дьяволы. Дальние рубежи;[16+]
220132;220225;НТВ Хит;88;Х/ф;Морские дьяволы. Дальние рубежи;[16+]
220225;220316;НТВ Хит;88;Х/ф;Морские дьяволы. Дальние рубежи;[16+]
220316;220414;НТВ Хит;88;Х/ф;Морские дьяволы. Дальние рубежи;[16+]
220414;220507;НТВ Хит;88;Х/ф;Канцелярская крыса. Большой передел;[16+]
220507;220600;НТВ Хит;88;Х/ф;Канцелярская крыса. Большой передел;[16+]
220600;220653;НТВ Хит;88;Х/ф;Канцелярская крыса. Большой передел;[16+]
220653;220753;НТВ Хит;88;Х/ф;Канцелярская крыса. Большой передел;[16+]
220753;220856;НТВ Хит;88;Х/ф;Канцелярская крыса. Большой передел;[16+]
220856;220957;НТВ Хит;88;Х/ф;Канцелярская крыса. Большой передел;[16+]
220957;221058;НТВ Хит;88;Х/ф;Канцелярская крыса. Большой передел;[16+]
221058;221200;НТВ Хит;88;Х/ф;Канцелярская крыса. Большой передел;[16+]
221200;221303;НТВ Хит;88;Х/ф;Канцелярская крыса. Большой передел;[16+]
221303;221406;НТВ Хит;88;Х/ф;Канцелярская крыса. Большой передел;[16+]
221406;221506;НТВ Хит;88;Х/ф;Канцелярская крыса. Большой передел;[16+]
221506;221607;НТВ Хит;88;Х/ф;Канцелярская крыса. Большой передел;[16+]
221607;221710;НТВ Хит;88;Х/ф;Канцелярская крыса. Большой передел;[16+]
221710;221810;НТВ Хит;88;Х/ф;Канцелярская крыса. Большой передел;[16+]
221810;221912;НТВ Хит;88;Х/ф;Канцелярская крыса. Большой передел;[16+]
221912;222016;НТВ Хит;88;Х/ф;Канцелярская крыса. Большой передел;[16+]
222016;222119;НТВ Хит;88;Х/ф;Канцелярская крыса. Большой передел;[16+]
222119;222221;НТВ Хит;88;Х/ф;Канцелярская крыса. Большой передел;[16+]
222221;222322;НТВ Хит;88;Х/ф;Канцелярская крыса. Большой передел;[16+]
222322;230023;НТВ Хит;88;Х/ф;Канцелярская крыса. Большой передел;[16+]
220010;220140;МАТЧ! ПРЕМЬЕР HD;;Х/ф;Центральный круг;[12+]
220140;220330;МАТЧ! ПРЕМЬЕР HD;;Х/ф;Лига Пари. Тур 8.;[6+]
220330;220415;МАТЧ! ПРЕМЬЕР HD;;Х/ф;FONBET Кубок России. Обзор;[6+]
220415;220600;МАТЧ! ПРЕМЬЕР HD;;Х/ф;Футбол. Сделано в России;[6+]
220600;220750;МАТЧ! ПРЕМЬЕР HD;;Х/ф;Лига Пари. Тур 8;[6+]
220750;220820;МАТЧ! ПРЕМЬЕР HD;;Х/ф;Всё о главном;[12+]
220820;221005;МАТЧ! ПРЕМЬЕР HD;;Х/ф;Футбол. Сделано в России;[6+]
221005;221135;МАТЧ! ПРЕМЬЕР HD;;Х/ф;Центральный круг;[12+]
221135;221200;МАТЧ! ПРЕМЬЕР HD;;Х/ф;РецепТура;[6+]
221200;221225;МАТЧ! ПРЕМЬЕР HD;;Х/ф;Студия "Матч Премьер";[]
221225;221430;МАТЧ! ПРЕМЬЕР HD;;Х/ф;Кубок России. Женщины. 1/2 финала. Прямая трансляция;[]
221430;221525;МАТЧ! ПРЕМЬЕР HD;;Х/ф;Студия "Матч Премьер";[]
221525;221735;МАТЧ! ПРЕМЬЕР HD;;Х/ф;Альфа-Банк Российская Премьер-Лига. Тур 5. Прямая трансляция;[]
221735;221755;МАТЧ! ПРЕМЬЕР HD;;Х/ф;Студия "Матч Премьер";[]
221755;222005;МАТЧ! ПРЕМЬЕР HD;;Х/ф;Альфа-Банк Российская Премьер-Лига. Тур 5. Прямая трансляция;[]
222005;222010;МАТЧ! ПРЕМЬЕР HD;;Х/ф;Студия "Матч Премьер";[]
222010;222220;МАТЧ! ПРЕМЬЕР HD;;Х/ф;Альфа-Банк Российская Премьер-Лига. Тур 5. ЦСКА - "Локомотив". Live;[]
222220;222315;МАТЧ! ПРЕМЬЕР HD;;Х/ф;Студия "Матч Премьер";[]
222315;230120;МАТЧ! ПРЕМЬЕР HD;;Х/ф;Альфа-Банк Российская Премьер-Лига. Тур 5;[6+]
220045;220140;BOLT;;Х/ф;Штрафник;[]
220140;220230;BOLT;;Х/ф;Академия;[16+]
220230;220315;BOLT;;Х/ф;Академия;[16+]
220315;220405;BOLT;;Х/ф;Академия;[16+]
220405;220455;BOLT;;Х/ф;Академия;[16+]
220455;220540;BOLT;;Х/ф;Академия;[16+]
220540;220600;BOLT;;Х/ф;Хроники общественного быта;[16+]
220600;220645;BOLT;;Х/ф;Анна-детективъ;[]
220645;220740;BOLT;;Х/ф;Анна-детективъ;[]
220740;220835;BOLT;;Х/ф;Анна-детективъ;[]
220835;220925;BOLT;;Х/ф;Анна-детективъ;[]
220925;221020;BOLT;;Х/ф;Анна-детективъ;[]
221020;221115;BOLT;;Х/ф;Анна-детективъ;[]
221115;221210;BOLT;;Х/ф;Анна-детективъ;[]
221210;221300;BOLT;;Х/ф;Анна-детективъ;[]
221300;221355;BOLT;;Х/ф;Анна-детективъ;[]
221355;221450;BOLT;;Х/ф;Анна-детективъ;[]
221450;221545;BOLT;;Х/ф;Анна-детективъ;[]
221545;221635;BOLT;;Х/ф;Анна-детективъ;[]
221635;221730;BOLT;;Х/ф;Анна-детективъ;[]
221730;221825;BOLT;;Х/ф;Анна-детективъ;[]
221825;221915;BOLT;;Х/ф;Анна-детективъ;[]
221915;222010;BOLT;;Х/ф;Анна-детективъ;[]
222010;222100;BOLT;;Х/ф;Анна-детективъ;[]
222100;222155;BOLT;;Х/ф;Анна-детективъ;[]
222155;222250;BOLT;;Х/ф;Академия;[16+]
222250;222340;BOLT;;Х/ф;Академия;[16+]
222340;230035;BOLT;;Х/ф;Академия;[16+]
220015;220110;Star Cinema;;Х/ф;Легальный допинг;[16+]
220110;220200;Star Cinema;;Х/ф;Легальный допинг;[16+]
220200;220250;Star Cinema;;Х/ф;Легальный допинг;[16+]
220250;220340;Star Cinema;;Х/ф;Легальный допинг;[16+]
220340;220435;Star Cinema;;Х/ф;Легальный допинг;[16+]
220435;220520;Star Cinema;;Х/ф;Держи меня крепче;[16+]
220520;220600;Star Cinema;;Х/ф;Книжные аллеи;[12+]
220600;220650;Star Cinema;;Х/ф;Не плачь по мне, Аргентина;[16+]
220650;220750;Star Cinema;;Х/ф;Не плачь по мне, Аргентина;[16+]
220750;220845;Star Cinema;;Х/ф;Не плачь по мне, Аргентина;[16+]
220845;220940;Star Cinema;;Х/ф;Не плачь по мне, Аргентина;[16+]
220940;221035;Star Cinema;;Х/ф;Не плачь по мне, Аргентина;[16+]
221035;221130;Star Cinema;;Х/ф;Не плачь по мне, Аргентина;[16+]
221130;221230;Star Cinema;;Х/ф;Не плачь по мне, Аргентина;[16+]
221230;221325;Star Cinema;;Х/ф;Не плачь по мне, Аргентина;[16+]
221325;221420;Star Cinema;;Х/ф;Не плачь по мне, Аргентина;[16+]
221420;221515;Star Cinema;;Х/ф;Не плачь по мне, Аргентина;[16+]
221515;221615;Star Cinema;;Х/ф;Не плачь по мне, Аргентина;[16+]
221615;221710;Star Cinema;;Х/ф;Не плачь по мне, Аргентина;[16+]
221710;221805;Star Cinema;;Х/ф;Не плачь по мне, Аргентина;[16+]
221805;221900;Star Cinema;;Х/ф;Не плачь по мне, Аргентина;[16+]
221900;222000;Star Cinema;;Х/ф;Не плачь по мне, Аргентина;[16+]
222000;222055;Star Cinema;;Х/ф;Не плачь по мне, Аргентина;[16+]
222055;222145;Star Cinema;;Х/ф;Кассирши;[16+]
222145;222235;Star Cinema;;Х/ф;Кассирши;[16+]
222235;222325;Star Cinema;;Х/ф;Кассирши;[16+]
222325;230015;Star Cinema;;Х/ф;Кассирши;[16+]
220000;220240;МАТЧ! СТРАНА;;Х/ф;Спортивная гимнастика. Чемпионат Европы. Мужчины. Трансляция из Хорватии;[6+]
220240;220420;МАТЧ! СТРАНА;;Х/ф;II Всероссийская спартакиада. Плавание. Трансляция из Екатеринбурга;[6+]
220420;220600;МАТЧ! СТРАНА;;Х/ф;II Всероссийская спартакиада. Стрельба из лука. Трансляция из Екатеринбурга;[6+]
220600;220755;МАТЧ! СТРАНА;;Х/ф;Волейбол. Международный турнир. Мужчины. Трансляция из Уфы;[6+]
220755;221030;МАТЧ! СТРАНА;;Х/ф;II Всероссийская спартакиада. Художественная гимнастика. Прямая трансляция из Екатеринбурга;[]
221030;221100;МАТЧ! СТРАНА;;Х/ф;Страна смотрит спорт;[12+]
221100;221105;МАТЧ! СТРАНА;;Х/ф;Новости;[0+]
221105;221125;МАТЧ! СТРАНА;;Х/ф;Небесная грация;[6+]
221125;221355;МАТЧ! СТРАНА;;Х/ф;II Всероссийская спартакиада. Художественная гимнастика. Многоборье. Группы. Квалификация. Прямая трансляция из Екатеринбурга;[]
221355;221420;МАТЧ! СТРАНА;;Х/ф;Век нашего спорта;[12+]
221420;221600;МАТЧ! СТРАНА;;Х/ф;II Всероссийская спартакиада. Плавание. Трансляция из Екатеринбурга;[6+]
221600;221630;МАТЧ! СТРАНА;;Х/ф;Чемпионы на все времена;[12+]
221630;221635;МАТЧ! СТРАНА;;Х/ф;Новости;[0+]
221635;221655;МАТЧ! СТРАНА;;Х/ф;Страна спортивная;[12+]
221655;221855;МАТЧ! СТРАНА;;Х/ф;Волейбол. Международный турнир. Мужчины. Прямая трансляция из Уфы;[]
221855;221925;МАТЧ! СТРАНА;;Х/ф;Что за спорт?;[12+]
221925;221930;МАТЧ! СТРАНА;;Х/ф;Новости;[0+]
221930;221955;МАТЧ! СТРАНА;;Х/ф;Страна смотрит спорт;[12+]
221955;222015;МАТЧ! СТРАНА;;Х/ф;Небесная грация;[6+]
222015;222225;МАТЧ! СТРАНА;;Х/ф;II Всероссийская спартакиада. Лёгкая атлетика. Трансляция из Челябинска;[6+]
222225;222315;МАТЧ! СТРАНА;;Х/ф;Спорт.Док;[12+]
222315;230155;МАТЧ! СТРАНА;;Х/ф;Спортивная гимнастика. Чемпионат Европы. Мужчины. Трансляция из Хорватии;[6+]
220145;220405;Победа;36;Х/ф;Тренер;[16+]
220405;220520;Победа;36;Х/ф;Отряд особого назначения;[16+]
220520;220700;Победа;36;Х/ф;Сестрёнка;[12+]
220700;220855;Победа;36;Х/ф;Лето 1941 года;[16+]
220855;221100;Победа;36;Х/ф;Смотри на меня!;[16+]
221100;221830;Победа;36;Х/ф;Военная разведка. Северный фронт;[16+]
221830;222200;Победа;36;Х/ф;"Задания особой важности. Операция "Тайфун";[16+]
222200;230000;Победа;36;Х/ф;Марш-бросок;[16+]
220100;220300;Карусель;;Х/ф;Ранние пташки;[0+]
220300;220335;Карусель;;Х/ф;Премьера. "С добрым утром, малыши!";[0+]
220335;220600;Карусель;;Х/ф;Премьера. "Маша и Медведь";[0+]
220600;220620;Карусель;;Х/ф;Премьера. "У меня лапки";[0+]
220620;221000;Карусель;;Х/ф;Барбоскины;[0+]
221000;221025;Карусель;;Х/ф;Премьера. "Семья в кадре";[0+]
221025;221200;Карусель;;Х/ф;Отель у овечек;[0+]
221200;221210;Карусель;;Х/ф;Премьера. "Что, зачем и почему?";[0+]
221210;221530;Карусель;;Х/ф;Ми-ми-мишки;[0+]
221530;221700;Карусель;;Х/ф;Премьера. "Тайна планеты роботов";[6+]
221700;221715;Карусель;;Х/ф;Спокойной ночи, малыши!;[0+]
221715;221835;Карусель;;Х/ф;Премьера. "Гроша и мистер Ви";[6+]
221835;221900;Карусель;;Х/ф;Дикие скричеры!;[6+]
221900;222015;Карусель;;Х/ф;Конёк-Горбунок;[0+]
222015;222035;Карусель;;Х/ф;Сказка о попе и работнике его Балде;[0+]
222035;222200;Карусель;;Х/ф;38 попугаев;[0+]
222200;230100;Карусель;;Х/ф;Смешарики. Пин-код;[6+]
220000;220031;Россия 24;;Х/ф;Вести;[]
220031;220043;Россия 24;;Х/ф;Инструкция;[]
220043;220100;Россия 24;;Х/ф;Мир на ладони. История день за днем;[]
220100;220124;Россия 24;;Х/ф;Вести;[]
220124;220137;Россия 24;;Х/ф;Экономика;[]
220137;220200;Россия 24;;Х/ф;Индустрия кино;[]
220200;220226;Россия 24;;Х/ф;Вести;[]
220226;220231;Россия 24;;Х/ф;Инструкция;[]
220231;220238;Россия 24;;Х/ф;Экономика;[]
220238;220300;Россия 24;;Х/ф;В центре Азии;[]
220300;220316;Россия 24;;Х/ф;Вести;[]
220316;220321;Россия 24;;Х/ф;Инструкция;[]
220321;220338;Россия 24;;Х/ф;Мир на ладони. История день за днем;[]
220338;220400;Россия 24;;Х/ф;Репортаж;[]
220400;220416;Россия 24;;Х/ф;Вести;[]
220416;220438;Россия 24;;Х/ф;В центре Азии;[]
220438;220500;Россия 24;;Х/ф;Репортаж;[]
220500;220510;Россия 24;;Х/ф;Вести;[]
220510;220532;Россия 24;;Х/ф;Индустрия кино;[]
220532;220606;Россия 24;;Х/ф;Дежурная часть;[]
220606;220708;Россия 24;;Х/ф;Расследование Эдуарда Петрова;[]
220708;220808;Россия 24;;Х/ф;Вести. Дежурная часть;[]
220808;220836;Россия 24;;Х/ф;В центре Азии с Робертом Францевым;[]
220836;220906;Россия 24;;Х/ф;Погода 24;[]
220906;220938;Россия 24;;Х/ф;Специальный репортаж;[]
220938;221000;Россия 24;;Х/ф;Стопфейк;[]
221000;221101;Россия 24;;Х/ф;Международное обозрение;[]
221101;221204;Россия 24;;Х/ф;Рассказы из русской истории. Владимир Мединский;[]
221204;221300;Россия 24;;Х/ф;Земля будущего;[]
221300;221323;Россия 24;;Х/ф;Новости;[]
221323;221400;Россия 24;;Х/ф;Специальный репортаж;[]
221400;221500;Россия 24;;Х/ф;810;[]
221500;221511;Россия 24;;Х/ф;Новости;[]
221511;221533;Россия 24;;Х/ф;Британия с Александром Хабаровым;[]
221533;221600;Россия 24;;Х/ф;Tucker. "Россия 24";[]
221600;221633;Россия 24;;Х/ф;Новости;[]
221633;221700;Россия 24;;Х/ф;Специальный репортаж;[]
221700;221800;Россия 24;;Х/ф;Кровавые марионетки Запада;[]
221800;221817;Россия 24;;Х/ф;Новости;[]
221817;221906;Россия 24;;Х/ф;Вести. Дежурная часть;[]
221906;222006;Россия 24;;Х/ф;Расследование Эдуарда Петрова;[]
222006;222100;Россия 24;;Х/ф;Сенат;[]
222100;222115;Россия 24;;Х/ф;Новости;[]
222115;222145;Россия 24;;Х/ф;Гриф снят;[]
222145;222200;Россия 24;;Х/ф;Горизонты атома;[]
222200;222232;Россия 24;;Х/ф;Новости;[]
222232;222300;Россия 24;;Х/ф;Крупнокалиберный переполох;[]
222300;230000;Россия 24;;Х/ф;810;[]
220000;220200;Киноужас;70;Х/ф;Два, три, демон, приди!;[18+]
220200;220330;Киноужас;70;Х/ф;Скрежет;[16+]
220330;220510;Киноужас;70;Х/ф;Мако. Убийца из глубины;[18+]
220510;220640;Киноужас;70;Х/ф;Несломленная;[18+]
220640;220815;Киноужас;70;Х/ф;100 дней на жизнь;[18+]
220815;221005;Киноужас;70;Х/ф;Верни меня из мёртвых;[18+]
221005;221200;Киноужас;70;Х/ф;Долгая прогулка;[18+]
221200;221400;Киноужас;70;Х/ф;Призраки квартиры 203;[16+]
221400;221455;Киноужас;70;Х/ф;Метод;[18+]
221455;221555;Киноужас;70;Х/ф;Метод;[18+]
221555;221700;Киноужас;70;Х/ф;Метод;[18+]
221700;221755;Киноужас;70;Х/ф;Метод;[18+]
221755;221900;Киноужас;70;Х/ф;Метод;[18+]
221900;222055;Киноужас;70;Х/ф;Воображаемый друг;[]
222055;222215;Киноужас;70;Х/ф;Глазами пса;[16+]
222215;222355;Киноужас;70;Х/ф;Жестокая расплата;[16+]
222355;230135;Киноужас;70;Х/ф;Обитель лжи;[18+]
220000;220015;ОТР;;Х/ф;Новости;[]
220015;220155;ОТР;;Х/ф;За шкуру полицейского;[16+]
220155;220320;ОТР;;Х/ф;Без страха и упрека;[12+]
220320;220505;ОТР;;Х/ф;Пласт;[16+]
220505;220600;ОТР;;Х/ф;Большая страна;[16+]
220600;220605;ОТР;;Х/ф;Это сделано в России;[12+]
220605;220800;ОТР;;Х/ф;Выборгская сторона;[12+]
220800;220900;ОТР;;Х/ф;Пёстрый мир;[12+]
220900;220925;ОТР;;Х/ф;Календарь;[12+]
220925;221100;ОТР;;Х/ф;Айболит-66;[0+]
221100;221225;ОТР;;Х/ф;Без страха и упрека;[12+]
221225;221400;ОТР;;Х/ф;Старшая сестра;[16+]
221400;221415;ОТР;;Х/ф;Малые города;[12+]
221415;221430;ОТР;;Х/ф;Песня остаётся с человеком;[12+]
221430;221515;ОТР;;Х/ф;"Очевидно. Вероятно" с академиком Арутюном Аветисяном;[12+]
221515;221530;ОТР;;Х/ф;Отчий дом;[12+]
221530;221600;ОТР;;Х/ф;Календарь;[12+]
221600;221605;ОТР;;Х/ф;Новости;[]
221605;221700;ОТР;;Х/ф;Большая страна;[16+]
221700;221715;ОТР;;Х/ф;Пёстрый мир;[12+]
221715;221900;ОТР;;Х/ф;За шкуру полицейского;[16+]
221900;221905;ОТР;;Х/ф;Новости;[]
221905;221945;ОТР;;Х/ф;"Очень личное" с Виктором Лошаком;[12+]
221945;222010;ОТР;;Х/ф;Вспомнить всё;[16+]
222010;222150;ОТР;;Х/ф;Приезжая;[16+]
222150;222300;ОТР;;Х/ф;Светская жизнь;[16+]
222300;222315;ОТР;;Х/ф;Новости;[]
222315;222340;ОТР;;Х/ф;Светская жизнь;[16+]
222340;230125;ОТР;;Х/ф;Последняя цена;[18+]
220025;220215;Блокбастер;68;Х/ф;Лето 1941 года;[18+]
220215;220405;Блокбастер;68;Х/ф;А зори здесь тихие...;[18+]
220405;220540;Блокбастер;68;Х/ф;Верёвка;[18+]
220540;220705;Блокбастер;68;Х/ф;Верёвка-2: Спасение;[18+]
220705;220835;Блокбастер;68;Х/ф;Верёвка-3: Месть;[18+]
220835;221030;Блокбастер;68;Х/ф;Схватка;[18+]
221030;221225;Блокбастер;68;Х/ф;Верёвка;[18+]
221225;221405;Блокбастер;68;Х/ф;Верёвка-2: Спасение;[18+]
221405;221540;Блокбастер;68;Х/ф;Верёвка-3: Месть;[18+]
221540;221730;Блокбастер;68;Х/ф;Схватка;[18+]
221730;221905;Блокбастер;68;Х/ф;Раздолбай;[18+]
221905;222100;Блокбастер;68;Х/ф;Рысь;[18+]
222100;222255;Блокбастер;68;Х/ф;Гранит;[18+]
222255;230050;Блокбастер;68;Х/ф;Русский рейд;[18+]
220035;220215;Про Любовь;81;Х/ф;Александра;[18+]
220215;220520;Про Любовь;81;Х/ф;Девушка средних лет;[18+]
220520;220700;Про Любовь;81;Х/ф;Женщина, не склонная к авантюрам;[18+]
220700;220915;Про Любовь;81;Х/ф;Благословите женщину;[18+]
220915;221100;Про Любовь;81;Х/ф;Долгожданная любовь;[18+]
221100;221155;Про Любовь;81;Х/ф;Отважный и красавица;[18+]
221155;221250;Про Любовь;81;Х/ф;Отважный и красавица;[18+]
221250;221345;Про Любовь;81;Х/ф;Отважный и красавица;[18+]
221345;221440;Про Любовь;81;Х/ф;Отважный и красавица;[18+]
221440;221535;Про Любовь;81;Х/ф;Отважный и красавица;[18+]
221535;221735;Про Любовь;81;Х/ф;Женщина, не склонная к авантюрам;[18+]
221735;222100;Про Любовь;81;Х/ф;Из Сибири с любовью;[18+]
222100;222255;Про Любовь;81;Х/ф;Переписать любовь;[18+]
222255;230055;Про Любовь;81;Х/ф;Невеста моего друга;[18+]
220200;220600;СТС Love;;Х/ф;Даёшь молодёжь!;[16+]
220600;220700;СТС Love;;Х/ф;Даёшь молодёжь!;[16+]
220700;220955;СТС Love;;Х/ф;Три кота;[0+]
220955;222330;СТС Love;;Х/ф;Молодёжка;[16+]
222330;230120;СТС Love;;Х/ф;Завтрак у папы;[12+]
220015;220030;КтоКуда;;Х/ф;Мировой вояж;[16+]
220030;220055;КтоКуда;;Х/ф;Великий Русский Северный Путь;[]
220055;220120;КтоКуда;;Х/ф;"Вокруг света" с Владиславой Жазири;[12+]
220120;220135;КтоКуда;;Х/ф;Наша марка;[12+]
220135;220155;КтоКуда;;Х/ф;Вкус путешествий;[12+]
220155;220225;КтоКуда;;Х/ф;Вкус путешествий;[12+]
220225;220250;КтоКуда;;Х/ф;Экстрим для чайников;[16+]
220250;220315;КтоКуда;;Х/ф;Экстрим для чайников;[16+]
220315;220345;КтоКуда;;Х/ф;Вкус путешествий;[12+]
220345;220415;КтоКуда;;Х/ф;Уникальные места России;[12+]
220415;220435;КтоКуда;;Х/ф;Моторы. Дороги дальние;[16+]
220435;220450;КтоКуда;;Х/ф;Мировой вояж;[16+]
220450;220505;КтоКуда;;Х/ф;Вне зоны;[16+]
220505;220600;КтоКуда;;Х/ф;Серийный турист;[12+]
220600;220635;КтоКуда;;Х/ф;Уличная еда;[12+]
220635;220700;КтоКуда;;Х/ф;Один день с Алексеем Гусевым;[12+]
220700;220725;КтоКуда;;Х/ф;Один день с Алексеем Гусевым;[12+]
220725;220740;КтоКуда;;Х/ф;Наша марка;[12+]
220740;220810;КтоКуда;;Х/ф;Вокруг света пешком;[12+]
220810;220825;КтоКуда;;Х/ф;Мировой вояж;[16+]
220825;220855;КтоКуда;;Х/ф;Великий Русский Северный Путь;[12+]
220855;220920;КтоКуда;;Х/ф;"Вокруг света" с Владиславой Жазири;[12+]
220920;220935;КтоКуда;;Х/ф;Наша марка;[12+]
220935;220955;КтоКуда;;Х/ф;Вкус путешествий;[12+]
220955;221025;КтоКуда;;Х/ф;Вкус путешествий;[12+]
221025;221050;КтоКуда;;Х/ф;Экстрим для чайников;[16+]
221050;221115;КтоКуда;;Х/ф;Экстрим для чайников;[16+]
221115;221215;КтоКуда;;Х/ф;Жемчужина Арктики;[]
221215;221235;КтоКуда;;Х/ф;Моторы. Дороги дальние;[16+]
221235;221250;КтоКуда;;Х/ф;Мировой вояж;[16+]
221250;221305;КтоКуда;;Х/ф;Вне зоны;[16+]
221305;221400;КтоКуда;;Х/ф;Серийный турист;[12+]
221400;221435;КтоКуда;;Х/ф;Уличная еда;[12+]
221435;221500;КтоКуда;;Х/ф;Один день с Алексеем Гусевым;[12+]
221500;221525;КтоКуда;;Х/ф;Один день с Алексеем Гусевым;[12+]
221525;221540;КтоКуда;;Х/ф;Наша марка;[12+]
221540;221610;КтоКуда;;Х/ф;Вокруг света пешком;[12+]
221610;221625;КтоКуда;;Х/ф;Мировой вояж;[16+]
221625;221655;КтоКуда;;Х/ф;Великий Русский Северный Путь;[12+]
221655;221720;КтоКуда;;Х/ф;"Вокруг света" с Владиславой Жазири;[12+]
221720;221735;КтоКуда;;Х/ф;Наша марка;[12+]
221735;221755;КтоКуда;;Х/ф;Вкус путешествий;[12+]
221755;221825;КтоКуда;;Х/ф;Вкус путешествий;[12+]
221825;221850;КтоКуда;;Х/ф;Экстрим для чайников;[16+]
221850;221915;КтоКуда;;Х/ф;Экстрим для чайников;[16+]
221915;222015;КтоКуда;;Х/ф;Жемчужина Арктики;[]
222015;222035;КтоКуда;;Х/ф;Моторы. Дороги дальние;[16+]
222035;222050;КтоКуда;;Х/ф;Мировой вояж;[16+]
222050;222105;КтоКуда;;Х/ф;Вне зоны;[16+]
222105;222200;КтоКуда;;Х/ф;Серийный турист;[12+]
222200;222235;КтоКуда;;Х/ф;Уличная еда;[12+]
222235;222300;КтоКуда;;Х/ф;Один день с Алексеем Гусевым;[12+]
222300;222325;КтоКуда;;Х/ф;Один день с Алексеем Гусевым;[12+]
222325;222340;КтоКуда;;Х/ф;Наша марка;[12+]
222340;230010;КтоКуда;;Х/ф;Вокруг света пешком;[12+]
220100;220255;Кинопоказ;33;Х/ф;Поезд на Юму;[18+]
220255;220500;Кинопоказ;33;Х/ф;Основной инстинкт;[18+]
220500;220640;Кинопоказ;33;Х/ф;Последний беспредел;[18+]
220640;220825;Кинопоказ;33;Х/ф;Афера по-английски;[18+]
220825;221030;Кинопоказ;33;Х/ф;Большие деньги;[18+]
221030;221210;Кинопоказ;33;Х/ф;Ультраамериканцы;[18+]
221210;221410;Кинопоказ;33;Х/ф;Последний беспредел;[18+]
221410;221600;Кинопоказ;33;Х/ф;Афера по-английски;[18+]
221600;221800;Кинопоказ;33;Х/ф;Большие деньги;[18+]
221800;221945;Кинопоказ;33;Х/ф;Ультраамериканцы;[18+]
221945;222145;Кинопоказ;33;Х/ф;Последний беспредел;[18+]
222145;222335;Кинопоказ;33;Х/ф;Афера по-английски;[18+]
222335;230130;Кинопоказ;33;Х/ф;Большие деньги;[18+]
220005;220105;Наше Мужское;84;Х/ф;Бандитский Петербург. Журналист;[18+]
220105;220155;Наше Мужское;84;Х/ф;Бандитский Петербург. Журналист;[18+]
220155;220245;Наше Мужское;84;Х/ф;Профиль убийцы;[18+]
220245;220335;Наше Мужское;84;Х/ф;Профиль убийцы;[18+]
220335;220500;Наше Мужское;84;Х/ф;Сармат;[18+]
220500;220545;Наше Мужское;84;Х/ф;Последний мент;[18+]
220545;220625;Наше Мужское;84;Х/ф;Последний мент;[18+]
220625;220710;Наше Мужское;84;Х/ф;Солдаты;[18+]
220710;220800;Наше Мужское;84;Х/ф;Солдаты;[18+]
220800;220855;Наше Мужское;84;Х/ф;Бандитский Петербург. Журналист;[18+]
220855;220955;Наше Мужское;84;Х/ф;Бандитский Петербург. Журналист;[18+]
220955;221050;Наше Мужское;84;Х/ф;Профиль убийцы;[18+]
221050;221140;Наше Мужское;84;Х/ф;Профиль убийцы;[18+]
221140;221230;Наше Мужское;84;Х/ф;Последний мент;[18+]
221230;221320;Наше Мужское;84;Х/ф;Последний мент;[18+]
221320;221410;Наше Мужское;84;Х/ф;Солдаты;[18+]
221410;221500;Наше Мужское;84;Х/ф;Солдаты;[18+]
221500;221600;Наше Мужское;84;Х/ф;Бандитский Петербург. Журналист;[18+]
221600;221700;Наше Мужское;84;Х/ф;Бандитский Петербург. Журналист;[18+]
221700;221800;Наше Мужское;84;Х/ф;Бандитский Петербург. Журналист;[18+]
221800;221850;Наше Мужское;84;Х/ф;Бандитский Петербург. Передел;[18+]
221850;221950;Наше Мужское;84;Х/ф;Профиль убийцы;[18+]
221950;222040;Наше Мужское;84;Х/ф;Профиль убийцы;[18+]
222040;222130;Наше Мужское;84;Х/ф;Последний мент;[18+]
222130;222220;Наше Мужское;84;Х/ф;Последний мент;[18+]
222220;222310;Наше Мужское;84;Х/ф;Солдаты;[18+]
222310;230000;Наше Мужское;84;Х/ф;Солдаты;[18+]
220135;220435;Наш Кинопоказ;72;Х/ф;Смертельная схватка;[18+]
220435;220620;Наш Кинопоказ;72;Х/ф;Блюз опадающих листьев;[18+]
220620;220755;Наш Кинопоказ;72;Х/ф;Песочный дождь;[18+]
220755;220810;Наш Кинопоказ;72;Х/ф;Байкал;[18+]
220810;220825;Наш Кинопоказ;72;Х/ф;Байкал;[18+]
220825;220840;Наш Кинопоказ;72;Х/ф;Байкал;[18+]
220840;220855;Наш Кинопоказ;72;Х/ф;Соловецкие острова;[18+]
220855;220905;Наш Кинопоказ;72;Х/ф;Соловецкие острова;[18+]
220905;220925;Наш Кинопоказ;72;Х/ф;Соловецкие острова;[18+]
220925;220940;Наш Кинопоказ;72;Х/ф;Соловецкие острова;[18+]
220940;221000;Наш Кинопоказ;72;Х/ф;Соловецкие острова;[18+]
221000;221150;Наш Кинопоказ;72;Х/ф;Боксёр;[18+]
221150;221520;Наш Кинопоказ;72;Х/ф;Призрак уездного театра;[18+]
221520;221700;Наш Кинопоказ;72;Х/ф;Нулевые;[18+]
221700;221840;Наш Кинопоказ;72;Х/ф;Гудбай, мой бай;[18+]
221840;222030;Наш Кинопоказ;72;Х/ф;Роковое СМС;[18+]
222030;222225;Наш Кинопоказ;72;Х/ф;Парижская тайна;[18+]
222225;230010;Наш Кинопоказ;72;Х/ф;Нулевые;[18+]
220035;220210;Золотая коллекция;37;Х/ф;Верные друзья;[16+]
220210;220330;Золотая коллекция;37;Х/ф;Звонят, откройте дверь;[16+]
220330;220525;Золотая коллекция;37;Х/ф;Автомобиль, скрипка и собака Клякса;[16+]
220525;220700;Золотая коллекция;37;Х/ф;Внимание, черепаха!;[16+]
220700;220845;Золотая коллекция;37;Х/ф;Высота;[16+]
220845;221015;Золотая коллекция;37;Х/ф;Крепкий орешек;[16+]
221015;221200;Золотая коллекция;37;Х/ф;Американская дочь;[16+]
221200;221855;Золотая коллекция;37;Х/ф;Место встречи изменить нельзя;[16+]
221855;230000;Золотая коллекция;37;Х/ф;Гардемарины, вперед!;[16+]
220055;220230;KinoJam 1;79;Х/ф;Время патриотов;[16+]
220230;220320;KinoJam 1;79;Х/ф;Крёстный;[18+]
220320;220410;KinoJam 1;79;Х/ф;Крёстный;[18+]
220410;220455;KinoJam 1;79;Х/ф;Крёстный;[18+]
220455;220545;KinoJam 1;79;Х/ф;Крёстный;[18+]
220545;220720;KinoJam 1;79;Х/ф;Пассажирка;[18+]
220720;220920;KinoJam 1;79;Х/ф;Аритмия;[18+]
220920;221140;KinoJam 1;79;Х/ф;Небо;[16+]
221140;221240;KinoJam 1;79;Х/ф;Курорт цвета хаки;[18+]
221240;221330;KinoJam 1;79;Х/ф;Курорт цвета хаки;[18+]
221330;221425;KinoJam 1;79;Х/ф;Курорт цвета хаки;[18+]
221425;221520;KinoJam 1;79;Х/ф;Курорт цвета хаки;[18+]
221520;221615;KinoJam 1;79;Х/ф;Курорт цвета хаки;[18+]
221615;221710;KinoJam 1;79;Х/ф;Курорт цвета хаки;[18+]
221710;221805;KinoJam 1;79;Х/ф;Курорт цвета хаки;[18+]
221805;221900;KinoJam 1;79;Х/ф;Курорт цвета хаки;[18+]
221900;222050;KinoJam 1;79;Х/ф;По-мужски;[18+]
222050;222225;KinoJam 1;79;Х/ф;Лунатики;[18+]
222225;222355;KinoJam 1;79;Х/ф;Отбросы;[18+]
222355;230155;KinoJam 1;79;Х/ф;Слуга государев. Режиссёрская версия;[18+]
220705;220835;KinoJam 2;76;Х/ф;Конченая;[18+]
220835;221025;KinoJam 2;76;Х/ф;Взрывная блондинка;[18+]
221025;221205;KinoJam 2;76;Х/ф;Астерикс и Обеликс в Британии;[12+]
221205;221400;KinoJam 2;76;Х/ф;Паркер;[18+]
221400;221535;KinoJam 2;76;Х/ф;Кин;[18+]
221535;221725;KinoJam 2;76;Х/ф;Ограбление из будущего;[18+]
221725;221850;KinoJam 2;76;Х/ф;Мастер и его муза;[18+]
221850;230640;KinoJam 2;76;Х/ф;Иррациональный человек;[18+]
220030;220110;Звезда Плюс;;Х/ф;Битва оружейников;[16+]
220110;220145;Звезда Плюс;;Х/ф;Битва оружейников;[16+]
220145;220225;Звезда Плюс;;Х/ф;Битва оружейников;[16+]
220225;220305;Звезда Плюс;;Х/ф;Легенды кино;[12+]
220305;220345;Звезда Плюс;;Х/ф;Легенды космоса;[12+]
220345;220425;Звезда Плюс;;Х/ф;Легенды космоса;[12+]
220425;220505;Звезда Плюс;;Х/ф;Ищу своих;[12+]
220505;220530;Звезда Плюс;;Х/ф;Перелом. Хроника Победы;[16+]
220530;220600;Звезда Плюс;;Х/ф;Перелом. Хроника Победы;[16+]
220600;220625;Звезда Плюс;;Х/ф;Любовь на линии огня;[16+]
220625;220650;Звезда Плюс;;Х/ф;Любовь на линии огня;[16+]
220650;220715;Звезда Плюс;;Х/ф;Любовь на линии огня;[16+]
220715;220740;Звезда Плюс;;Х/ф;Любовь на линии огня;[16+]
220740;220805;Звезда Плюс;;Х/ф;Любовь на линии огня;[16+]
220805;220855;Звезда Плюс;;Х/ф;Секретные материалы;[16+]
220855;220940;Звезда Плюс;;Х/ф;Секретные материалы;[16+]
220940;221020;Звезда Плюс;;Х/ф;Секретные материалы;[16+]
221020;221105;Звезда Плюс;;Х/ф;Секретные материалы;[16+]
221105;221150;Звезда Плюс;;Х/ф;Секретные материалы;[16+]
221150;221230;Звезда Плюс;;Х/ф;"Легенды армии" с Александром Маршалом;[12+]
221230;221315;Звезда Плюс;;Х/ф;"Легенды армии" с Александром Маршалом;[12+]
221315;221400;Звезда Плюс;;Х/ф;"Легенды армии" с Александром Маршалом;[12+]
221400;221445;Звезда Плюс;;Х/ф;"Легенды армии" с Александром Маршалом;[12+]
221445;221525;Звезда Плюс;;Х/ф;"Легенды армии" с Александром Маршалом;[12+]
221525;221610;Звезда Плюс;;Х/ф;Код доступа;[12+]
221610;221655;Звезда Плюс;;Х/ф;Код доступа;[12+]
221655;221740;Звезда Плюс;;Х/ф;Код доступа;[12+]
221740;221820;Звезда Плюс;;Х/ф;Код доступа;[12+]
221820;221905;Звезда Плюс;;Х/ф;Код доступа;[12+]
221905;221950;Звезда Плюс;;Х/ф;Военная приёмка;[12+]
221950;222035;Звезда Плюс;;Х/ф;Военная приёмка;[12+]
222035;222115;Звезда Плюс;;Х/ф;Военная приёмка;[12+]
222115;222200;Звезда Плюс;;Х/ф;Военная приёмка;[12+]
222200;222245;Звезда Плюс;;Х/ф;Военная приёмка;[12+]
222245;222330;Звезда Плюс;;Х/ф;Легенды советского сыска;[16+]
222330;230015;Звезда Плюс;;Х/ф;Легенды советского сыска;[16+]
220005;220135;Plan B;;Х/ф;Дедушка НЕлёгкого поведения;[18+]
220135;220300;Plan B;;Х/ф;Расплата за грехи;[18+]
220300;220420;Plan B;;Х/ф;Красная бабочка;[18+]
220420;220605;Plan B;;Х/ф;Ветеран;[18+]
220605;220755;Plan B;;Х/ф;Плавучесть;[18+]
220755;220925;Plan B;;Х/ф;Истина в вине;[16+]
220925;221055;Plan B;;Х/ф;Сердце поместья;[16+]
221055;221220;Plan B;;Х/ф;Дорис;[18+]
221220;221350;Plan B;;Х/ф;Мой дядя Архимед;[18+]
221350;221530;Plan B;;Х/ф;Многократные сарказмы;[18+]
221530;221700;Plan B;;Х/ф;Возьми моё сердце;[18+]
221700;221820;Plan B;;Х/ф;13-й район;[18+]
221820;222000;Plan B;;Х/ф;13-й район: Ультиматум;[18+]
222000;222150;Plan B;;Х/ф;22 пули: Бессмертный;[18+]
222150;222345;Plan B;;Х/ф;Оружейный барон;[18+]
222345;230125;Plan B;;Х/ф;Хешер;[18+]
220110;220300;START Air;67;Х/ф;Миллиард;[16+]
220300;220330;START Air;67;Х/ф;Против всех;[16+]
220330;220400;START Air;67;Х/ф;Против всех;[16+]
220400;220430;START Air;67;Х/ф;Против всех;[16+]
220430;220500;START Air;67;Х/ф;Против всех;[16+]
220500;220530;START Air;67;Х/ф;Против всех;[16+]
220530;220600;START Air;67;Х/ф;Против всех;[16+]
220600;220630;START Air;67;Х/ф;Фитнес;[16+]
220630;220655;START Air;67;Х/ф;Фитнес;[16+]
220655;220725;START Air;67;Х/ф;Фитнес;[16+]
220725;220750;START Air;67;Х/ф;Фитнес;[16+]
220750;220820;START Air;67;Х/ф;Фитнес;[16+]
220820;220845;START Air;67;Х/ф;Фитнес;[16+]
220845;220915;START Air;67;Х/ф;Фитнес;[16+]
220915;221105;START Air;67;Х/ф;7 дней, 7 ночей;[12+]
221105;221250;START Air;67;Х/ф;Семейный переполох;[12+]
221250;221320;START Air;67;Х/ф;Инспектор Гаврилов;[16+]
221320;221350;START Air;67;Х/ф;Инспектор Гаврилов;[16+]
221350;221415;START Air;67;Х/ф;Инспектор Гаврилов;[16+]
221415;221445;START Air;67;Х/ф;Инспектор Гаврилов;[16+]
221445;221510;START Air;67;Х/ф;Инспектор Гаврилов;[16+]
221510;221535;START Air;67;Х/ф;Инспектор Гаврилов;[16+]
221535;221605;START Air;67;Х/ф;Инспектор Гаврилов;[16+]
221605;221630;START Air;67;Х/ф;Инспектор Гаврилов;[16+]
221630;221700;START Air;67;Х/ф;Инспектор Гаврилов;[16+]
221700;221910;START Air;67;Х/ф;Бременские музыканты;[12+]
221910;222110;START Air;67;Х/ф;Холоп;[16+]
222110;222310;START Air;67;Х/ф;"Отель "Белград";[16+]
222310;230010;START Air;67;Х/ф;Опасная близость;[16+]
220010;220100;START World;69;Х/ф;Дикий;[16+]
220100;220155;START World;69;Х/ф;Контейнер;[18+]
220155;220255;START World;69;Х/ф;Контейнер;[18+]
220255;220405;START World;69;Х/ф;Контейнер;[18+]
220405;220500;START World;69;Х/ф;Гюльджемаль;[16+]
220500;220600;START World;69;Х/ф;Гюльджемаль;[16+]
220600;220750;START World;69;Х/ф;Большие мечты;[16+]
220750;220950;START World;69;Х/ф;Пара из будущего;[16+]
220950;221040;START World;69;Х/ф;Далёкий город;[16+]
221040;221130;START World;69;Х/ф;Далёкий город;[16+]
221130;221215;START World;69;Х/ф;Далёкий город;[16+]
221215;221305;START World;69;Х/ф;Далёкий город;[16+]
221305;221355;START World;69;Х/ф;Далёкий город;[16+]
221355;221445;START World;69;Х/ф;Далёкий город;[16+]
221445;221535;START World;69;Х/ф;Далёкий город;[16+]
221535;221625;START World;69;Х/ф;Далёкий город;[16+]
221625;221715;START World;69;Х/ф;Далёкий город;[16+]
221715;221800;START World;69;Х/ф;Далёкий город;[16+]
221800;222005;START World;69;Х/ф;Между нами лето;[16+]
222005;222135;START World;69;Х/ф;Синдром;[16+]
222135;222305;START World;69;Х/ф;Он и она;[16+]
222305;230000;START World;69;Х/ф;Контейнер;[18+]
220000;220012;СуперГерои;;Х/ф;Мишки-братишки. План монстра;[6+]
220012;220024;СуперГерои;;Х/ф;Мишки-братишки. План монстра;[6+]
220024;220046;СуперГерои;;Х/ф;Пакман в мире привидений;[6+]
220046;220108;СуперГерои;;Х/ф;Пакман в мире привидений;[6+]
220108;220130;СуперГерои;;Х/ф;Пакман в мире привидений;[6+]
220130;220144;СуперГерои;;Х/ф;Джи-Джи Бонд: Супергонщик;[0+]
220144;220157;СуперГерои;;Х/ф;Джи-Джи Бонд: Супергонщик;[0+]
220157;220210;СуперГерои;;Х/ф;Джи-Джи Бонд: Супергонщик;[0+]
220210;220223;СуперГерои;;Х/ф;Джи-Джи Бонд: Супергонщик;[0+]
220223;220237;СуперГерои;;Х/ф;Джи-Джи Бонд: Супергонщик;[0+]
220237;220251;СуперГерои;;Х/ф;Джи-Джи Бонд: Супергонщик;[0+]
220251;220303;СуперГерои;;Х/ф;Гормити;[0+]
220303;220318;СуперГерои;;Х/ф;Гормити;[0+]
220318;220328;СуперГерои;;Х/ф;Гормити;[0+]
220328;220339;СуперГерои;;Х/ф;Гормити;[0+]
220339;220350;СуперГерои;;Х/ф;Гормити;[0+]
220350;220401;СуперГерои;;Х/ф;Гормити;[0+]
220401;220413;СуперГерои;;Х/ф;Металионы;[6+]
220413;220425;СуперГерои;;Х/ф;Металионы;[6+]
220425;220437;СуперГерои;;Х/ф;Металионы;[6+]
220437;220449;СуперГерои;;Х/ф;Металионы;[6+]
220449;220501;СуперГерои;;Х/ф;Металионы;[6+]
220501;220514;СуперГерои;;Х/ф;История изобретений;[6+]
220514;220527;СуперГерои;;Х/ф;История изобретений;[6+]
220527;220541;СуперГерои;;Х/ф;История изобретений;[6+]
220541;220554;СуперГерои;;Х/ф;История изобретений;[6+]
220554;220608;СуперГерои;;Х/ф;История изобретений;[6+]
220608;220620;СуперГерои;;Х/ф;Идефикс и неукротимые;[6+]
220620;220631;СуперГерои;;Х/ф;Идефикс и неукротимые;[6+]
220631;220643;СуперГерои;;Х/ф;Идефикс и неукротимые;[6+]
220643;220654;СуперГерои;;Х/ф;Идефикс и неукротимые;[6+]
220654;220705;СуперГерои;;Х/ф;Идефикс и неукротимые;[6+]
220705;220717;СуперГерои;;Х/ф;Идефикс и неукротимые;[6+]
220717;220728;СуперГерои;;Х/ф;Забытое чудо;[6+]
220728;220739;СуперГерои;;Х/ф;Кот Басик;[0+]
220739;220754;СуперГерои;;Х/ф;Тюленьки;[]
220754;220800;СуперГерои;;Х/ф;Соня и Лёня;[0+]
220800;220806;СуперГерои;;Х/ф;Соня и Лёня;[0+]
220806;220811;СуперГерои;;Х/ф;Корги по имени Моко. Защитники планеты;[6+]
220811;220815;СуперГерои;;Х/ф;Корги по имени Моко. Защитники планеты;[6+]
220815;220820;СуперГерои;;Х/ф;Корги по имени Моко. Защитники планеты;[6+]
220820;220831;СуперГерои;;Х/ф;Шукки и Бейта;[6+]
220831;220842;СуперГерои;;Х/ф;Шукки и Бейта;[6+]
220842;220853;СуперГерои;;Х/ф;Шукки и Бейта;[6+]
220853;220900;СуперГерои;;Х/ф;Команда Матч;[0+]
220900;220906;СуперГерои;;Х/ф;Команда Матч;[0+]
220906;220913;СуперГерои;;Х/ф;Команда Матч;[0+]
220913;220920;СуперГерои;;Х/ф;Команда Матч;[0+]
220920;220934;СуперГерои;;Х/ф;Мишки-братишки. Осколки кристалла;[6+]
220934;220946;СуперГерои;;Х/ф;Мишки-братишки. Осколки кристалла;[6+]
220946;220959;СуперГерои;;Х/ф;Мишки-братишки. Осколки кристалла;[6+]
220959;221011;СуперГерои;;Х/ф;Мишки-братишки. План монстра;[6+]
221011;221024;СуперГерои;;Х/ф;Мишки-братишки. План монстра;[6+]
221024;221036;СуперГерои;;Х/ф;Мишки-братишки. План монстра;[6+]
221036;221058;СуперГерои;;Х/ф;Пакман в мире привидений;[6+]
221058;221119;СуперГерои;;Х/ф;Пакман в мире привидений;[6+]
221119;221149;СуперГерои;;Х/ф;Детский суперчарт;[0+]
221149;221204;СуперГерои;;Х/ф;Джи-Джи Бонд: Супергонщик;[]
221204;221217;СуперГерои;;Х/ф;Джи-Джи Бонд: Супергонщик;[]
221217;221231;СуперГерои;;Х/ф;Джи-Джи Бонд: Супергонщик;[]
221231;221244;СуперГерои;;Х/ф;Джи-Джи Бонд: Супергонщик;[]
221244;221257;СуперГерои;;Х/ф;Джи-Джи Бонд: Супергонщик;[]
221257;221310;СуперГерои;;Х/ф;Джи-Джи Бонд: Супергонщик;[]
221310;221321;СуперГерои;;Х/ф;Гормити;[0+]
221321;221331;СуперГерои;;Х/ф;Гормити;[0+]
221331;221343;СуперГерои;;Х/ф;Гормити;[0+]
221343;221354;СуперГерои;;Х/ф;Гормити;[0+]
221354;221404;СуперГерои;;Х/ф;Гормити;[0+]
221404;221416;СуперГерои;;Х/ф;Гормити;[0+]
221416;221429;СуперГерои;;Х/ф;Металионы;[6+]
221429;221441;СуперГерои;;Х/ф;Металионы;[6+]
221441;221453;СуперГерои;;Х/ф;Металионы;[6+]
221453;221505;СуперГерои;;Х/ф;Металионы;[6+]
221505;221518;СуперГерои;;Х/ф;Металионы;[6+]
221518;221531;СуперГерои;;Х/ф;История изобретений;[6+]
221531;221544;СуперГерои;;Х/ф;История изобретений;[6+]
221544;221558;СуперГерои;;Х/ф;История изобретений;[6+]
221558;221611;СуперГерои;;Х/ф;История изобретений;[6+]
221611;221624;СуперГерои;;Х/ф;История изобретений;[6+]
221624;221635;СуперГерои;;Х/ф;Идефикс и неукротимые;[6+]
221635;221647;СуперГерои;;Х/ф;Идефикс и неукротимые;[6+]
221647;221658;СуперГерои;;Х/ф;Идефикс и неукротимые;[6+]
221658;221709;СуперГерои;;Х/ф;Идефикс и неукротимые;[6+]
221709;221721;СуперГерои;;Х/ф;Идефикс и неукротимые;[6+]
221721;221732;СуперГерои;;Х/ф;Идефикс и неукротимые;[6+]
221732;221744;СуперГерои;;Х/ф;Забытое чудо;[6+]
221744;221757;СуперГерои;;Х/ф;Лео да Винчи;[6+]
221757;221810;СуперГерои;;Х/ф;Лео да Винчи;[6+]
221810;221823;СуперГерои;;Х/ф;Лео да Винчи;[6+]
221823;221837;СуперГерои;;Х/ф;Лео да Винчи;[6+]
221837;221850;СуперГерои;;Х/ф;Лео да Винчи;[6+]
221850;221903;СуперГерои;;Х/ф;Лео да Винчи;[6+]
221903;221916;СуперГерои;;Х/ф;Карли - искательница приключений. Древнее королевство;[6+]
221916;221929;СуперГерои;;Х/ф;Карли - искательница приключений. Древнее королевство;[6+]
221929;221942;СуперГерои;;Х/ф;Карли - искательница приключений. Древнее королевство;[6+]
221942;221955;СуперГерои;;Х/ф;Карли - искательница приключений. Древнее королевство;[6+]
221955;222008;СуперГерои;;Х/ф;Карли - искательница приключений. Древнее королевство;[6+]
222008;222021;СуперГерои;;Х/ф;Карли - искательница приключений. Древнее королевство;[6+]
222021;222045;СуперГерои;;Х/ф;Драгонеро;[6+]
222045;222107;СуперГерои;;Х/ф;Драгонеро;[6+]
222107;222129;СуперГерои;;Х/ф;Драгонеро;[6+]
222129;222152;СуперГерои;;Х/ф;Драгонеро;[6+]
222152;222213;СуперГерои;;Х/ф;Академия сверхъестественного;[12+]
222213;222234;СуперГерои;;Х/ф;Академия сверхъестественного;[12+]
222234;222256;СуперГерои;;Х/ф;Академия сверхъестественного;[12+]
222256;222317;СуперГерои;;Х/ф;Агент 203;[6+]
222317;222338;СуперГерои;;Х/ф;Агент 203;[6+]
222338;230000;СуперГерои;;Х/ф;Агент 203;[6+]
220030;220155;KINOLIVING;;Х/ф;Скелеты железного острова;[16+]
220155;220325;KINOLIVING;;Х/ф;Загадочные убийства Агаты Кристи;[16+]
220325;220500;KINOLIVING;;Х/ф;Убийства в...;[16+]
220500;220540;KINOLIVING;;Х/ф;Найди меня;[16+]
220540;220620;KINOLIVING;;Х/ф;Найди меня;[16+]
220620;220700;KINOLIVING;;Х/ф;Найди меня;[16+]
220700;220830;KINOLIVING;;Х/ф;Загадочные убийства Агаты Кристи;[16+]
220830;221005;KINOLIVING;;Х/ф;Загадочные убийства Агаты Кристи;[16+]
221005;221140;KINOLIVING;;Х/ф;Загадочные убийства Агаты Кристи;[16+]
221140;221310;KINOLIVING;;Х/ф;Убийства в...;[16+]
221310;221435;KINOLIVING;;Х/ф;Убийства в...;[16+]
221435;221625;KINOLIVING;;Х/ф;Война Люси;[16+]
221625;221800;KINOLIVING;;Х/ф;Ожидание;[16+]
221800;221915;KINOLIVING;;Х/ф;Даааааали!;[16+]
221915;222115;KINOLIVING;;Х/ф;Цвета времени;[16+]
222115;222240;KINOLIVING;;Х/ф;Доктор Эль;[16+]
222240;230010;KINOLIVING;;Х/ф;Доктор Эль;[16+]
220000;220055;Big Planet;;Х/ф;Земля легенд;[16+]
220055;220145;Big Planet;;Х/ф;Военное дело: топ;[16+]
220145;220235;Big Planet;;Х/ф;"Миссия "Воскрешение";[16+]
220235;220300;Big Planet;;Х/ф;Гаражные мечты;[16+]
220300;220350;Big Planet;;Х/ф;Выжить в дикой природе;[16+]
220350;220440;Big Planet;;Х/ф;Выжить в дикой природе;[16+]
220440;220505;Big Planet;;Х/ф;Мир морских глубин;[16+]
220505;220530;Big Planet;;Х/ф;Мир морских глубин;[16+]
220530;220555;Big Planet;;Х/ф;Мир морских глубин;[16+]
220555;220630;Big Planet;;Х/ф;Путешествие с чудаком;[16+]
220630;220710;Big Planet;;Х/ф;Путешествие с чудаком;[16+]
220710;220750;Big Planet;;Х/ф;Путешествие с чудаком;[16+]
220750;220755;Big Planet;;Х/ф;100 чудес света;[16+]
220755;220805;Big Planet;;Х/ф;100 чудес света;[16+]
220805;220855;Big Planet;;Х/ф;Земля легенд;[16+]
220855;220950;Big Planet;;Х/ф;Земля легенд;[16+]
220950;221040;Big Planet;;Х/ф;Военное дело: топ;[16+]
221040;221135;Big Planet;;Х/ф;Военное дело: топ;[16+]
221135;221140;Big Planet;;Х/ф;Удивительно;[12+]
221140;221225;Big Planet;;Х/ф;"Миссия "Воскрешение";[16+]
221225;221315;Big Planet;;Х/ф;"Миссия "Воскрешение";[16+]
221315;221410;Big Planet;;Х/ф;Двое в небе над Непалом;[]
221410;221435;Big Planet;;Х/ф;Гаражные мечты;[16+]
221435;221500;Big Planet;;Х/ф;Гаражные мечты;[16+]
221500;221550;Big Planet;;Х/ф;Выжить в дикой природе;[16+]
221550;221640;Big Planet;;Х/ф;Выжить в дикой природе;[16+]
221640;221705;Big Planet;;Х/ф;Мир морских глубин;[16+]
221705;221730;Big Planet;;Х/ф;Мир морских глубин;[16+]
221730;221755;Big Planet;;Х/ф;Мир морских глубин;[16+]
221755;221830;Big Planet;;Х/ф;Путешествие с чудаком;[16+]
221830;221910;Big Planet;;Х/ф;Путешествие с чудаком;[16+]
221910;221945;Big Planet;;Х/ф;Путешествие с чудаком;[16+]
221945;221955;Big Planet;;Х/ф;100 чудес света;[16+]
221955;222005;Big Planet;;Х/ф;100 чудес света;[16+]
222005;222055;Big Planet;;Х/ф;Земля легенд;[16+]
222055;222150;Big Planet;;Х/ф;Земля легенд;[16+]
222150;222240;Big Planet;;Х/ф;Военное дело: топ;[16+]
222240;222335;Big Planet;;Х/ф;Военное дело: топ;[16+]
222335;222340;Big Planet;;Х/ф;Удивительно;[12+]
222340;230025;Big Planet;;Х/ф;"Миссия "Воскрешение";[16+]
220000;220040;Женский Журнал;;Х/ф;Я худею;[]
220040;220110;Женский Журнал;;Х/ф;Просто вкусно от шеф- повара Волундура Волундарсона;[]
220110;220135;Женский Журнал;;Х/ф;Стильные звёзды;[]
220135;220220;Женский Журнал;;Х/ф;Я - супермодель. Сирены;[]
220220;220245;Женский Журнал;;Х/ф;Двенадцать подвигов Беатрис;[]
220245;220310;Женский Журнал;;Х/ф;На съёмочной площадке;[]
220310;220335;Женский Журнал;;Х/ф;На съёмочной площадке;[]
220335;220420;Женский Журнал;;Х/ф;Доктор Мартин;[]
220420;220510;Женский Журнал;;Х/ф;Доктор Мартин;[]
220510;220535;Женский Журнал;;Х/ф;Звёзды и только;[]
220535;220600;Женский Журнал;;Х/ф;Звёзды и только;[]
220600;220620;Женский Журнал;;Х/ф;Городские путешествия;[]
220620;220645;Женский Журнал;;Х/ф;Городские путешествия;[]
220645;220705;Женский Журнал;;Х/ф;Путешествие по Малайзии с Джоном Тородом;[]
220705;220730;Женский Журнал;;Х/ф;Путешествие по Малайзии с Джоном Тородом;[]
220730;220755;Женский Журнал;;Х/ф;Кулинарное расследование;[]
220755;220820;Женский Журнал;;Х/ф;Готовим по итальянски;[]
220820;220845;Женский Журнал;;Х/ф;Готовим по итальянски;[]
220845;220846;Женский Журнал;;Х/ф;Как отреставрировать замок (и остаться в живых);[]
220846;220848;Женский Журнал;;Х/ф;Как отреставрировать замок (и остаться в живых);[]
220848;220849;Женский Журнал;;Х/ф;Как отреставрировать замок (и остаться в живых);[]
220849;220851;Женский Журнал;;Х/ф;Как отреставрировать замок (и остаться в живых);[]
220851;220852;Женский Журнал;;Х/ф;Как отреставрировать замок (и остаться в живых);[]
220852;220854;Женский Журнал;;Х/ф;Как отреставрировать замок (и остаться в живых);[]
220854;220855;Женский Журнал;;Х/ф;Как отреставрировать замок (и остаться в живых);[]
220855;220857;Женский Журнал;;Х/ф;Как отреставрировать замок (и остаться в живых);[]
220857;220859;Женский Журнал;;Х/ф;Как отреставрировать замок (и остаться в живых);[]
220859;220900;Женский Журнал;;Х/ф;Как отреставрировать замок (и остаться в живых);[]
220900;220902;Женский Журнал;;Х/ф;Как отреставрировать замок (и остаться в живых);[]
220902;220903;Женский Журнал;;Х/ф;Как отреставрировать замок (и остаться в живых);[]
220903;220905;Женский Журнал;;Х/ф;Как отреставрировать замок (и остаться в живых);[]
220905;220906;Женский Журнал;;Х/ф;Как отреставрировать замок (и остаться в живых);[]
220906;220908;Женский Журнал;;Х/ф;Как отреставрировать замок (и остаться в живых);[]
220908;220910;Женский Журнал;;Х/ф;Как отреставрировать замок (и остаться в живых);[]
220910;221000;Женский Журнал;;Х/ф;От ремонта к прибыли;[]
221000;221045;Женский Журнал;;Х/ф;Доктор Мартин;[]
221045;221130;Женский Журнал;;Х/ф;Доктор Мартин;[]
221130;221155;Женский Журнал;;Х/ф;По кирпичику за раз;[]
221155;221255;Женский Журнал;;Х/ф;Идеальные мастера;[]
221255;221425;Женский Журнал;;Х/ф;Загадочные убийства Агаты Кристи;[]
221425;221600;Женский Журнал;;Х/ф;Загадочные убийства Агаты Кристи;[]
221600;221645;Женский Журнал;;Х/ф;8 принципов здоровья;[]
221645;221710;Женский Журнал;;Х/ф;Знаменитости-гурманы;[]
221710;221735;Женский Журнал;;Х/ф;Знаменитости-гурманы;[]
221735;221800;Женский Журнал;;Х/ф;С фермы на стол;[]
221800;221820;Женский Журнал;;Х/ф;По кирпичику за раз;[]
221820;221840;Женский Журнал;;Х/ф;По кирпичику за раз;[]
221840;221900;Женский Журнал;;Х/ф;По кирпичику за раз;[]
221900;221945;Женский Журнал;;Х/ф;Доктор Мартин;[]
221945;222030;Женский Журнал;;Х/ф;Доктор Мартин;[]
222030;222055;Женский Журнал;;Х/ф;Путешествие по Малайзии с Джоном Тородом;[]
222055;222225;Женский Журнал;;Х/ф;Загадочные убийства Агаты Кристи;[]
222225;222310;Женский Журнал;;Х/ф;Обратный отсчёт;[]
222310;230000;Женский Журнал;;Х/ф;Пустите строителей в дом;[]
220040;220245;Кинеко;;Х/ф;Обвинитель;[16+]
220245;220355;Кинеко;;Х/ф;Повелитель солнца;[16+]
220355;220455;Кинеко;;Х/ф;Таинственный сад;[16+]
220455;220600;Кинеко;;Х/ф;Таинственный сад;[16+]
220600;220705;Кинеко;;Х/ф;Повелитель солнца;[16+]
220705;220820;Кинеко;;Х/ф;Повелитель солнца;[16+]
220820;220930;Кинеко;;Х/ф;Повелитель солнца;[16+]
220930;221045;Кинеко;;Х/ф;Повелитель солнца;[16+]
221045;221155;Кинеко;;Х/ф;Повелитель солнца;[16+]
221155;221310;Кинеко;;Х/ф;Повелитель солнца;[16+]
221310;221420;Кинеко;;Х/ф;Повелитель солнца;[16+]
221420;221535;Кинеко;;Х/ф;Повелитель солнца;[16+]
221535;221650;Кинеко;;Х/ф;Повелитель солнца;[16+]
221650;221720;Кинеко;;Х/ф;Второй муж;[16+]
221720;221755;Кинеко;;Х/ф;Второй муж;[16+]
221755;221825;Кинеко;;Х/ф;Второй муж;[16+]
221825;221855;Кинеко;;Х/ф;Второй муж;[16+]
221855;221930;Кинеко;;Х/ф;Второй муж;[16+]
221930;222000;Кинеко;;Х/ф;Второй муж;[16+]
222000;222030;Кинеко;;Х/ф;Второй муж;[16+]
222030;222100;Кинеко;;Х/ф;Второй муж;[16+]
222100;222130;Кинеко;;Х/ф;Второй муж;[16+]
222130;222200;Кинеко;;Х/ф;Второй муж;[16+]
222200;222235;Кинеко;;Х/ф;Второй муж;[16+]
222235;222305;Кинеко;;Х/ф;Второй муж;[16+]
222305;230040;Кинеко;;Х/ф;Спринтер;[12+]
220030;220115;Сапфир;;Х/ф;Запретный плод;[16+]
220115;220200;Сапфир;;Х/ф;Запретный плод;[16+]
220200;220245;Сапфир;;Х/ф;Ранняя пташка;[16+]
220245;220330;Сапфир;;Х/ф;Ранняя пташка;[16+]
220330;220420;Сапфир;;Х/ф;Ранняя пташка;[16+]
220420;220510;Сапфир;;Х/ф;Ранняя пташка;[16+]
220510;220600;Сапфир;;Х/ф;Ранняя пташка;[16+]
220600;220650;Сапфир;;Х/ф;Запретный плод;[16+]
220650;220745;Сапфир;;Х/ф;Запретный плод;[16+]
220745;220840;Сапфир;;Х/ф;Запретный плод;[16+]
220840;220935;Сапфир;;Х/ф;Запретный плод;[16+]
220935;221220;Сапфир;;Х/ф;Клюквенный щербет;[16+]
221220;221505;Сапфир;;Х/ф;Клюквенный щербет;[16+]
221505;221755;Сапфир;;Х/ф;Клюквенный щербет;[16+]
221755;221845;Сапфир;;Х/ф;Ранняя пташка;[16+]
221845;221940;Сапфир;;Х/ф;Ранняя пташка;[16+]
221940;222035;Сапфир;;Х/ф;Ранняя пташка;[16+]
222035;222130;Сапфир;;Х/ф;Ранняя пташка;[16+]
222130;222220;Сапфир;;Х/ф;Ранняя пташка;[16+]
222220;222310;Сапфир;;Х/ф;Ранняя пташка;[16+]
222310;230005;Сапфир;;Х/ф;Ранняя пташка;[16+]
220035;220110;TERRA;;Х/ф;Планета джунглей;[16+]
220110;220135;TERRA;;Х/ф;Планета джунглей;[16+]
220135;220230;TERRA;;Х/ф;Звериный инстинкт;[16+]
220230;220255;TERRA;;Х/ф;Жизнь ветеринара;[16+]
220255;220320;TERRA;;Х/ф;Жизнь ветеринара;[16+]
220320;220345;TERRA;;Х/ф;Реконструкторы;[16+]
220345;220410;TERRA;;Х/ф;Реконструкторы;[16+]
220410;220500;TERRA;;Х/ф;Охотники за лобстерами;[16+]
220500;220600;TERRA;;Х/ф;Ржавые тачки Вегаса;[16+]
220600;220620;TERRA;;Х/ф;Гаражные мечты;[16+]
220620;220645;TERRA;;Х/ф;Гаражные мечты;[16+]
220645;220745;TERRA;;Х/ф;В погоне за танками;[16+]
220745;220840;TERRA;;Х/ф;Машины с того света;[16+]
220840;220905;TERRA;;Х/ф;Мир морских глубин;[16+]
220905;220935;TERRA;;Х/ф;Мир морских глубин;[16+]
220935;221000;TERRA;;Х/ф;Жизнь ветеринара;[16+]
221000;221030;TERRA;;Х/ф;Жизнь ветеринара;[16+]
221030;221125;TERRA;;Х/ф;Ржавые тачки Вегаса;[16+]
221125;221220;TERRA;;Х/ф;Ржавые тачки Вегаса;[16+]
221220;221315;TERRA;;Х/ф;Ржавые тачки Вегаса;[16+]
221315;221410;TERRA;;Х/ф;Ржавые тачки Вегаса;[16+]
221410;221510;TERRA;;Х/ф;Ржавые тачки Вегаса;[16+]
221510;221540;TERRA;;Х/ф;Планета джунглей;[16+]
221540;221610;TERRA;;Х/ф;Планета джунглей;[16+]
221610;221640;TERRA;;Х/ф;Планета джунглей;[16+]
221640;221710;TERRA;;Х/ф;Планета джунглей;[16+]
221710;221745;TERRA;;Х/ф;Планета джунглей;[16+]
221745;221815;TERRA;;Х/ф;Планета джунглей;[16+]
221815;221845;TERRA;;Х/ф;Планета джунглей;[16+]
221845;221920;TERRA;;Х/ф;Планета джунглей;[16+]
221920;221950;TERRA;;Х/ф;Планета джунглей;[16+]
221950;222020;TERRA;;Х/ф;Планета джунглей;[16+]
222020;222045;TERRA;;Х/ф;Реконструкторы;[16+]
222045;222110;TERRA;;Х/ф;Реконструкторы;[16+]
222110;222140;TERRA;;Х/ф;Реконструкторы;[16+]
222140;222205;TERRA;;Х/ф;Реконструкторы;[16+]
222205;222230;TERRA;;Х/ф;Реконструкторы;[16+]
222230;222300;TERRA;;Х/ф;Реконструкторы;[16+]
222300;222325;TERRA;;Х/ф;Реконструкторы;[16+]
222325;222350;TERRA;;Х/ф;Реконструкторы;[16+]
222350;230020;TERRA;;Х/ф;Реконструкторы;[16+]
220005;220055;CuriosityStream;;Х/ф;Быстрее! Как сэкономить время;[12+]
220055;220125;CuriosityStream;;Х/ф;"Свистящая смерть: История "Корсара";[12+]
220125;220145;CuriosityStream;;Х/ф;"Свистящая смерть: История "Корсара";[12+]
220145;220220;CuriosityStream;;Х/ф;Бомбардировщики: курс на Америку;[12+]
220220;220245;CuriosityStream;;Х/ф;Бомбардировщики: курс на Америку;[12+]
220245;220330;CuriosityStream;;Х/ф;Шаг в будущее;[12+]
220330;220400;CuriosityStream;;Х/ф;Опасные самолеты-близнецы;[12+]
220400;220425;CuriosityStream;;Х/ф;Падение Люфтваффе;[12+]
220425;220450;CuriosityStream;;Х/ф;Нью-Йорк наизнанку;[12+]
220450;220520;CuriosityStream;;Х/ф;Нью-Йорк наизнанку;[12+]
220520;220540;CuriosityStream;;Х/ф;Техноигрушки;[12+]
220540;220600;CuriosityStream;;Х/ф;"Свистящая смерть: История "Корсара";[12+]
220600;220610;CuriosityStream;;Х/ф;Научный прорыв;[12+]
220610;220630;CuriosityStream;;Х/ф;Научный прорыв;[12+]
220630;220645;CuriosityStream;;Х/ф;Научный прорыв;[12+]
220645;220655;CuriosityStream;;Х/ф;Научный прорыв;[12+]
220655;220745;CuriosityStream;;Х/ф;Земля: Движущие силы планеты;[12+]
220745;220815;CuriosityStream;;Х/ф;Дневник путешественника: Медведи Катмая;[12+]
220815;220835;CuriosityStream;;Х/ф;Дневник путешественника: Медведи Катмая;[12+]
220835;220855;CuriosityStream;;Х/ф;Уроки взросления;[12+]
220855;220915;CuriosityStream;;Х/ф;Уроки взросления;[12+]
220915;220935;CuriosityStream;;Х/ф;Уроки взросления;[12+]
220935;221025;CuriosityStream;;Х/ф;Король гор - беркут;[12+]
221025;221115;CuriosityStream;;Х/ф;Животные и суеверия;[12+]
221115;221205;CuriosityStream;;Х/ф;Острова;[12+]
221205;221215;CuriosityStream;;Х/ф;Научный прорыв;[12+]
221215;221235;CuriosityStream;;Х/ф;Научный прорыв;[12+]
221235;221250;CuriosityStream;;Х/ф;Научный прорыв;[12+]
221250;221305;CuriosityStream;;Х/ф;Научный прорыв;[12+]
221305;221355;CuriosityStream;;Х/ф;Земля: Движущие силы планеты;[12+]
221355;221420;CuriosityStream;;Х/ф;Дневник путешественника: Медведи Катмая;[12+]
221420;221445;CuriosityStream;;Х/ф;Дневник путешественника: Медведи Катмая;[12+]
221445;221505;CuriosityStream;;Х/ф;Уроки взросления;[12+]
221505;221525;CuriosityStream;;Х/ф;Уроки взросления;[12+]
221525;221545;CuriosityStream;;Х/ф;Уроки взросления;[12+]
221545;221635;CuriosityStream;;Х/ф;Король гор - беркут;[12+]
221635;221720;CuriosityStream;;Х/ф;Животные и суеверия;[12+]
221720;221810;CuriosityStream;;Х/ф;Острова;[12+]
221810;221825;CuriosityStream;;Х/ф;Научный прорыв;[12+]
221825;221845;CuriosityStream;;Х/ф;Научный прорыв;[12+]
221845;221855;CuriosityStream;;Х/ф;Научный прорыв;[12+]
221855;221910;CuriosityStream;;Х/ф;Научный прорыв;[12+]
221910;222000;CuriosityStream;;Х/ф;Земля: Движущие силы планеты;[12+]
222000;222025;CuriosityStream;;Х/ф;Дневник путешественника: Медведи Катмая;[12+]
222025;222050;CuriosityStream;;Х/ф;Дневник путешественника: Медведи Катмая;[12+]
222050;222110;CuriosityStream;;Х/ф;Уроки взросления;[12+]
222110;222130;CuriosityStream;;Х/ф;Уроки взросления;[12+]
222130;222150;CuriosityStream;;Х/ф;Уроки взросления;[12+]
222150;222240;CuriosityStream;;Х/ф;Король гор - беркут;[12+]
222240;222330;CuriosityStream;;Х/ф;Животные и суеверия;[12+]
222330;230020;CuriosityStream;;Х/ф;Острова;[12+]
220120;220235;Советская киноклассика ;;Х/ф;Маринка, Янка и тайна королевского замка;[18+]
220235;220335;Советская киноклассика ;;Х/ф;Рэкет;[18+]
220335;220435;Советская киноклассика ;;Х/ф;Рэкет;[18+]
220435;220525;Советская киноклассика ;;Х/ф;Рэкет;[18+]
220525;220620;Советская киноклассика ;;Х/ф;Рэкет;[18+]
220620;220730;Советская киноклассика ;;Х/ф;Рэкет;[18+]
220730;220915;Советская киноклассика ;;Х/ф;Пацаны;[18+]
220915;221100;Советская киноклассика ;;Х/ф;Шофёр поневоле;[18+]
221100;221240;Советская киноклассика ;;Х/ф;Ёлки-палки!;[18+]
221240;221435;Советская киноклассика ;;Х/ф;Семь невест ефрейтора Збруева;[18+]
221435;221625;Советская киноклассика ;;Х/ф;Три плюс два;[18+]
221625;221800;Советская киноклассика ;;Х/ф;Зайчик;[18+]
221800;221950;Советская киноклассика ;;Х/ф;Максим Перепелица;[18+]
221950;222130;Советская киноклассика ;;Х/ф;Шофёр поневоле;[18+]
222130;222310;Советская киноклассика ;;Х/ф;Ёлки-палки!;[18+]
222310;230100;Советская киноклассика ;;Х/ф;Семь невест ефрейтора Збруева;[18+]
220000;220030;Аппетитный;;Х/ф;Сеня в деле;[16+]
220030;220100;Аппетитный;;Х/ф;Так вкусно!;[16+]
220100;220130;Аппетитный;;Х/ф;Кухня Большого Шефа;[16+]
220130;220200;Аппетитный;;Х/ф;АлмазанКитчен;[16+]
220200;220230;Аппетитный;;Х/ф;Это просто;[16+]
220230;220300;Аппетитный;;Х/ф;Каспийский Берег;[16+]
220300;220330;Аппетитный;;Х/ф;Кладовая лета с Аппетитным. С огорода - на стол;[16+]
220330;220400;Аппетитный;;Х/ф;Коршикова Любовь - Домашние рецепты;[16+]
220400;220430;Аппетитный;;Х/ф;Сеня в деле;[16+]
220430;220500;Аппетитный;;Х/ф;Так вкусно!;[16+]
220500;220530;Аппетитный;;Х/ф;Кухня Большого Шефа;[16+]
220530;220600;Аппетитный;;Х/ф;АлмазанКитчен;[16+]
220600;220630;Аппетитный;;Х/ф;Это просто;[16+]
220630;220700;Аппетитный;;Х/ф;Каспийский Берег;[16+]
220700;220730;Аппетитный;;Х/ф;Кладовая лета с Аппетитным. Секреты домашних заготовок;[16+]
220730;220800;Аппетитный;;Х/ф;Коршикова Любовь - Домашние рецепты;[16+]
220800;220830;Аппетитный;;Х/ф;Сеня в деле;[16+]
220830;220900;Аппетитный;;Х/ф;Так вкусно!;[16+]
220900;220930;Аппетитный;;Х/ф;Кухня Большого Шефа;[16+]
220930;221000;Аппетитный;;Х/ф;АлмазанКитчен;[16+]
221000;221030;Аппетитный;;Х/ф;Это просто;[16+]
221030;221100;Аппетитный;;Х/ф;Каспийский Берег;[16+]
221100;221130;Аппетитный;;Х/ф;Кладовая лета с Аппетитным. С огорода - на стол;[16+]
221130;221200;Аппетитный;;Х/ф;Коршикова Любовь - Домашние рецепты;[16+]
221200;221230;Аппетитный;;Х/ф;Сеня в деле;[16+]
221230;221300;Аппетитный;;Х/ф;Так вкусно!;[16+]
221300;221330;Аппетитный;;Х/ф;Кухня Большого Шефа;[16+]
221330;221400;Аппетитный;;Х/ф;АлмазанКитчен;[16+]
221400;221430;Аппетитный;;Х/ф;Это просто;[16+]
221430;221500;Аппетитный;;Х/ф;Каспийский Берег;[16+]
221500;221530;Аппетитный;;Х/ф;Кладовая лета с Аппетитным. Секреты домашних заготовок;[16+]
221530;221600;Аппетитный;;Х/ф;Коршикова Любовь - Домашние рецепты;[16+]
221600;221630;Аппетитный;;Х/ф;Сеня в деле;[16+]
221630;221700;Аппетитный;;Х/ф;Дето4ка Солнца;[16+]
221700;221730;Аппетитный;;Х/ф;Кухня Большого Шефа;[16+]
221730;221800;Аппетитный;;Х/ф;Кухня Большого Шефа;[16+]
221800;221830;Аппетитный;;Х/ф;Это просто;[16+]
221830;221900;Аппетитный;;Х/ф;Каспийский Берег;[16+]
221900;221930;Аппетитный;;Х/ф;Кладовая лета с Аппетитным. Секреты домашних заготовок;[16+]
221930;222000;Аппетитный;;Х/ф;Коршикова Любовь - Домашние рецепты;[16+]
222000;222030;Аппетитный;;Х/ф;Сеня в деле;[16+]
222030;222100;Аппетитный;;Х/ф;Так вкусно!;[16+]
222100;222130;Аппетитный;;Х/ф;Кухня Большого Шефа;[16+]
222130;222200;Аппетитный;;Х/ф;АлмазанКитчен;[16+]
222200;222230;Аппетитный;;Х/ф;Это просто;[16+]
222230;222300;Аппетитный;;Х/ф;Каспийский Берег;[16+]
222300;222330;Аппетитный;;Х/ф;Кладовая лета с Аппетитным. С огорода - на стол;[16+]
222330;230000;Аппетитный;;Х/ф;Коршикова Любовь - Домашние рецепты;[16+]
220000;220320;Патриот;;Х/ф;Алые погоны;[16+]
220320;220430;Патриот;;Х/ф;Мама, я жив;[12+]
220430;220545;Патриот;;Х/ф;Машенька;[16+]
220545;220715;Патриот;;Х/ф;У опасной черты;[18+]
220715;220900;Патриот;;Х/ф;Сотрудник ЧК;[16+]
220900;221040;Патриот;;Х/ф;Трое вышли из леса;[16+]
221040;221750;Патриот;;Х/ф;Конвой PQ-17;[18+]
221750;221925;Патриот;;Х/ф;Освобождение;[16+]
221925;222100;Патриот;;Х/ф;Освобождение;[16+]
222100;222315;Патриот;;Х/ф;Освобождение;[16+]
222315;230040;Патриот;;Х/ф;Освобождение;[16+]
220000;220040;viju TV1000 romantica;;Х/ф;Какао;[16+]
220040;220125;viju TV1000 romantica;;Х/ф;Радость жизни;[16+]
220125;220210;viju TV1000 romantica;;Х/ф;Радость жизни;[16+]
220210;220310;viju TV1000 romantica;;Х/ф;Императрица Ки;[16+]
220310;220405;viju TV1000 romantica;;Х/ф;Императрица Ки;[16+]
220405;220450;viju TV1000 romantica;;Х/ф;Легенда о героях;[16+]
220450;220535;viju TV1000 romantica;;Х/ф;Легенда о героях;[16+]
220535;220625;viju TV1000 romantica;;Х/ф;Радость жизни;[16+]
220625;220710;viju TV1000 romantica;;Х/ф;Радость жизни;[16+]
220710;220755;viju TV1000 romantica;;Х/ф;Радость жизни;[16+]
220755;220840;viju TV1000 romantica;;Х/ф;Радость жизни;[16+]
220840;220925;viju TV1000 romantica;;Х/ф;Радость жизни;[16+]
220925;221015;viju TV1000 romantica;;Х/ф;Любовь напрокат;[16+]
221015;221100;viju TV1000 romantica;;Х/ф;Любовь напрокат;[16+]
221100;221145;viju TV1000 romantica;;Х/ф;Любовь напрокат;[16+]
221145;221230;viju TV1000 romantica;;Х/ф;Любовь напрокат;[16+]
221230;221315;viju TV1000 romantica;;Х/ф;Любовь напрокат;[16+]
221315;221400;viju TV1000 romantica;;Х/ф;Постучись в мою дверь;[16+]
221400;221445;viju TV1000 romantica;;Х/ф;Постучись в мою дверь;[16+]
221445;221530;viju TV1000 romantica;;Х/ф;Постучись в мою дверь;[16+]
221530;221615;viju TV1000 romantica;;Х/ф;Постучись в мою дверь;[16+]
221615;221655;viju TV1000 romantica;;Х/ф;Постучись в мою дверь;[16+]
221655;221740;viju TV1000 romantica;;Х/ф;Постучись в мою дверь;[16+]
221740;221930;viju TV1000 romantica;;Х/ф;Восхитительно;[16+]
221930;222130;viju TV1000 romantica;;Х/ф;Разрисованная вуаль;[16+]
222130;222215;viju TV1000 romantica;;Х/ф;Дороги Индии;[16+]
222215;222300;viju TV1000 romantica;;Х/ф;Дороги Индии;[16+]
222300;222345;viju TV1000 romantica;;Х/ф;Дороги Индии;[16+]
222345;230030;viju TV1000 romantica;;Х/ф;Дороги Индии;[16+]
220000;220045;VESNA;;Х/ф;Тайна спящей дамы;[12+]
220045;220135;VESNA;;Х/ф;Тайна спящей дамы;[12+]
220135;220220;VESNA;;Х/ф;Тайна спящей дамы;[12+]
220220;220350;VESNA;;Х/ф;Свадебная кутерьма;[16+]
220350;220520;VESNA;;Х/ф;Научиться дышать;[]
220520;220705;VESNA;;Х/ф;Сердце без замка;[16+]
220705;220820;VESNA;;Х/ф;Американец;[18+]
220820;220910;VESNA;;Х/ф;Вместе навсегда;[18+]
220910;221005;VESNA;;Х/ф;Вместе навсегда;[18+]
221005;221130;VESNA;;Х/ф;Обручальное кольцо;[16+]
221130;221255;VESNA;;Х/ф;Любовь в Сансет Тэррэс;[16+]
221255;221420;VESNA;;Х/ф;Фото на память;[]
221420;221545;VESNA;;Х/ф;Кинозвезда и ковбой;[16+]
221545;221710;VESNA;;Х/ф;У Зои будет ребёнок;[18+]
221710;221835;VESNA;;Х/ф;Ключ к любви;[16+]
221835;222000;VESNA;;Х/ф;Красота любви;[16+]
222000;222120;VESNA;;Х/ф;Платья и мечты;[18+]
222120;222245;VESNA;;Х/ф;Во имя любви к шоколаду;[16+]
222245;230030;VESNA;;Х/ф;Невинный поцелуй;[18+]
