Start;Stop;Chanel;Num;Ctg;NameSer;Ratio
170100;170500;Первый;1;Х/ф;Телеканал "Доброе утро";[]
170500;170510;Первый;1;Х/ф;Новости;[]
170510;170600;Первый;1;Х/ф;Модный приговор;[0+]
170600;170650;Первый;1;Х/ф;Жить здорово!;[16+]
170650;170825;Первый;1;Х/ф;ПОДКАСТ.ЛАБ;[16+]
170825;170900;Первый;1;Х/ф;"Микаэл Таривердиев. "Игра с судьбой";[12+]
170900;170930;Первый;1;Х/ф;Новости (с субтитрами);[]
170930;170950;Первый;1;Х/ф;"Микаэл Таривердиев. "Игра с судьбой";[12+]
170950;171100;Первый;1;Х/ф;Большая игра;[16+]
171100;171200;Первый;1;Х/ф;Время покажет;[16+]
171200;171215;Первый;1;Х/ф;Новости (с субтитрами) 2 с.;[]
171215;171305;Первый;1;Х/ф;Давай поженимся!;[16+]
171305;171400;Первый;1;Х/ф;Мужское / Женское;[16+]
171400;171415;Первый;1;Х/ф;Вечерние новости (с субтитрами);[]
171415;171445;Первый;1;Х/ф;Время покажет 2 с.;[16+]
171445;171550;Первый;1;Х/ф;Большая игра 2 с.;[16+]
171550;171700;Первый;1;Х/ф;Пусть говорят;[16+]
171700;171745;Первый;1;Х/ф;Время;[]
171745;171840;Первый;1;Х/ф;Премьера. "Петербургский роман" 1 с.;[12+]
171840;171940;Первый;1;Х/ф;Большая игра 3 с.;[16+]
171940;172040;Первый;1;Х/ф;Время героев;[16+]
172040;172120;Первый;1;Х/ф;ПОДКАСТ.ЛАБ 2 с.;[16+]
172120;172155;Первый;1;Х/ф;ПОДКАСТ.ЛАБ 3 с.;[16+]
172155;172235;Первый;1;Х/ф;ПОДКАСТ.ЛАБ 4 с.;[16+]
172235;172300;Первый;1;Х/ф;ПОДКАСТ.ЛАБ 5 с.;[16+]
172300;172305;Первый;1;Х/ф;Новости 2 с.;[]
172305;172325;Первый;1;Х/ф;ПОДКАСТ.ЛАБ 6 с.;[16+]
172325;180020;Первый;1;Х/ф;ПОДКАСТ.ЛАБ 7 с.;[16+]
180020;180057;Первый;1;Х/ф;ПОДКАСТ.ЛАБ 8 с.;[16+]
180057;180100;Первый;1;Х/ф;Перерыв в вещании;[]
180100;180500;Первый;1;Х/ф;Телеканал "Доброе утро" 2 с.;[]
180500;180505;Первый;1;Х/ф;Новости 3 с.;[]
180505;180555;Первый;1;Х/ф;Модный приговор 2 с.;[0+]
180555;180640;Первый;1;Х/ф;Жить здорово! 2 с.;[16+]
180640;180900;Первый;1;Х/ф;Время покажет 3 с.;[16+]
180900;180925;Первый;1;Х/ф;Новости (с субтитрами) 3 с.;[]
180925;180950;Первый;1;Х/ф;Время покажет 4 с.;[16+]
180950;181100;Первый;1;Х/ф;Большая игра 4 с.;[16+]
181100;181200;Первый;1;Х/ф;Время покажет 5 с.;[16+]
181200;181215;Первый;1;Х/ф;Новости (с субтитрами) 4 с.;[]
181215;181305;Первый;1;Х/ф;Давай поженимся! 2 с.;[16+]
181305;181400;Первый;1;Х/ф;Мужское / Женское 2 с.;[16+]
181400;181415;Первый;1;Х/ф;Вечерние новости (с субтитрами) 2 с.;[]
181415;181445;Первый;1;Х/ф;Время покажет 6 с.;[16+]
181445;181550;Первый;1;Х/ф;Большая игра 5 с.;[16+]
181550;181700;Первый;1;Х/ф;Пусть говорят 2 с.;[16+]
181700;181745;Первый;1;Х/ф;Время 2 с.;[]
181745;181845;Первый;1;Х/ф;Премьера. "Петербургский роман" 2 с.;[12+]
181845;181945;Первый;1;Х/ф;Большая игра 6 с.;[16+]
181945;182030;Первый;1;Х/ф;Время команданте;[12+]
182030;182105;Первый;1;Х/ф;ПОДКАСТ.ЛАБ 9 с.;[16+]
182105;182145;Первый;1;Х/ф;ПОДКАСТ.ЛАБ 10 с.;[16+]
182145;182220;Первый;1;Х/ф;ПОДКАСТ.ЛАБ 11 с.;[16+]
182220;182300;Первый;1;Х/ф;ПОДКАСТ.ЛАБ 12 с.;[16+]
182300;182305;Первый;1;Х/ф;Новости 4 с.;[]
182305;182345;Первый;1;Х/ф;ПОДКАСТ.ЛАБ 13 с.;[16+]
182345;190020;Первый;1;Х/ф;ПОДКАСТ.ЛАБ 14 с.;[16+]
190020;190057;Первый;1;Х/ф;ПОДКАСТ.ЛАБ 15 с.;[16+]
190057;190100;Первый;1;Х/ф;Перерыв в вещании 2 с.;[]
190100;190500;Первый;1;Х/ф;Телеканал "Доброе утро" 3 с.;[]
190500;190505;Первый;1;Х/ф;Новости 5 с.;[]
190505;190555;Первый;1;Х/ф;Модный приговор 3 с.;[0+]
190555;190640;Первый;1;Х/ф;Жить здорово! 3 с.;[16+]
190640;190900;Первый;1;Х/ф;Время покажет 7 с.;[16+]
190900;190925;Первый;1;Х/ф;Новости (с субтитрами) 5 с.;[]
190925;190950;Первый;1;Х/ф;Время покажет 8 с.;[16+]
190950;191100;Первый;1;Х/ф;Большая игра 7 с.;[16+]
191100;191200;Первый;1;Х/ф;Время покажет 9 с.;[16+]
191200;191215;Первый;1;Х/ф;Новости (с субтитрами) 6 с.;[]
191215;191305;Первый;1;Х/ф;Давай поженимся! 3 с.;[16+]
191305;191400;Первый;1;Х/ф;Мужское / Женское 3 с.;[16+]
191400;191415;Первый;1;Х/ф;Вечерние новости (с субтитрами) 3 с.;[]
191415;191445;Первый;1;Х/ф;Время покажет 10 с.;[16+]
191445;191510;Первый;1;Х/ф;Большая игра 8 с.;[16+]
191510;191550;Первый;1;Х/ф;Время покажет 11 с.;[16+]
191550;191700;Первый;1;Х/ф;Пусть говорят 3 с.;[16+]
191700;191745;Первый;1;Х/ф;Время 3 с.;[]
191745;191845;Первый;1;Х/ф;Премьера. "Петербургский роман" 3 с.;[12+]
191845;191945;Первый;1;Х/ф;Большая игра 9 с.;[16+]
191945;192035;Первый;1;Х/ф;Следствие по путчу. Разлом;[16+]
192035;192110;Первый;1;Х/ф;ПОДКАСТ.ЛАБ 16 с.;[16+]
192110;192145;Первый;1;Х/ф;ПОДКАСТ.ЛАБ 17 с.;[16+]
192145;192225;Первый;1;Х/ф;ПОДКАСТ.ЛАБ 18 с.;[16+]
192225;192300;Первый;1;Х/ф;ПОДКАСТ.ЛАБ 19 с.;[16+]
192300;192305;Первый;1;Х/ф;Новости 6 с.;[]
192305;192345;Первый;1;Х/ф;ПОДКАСТ.ЛАБ 20 с.;[16+]
192345;200020;Первый;1;Х/ф;ПОДКАСТ.ЛАБ 21 с.;[16+]
200020;200057;Первый;1;Х/ф;ПОДКАСТ.ЛАБ 22 с.;[16+]
200057;200100;Первый;1;Х/ф;Перерыв в вещании 3 с.;[]
200100;200500;Первый;1;Х/ф;Телеканал "Доброе утро" 4 с.;[]
200500;200505;Первый;1;Х/ф;Новости 7 с.;[]
200505;200555;Первый;1;Х/ф;Модный приговор 4 с.;[0+]
200555;200640;Первый;1;Х/ф;Жить здорово! 4 с.;[16+]
200640;200900;Первый;1;Х/ф;Время покажет 12 с.;[16+]
200900;200925;Первый;1;Х/ф;Новости (с субтитрами) 7 с.;[]
200925;200950;Первый;1;Х/ф;Время покажет 13 с.;[16+]
200950;201100;Первый;1;Х/ф;Большая игра 10 с.;[16+]
201100;201200;Первый;1;Х/ф;Время покажет 14 с.;[16+]
201200;201215;Первый;1;Х/ф;Новости (с субтитрами) 8 с.;[]
201215;201305;Первый;1;Х/ф;Давай поженимся! 4 с.;[16+]
201305;201400;Первый;1;Х/ф;Мужское / Женское 4 с.;[16+]
201400;201415;Первый;1;Х/ф;Вечерние новости (с субтитрами) 4 с.;[]
201415;201445;Первый;1;Х/ф;Время покажет 15 с.;[16+]
201445;201510;Первый;1;Х/ф;Большая игра 11 с.;[16+]
201510;201550;Первый;1;Х/ф;Время покажет 16 с.;[16+]
201550;201700;Первый;1;Х/ф;Пусть говорят;[16+]
201700;201745;Первый;1;Х/ф;Время 4 с.;[]
201745;201845;Первый;1;Х/ф;Премьера. "Петербургский роман" 4 с.;[12+]
201845;201945;Первый;1;Х/ф;Большая игра 12 с.;[16+]
201945;202040;Первый;1;Х/ф;"Чужие внутри". Специальный репортаж;[16+]
202040;202120;Первый;1;Х/ф;ПОДКАСТ.ЛАБ 23 с.;[16+]
202120;202155;Первый;1;Х/ф;ПОДКАСТ.ЛАБ 24 с.;[16+]
202155;202235;Первый;1;Х/ф;ПОДКАСТ.ЛАБ 25 с.;[16+]
202235;202300;Первый;1;Х/ф;ПОДКАСТ.ЛАБ 26 с.;[16+]
202300;202305;Первый;1;Х/ф;Новости 8 с.;[]
202305;202320;Первый;1;Х/ф;ПОДКАСТ.ЛАБ 27 с.;[16+]
202320;210020;Первый;1;Х/ф;ПОДКАСТ.ЛАБ 28 с.;[16+]
210020;210057;Первый;1;Х/ф;ПОДКАСТ.ЛАБ 29 с.;[16+]
210057;210100;Первый;1;Х/ф;Перерыв в вещании 4 с.;[]
210100;210500;Первый;1;Х/ф;Телеканал "Доброе утро";[]
210500;210505;Первый;1;Х/ф;Новости 9 с.;[]
210505;210555;Первый;1;Х/ф;Модный приговор;[0+]
210555;210640;Первый;1;Х/ф;Жить здорово!;[16+]
210640;210900;Первый;1;Х/ф;Время покажет 17 с.;[16+]
210900;210925;Первый;1;Х/ф;Новости (с субтитрами) 9 с.;[]
210925;210950;Первый;1;Х/ф;Время покажет 18 с.;[16+]
210950;211100;Первый;1;Х/ф;Большая игра 13 с.;[16+]
211100;211200;Первый;1;Х/ф;Время покажет 19 с.;[16+]
211200;211215;Первый;1;Х/ф;Новости (с субтитрами);[]
211215;211305;Первый;1;Х/ф;Давай поженимся!;[16+]
211305;211400;Первый;1;Х/ф;Мужское / Женское;[16+]
211400;211435;Первый;1;Х/ф;Вечерние новости (с субтитрами) 5 с.;[]
211435;211440;Первый;1;Х/ф;Время покажет;[16+]
211440;211545;Первый;1;Х/ф;Большая игра 14 с.;[16+]
211545;211700;Первый;1;Х/ф;Поле чудес;[16+]
211700;211745;Первый;1;Х/ф;Время 5 с.;[]
211745;211955;Первый;1;Х/ф;Премьера. Большой концерт Димы Билана;[12+]
211955;212045;Первый;1;Х/ф;Валентин Гафт. Под каждой маской - тайна жизни;[12+]
212045;212120;Первый;1;Х/ф;ПОДКАСТ.ЛАБ 30 с.;[16+]
212120;212200;Первый;1;Х/ф;ПОДКАСТ.ЛАБ 31 с.;[16+]
212200;212235;Первый;1;Х/ф;ПОДКАСТ.ЛАБ 32 с.;[16+]
212235;212310;Первый;1;Х/ф;ПОДКАСТ.ЛАБ 33 с.;[16+]
212310;212350;Первый;1;Х/ф;ПОДКАСТ.ЛАБ 34 с.;[16+]
212350;220025;Первый;1;Х/ф;ПОДКАСТ.ЛАБ 35 с.;[16+]
220025;220120;Первый;1;Х/ф;ПОДКАСТ.ЛАБ 36 с.;[16+]
220120;220200;Первый;1;Х/ф;ПОДКАСТ.ЛАБ 37 с.;[16+]
220200;220545;Первый;1;Х/ф;Телеканал "Доброе утро. Суббота";[]
220545;220600;Первый;1;Х/ф;Слово пастыря;[0+]
220600;220615;Первый;1;Х/ф;Новости 10 с.;[]
220615;220710;Первый;1;Х/ф;"Символы России". Ко Дню Государственного флага России;[12+]
220710;220800;Первый;1;Х/ф;Вспомнить всё;[12+]
220800;220815;Первый;1;Х/ф;Новости 11 с.;[]
220815;220910;Первый;1;Х/ф;Наше всё. Сделано в России;[12+]
220910;221305;Первый;1;Х/ф;Спросите медсестру;[16+]
221305;221400;Первый;1;Х/ф;Кто хочет стать миллионером?;[12+]
221400;221420;Первый;1;Х/ф;Вечерние новости (с субтитрами);[]
221420;221700;Первый;1;Х/ф;Сегодня вечером;[16+]
221700;221735;Первый;1;Х/ф;Время 6 с.;[]
221735;221955;Первый;1;Х/ф;"Клуб Веселых и Находчивых". Высшая лига;[16+]
221955;222200;Первый;1;Х/ф;Лучшая жизнь;[18+]
222200;222240;Первый;1;Х/ф;ПОДКАСТ.ЛАБ 38 с.;[16+]
222240;222320;Первый;1;Х/ф;ПОДКАСТ.ЛАБ 39 с.;[16+]
222320;230000;Первый;1;Х/ф;ПОДКАСТ.ЛАБ 40 с.;[16+]
230000;230040;Первый;1;Х/ф;ПОДКАСТ.ЛАБ 41 с.;[16+]
230040;230120;Первый;1;Х/ф;ПОДКАСТ.ЛАБ 42 с.;[16+]
230120;230200;Первый;1;Х/ф;ПОДКАСТ.ЛАБ 43 с.;[16+]
230200;230210;Первый;1;Х/ф;Новости 12 с.;[]
230210;230255;Первый;1;Х/ф;Играй, гармонь любимая!;[12+]
230255;230325;Первый;1;Х/ф;Часовой;[12+]
230325;230430;Первый;1;Х/ф;Здоровье;[16+]
230430;230510;Первый;1;Х/ф;Золотая коллекция Союзмультфильма;[0+]
230510;230530;Первый;1;Х/ф;"Непутевые заметки" с Дмитрием Крыловым;[12+]
230530;230600;Первый;1;Х/ф;"Мечталлион". Национальная Лотерея;[12+]
230600;230615;Первый;1;Х/ф;Новости 13 с.;[]
230615;230710;Первый;1;Х/ф;Жизнь своих;[12+]
230710;230800;Первый;1;Х/ф;Повара на колесах;[12+]
230800;230815;Первый;1;Х/ф;Новости;[]
230815;230915;Первый;1;Х/ф;Курская битва. И плавилась броня;[12+]
230915;231005;Первый;1;Х/ф;Видели видео?;[0+]
231005;231200;Первый;1;Х/ф;Спросите медсестру;[16+]
231200;231400;Первый;1;Х/ф;"Премьера. "Скрытые мотивы";[16+]
231400;231500;Первый;1;Х/ф;Вечерние новости;[]
231500;231700;Первый;1;Х/ф;Точь-в-Точь;[16+]
231700;231900;Первый;1;Х/ф;Время;[]
231900;232010;Первый;1;Х/ф;Большая игра;[16+]
232010;232055;Первый;1;Х/ф;ПОДКАСТ.ЛАБ 44 с.;[16+]
232055;232130;Первый;1;Х/ф;ПОДКАСТ.ЛАБ 45 с.;[16+]
232130;232210;Первый;1;Х/ф;ПОДКАСТ.ЛАБ 46 с.;[16+]
232210;232245;Первый;1;Х/ф;ПОДКАСТ.ЛАБ 47 с.;[16+]
232245;232320;Первый;1;Х/ф;ПОДКАСТ.ЛАБ 48 с.;[16+]
232320;232355;Первый;1;Х/ф;ПОДКАСТ.ЛАБ 49 с.;[16+]
232355;240020;Первый;1;Х/ф;ПОДКАСТ.ЛАБ 50 с.;[16+]
240020;240057;Первый;1;Х/ф;ПОДКАСТ.ЛАБ;[16+]
240057;240100;Первый;1;Х/ф;Перерыв в вещании;[]
170000;170045;365 дней ТВ;2;Х/ф;Нобелевские лауреаты 7 с.;[16+]
170045;170100;365 дней ТВ;2;Х/ф;Русское наследие. Южные рубежи 8 с.;[12+]
170100;170150;365 дней ТВ;2;Х/ф;Всемирное наследие. Россия 9 с.;[12+]
170150;170205;365 дней ТВ;2;Х/ф;По законам чести. Из истории дуэлей 8 с.;[12+]
170205;170255;365 дней ТВ;2;Х/ф;Оружие холодной войны 9 с.;[16+]
170255;170355;365 дней ТВ;2;Х/ф;Грустное детство Алины Веселовой;[12+]
170355;170430;365 дней ТВ;2;Х/ф;Найти и рассказать 1 с.;[12+]
170430;170520;365 дней ТВ;2;Х/ф;Война престолов: Подлинная история Европы 2 с.;[16+]
170520;170605;365 дней ТВ;2;Х/ф;Историограф 98 с.;[12+]
170605;170650;365 дней ТВ;2;Х/ф;Нобелевские лауреаты 8 с.;[16+]
170650;170735;365 дней ТВ;2;Х/ф;Освобождение: решающие битвы 5 с.;[12+]
170735;170805;365 дней ТВ;2;Х/ф;Взгляд с высоты;[12+]
170805;170850;365 дней ТВ;2;Х/ф;Оружие холодной войны 10 с.;[16+]
170850;171000;365 дней ТВ;2;Х/ф;Моя Россия: музыкальное путешествие 3 с.;[12+]
171000;171025;365 дней ТВ;2;Х/ф;Россия научная. Великие имена;[12+]
171025;171115;365 дней ТВ;2;Х/ф;Война престолов: Подлинная история Европы 3 с.;[16+]
171115;171200;365 дней ТВ;2;Х/ф;Историограф 99 с.;[12+]
171200;171250;365 дней ТВ;2;Х/ф;Нобелевские лауреаты 9 с.;[16+]
171250;171330;365 дней ТВ;2;Х/ф;Освобождение: решающие битвы 6 с.;[12+]
171330;171405;365 дней ТВ;2;Х/ф;Алексей Щусев. Спасти и сохранить;[12+]
171405;171450;365 дней ТВ;2;Х/ф;Освоение Крыма:;[12+]
171450;171535;365 дней ТВ;2;Х/ф;Ледоколы войны 2 с.;[12+]
171535;171610;365 дней ТВ;2;Х/ф;Взгляд с высоты 2 с.;[12+]
171610;171710;365 дней ТВ;2;Х/ф;Северный морской путь 3 с.;[16+]
171710;171800;365 дней ТВ;2;Х/ф;Историограф 100 с.;[12+]
171800;171900;365 дней ТВ;2;Х/ф;Знаменитые дуэты в истории искусства 4 с.;[16+]
171900;172005;365 дней ТВ;2;Х/ф;Доноры блокадного Ленинграда. Сквозь время;[12+]
172005;172100;365 дней ТВ;2;Х/ф;Версаль - цена величия 1 с.;[16+]
172100;172150;365 дней ТВ;2;Х/ф;Историограф 73 с.;[12+]
172150;172230;365 дней ТВ;2;Х/ф;Сквозь времена 2 с.;[12+]
172230;172310;365 дней ТВ;2;Х/ф;Кондратий Рылеев. Последнее письмо;[12+]
172310;180000;365 дней ТВ;2;Х/ф;Неизвестные сражения Великой Отечественной 14 с.;[12+]
180000;180045;365 дней ТВ;2;Х/ф;Нобелевские лауреаты 8 с.;[16+]
180045;180130;365 дней ТВ;2;Х/ф;Освобождение: решающие битвы 5 с.;[12+]
180130;180135;365 дней ТВ;2;Х/ф;Семь дней истории 266 с.;[12+]
180135;180205;365 дней ТВ;2;Х/ф;Взгляд с высоты 3 с.;[12+]
180205;180250;365 дней ТВ;2;Х/ф;Оружие холодной войны 10 с.;[16+]
180250;180400;365 дней ТВ;2;Х/ф;Моя Россия: музыкальное путешествие 3 с.;[12+]
180400;180425;365 дней ТВ;2;Х/ф;Россия научная. Великие имена 2 с.;[12+]
180425;180515;365 дней ТВ;2;Х/ф;Война престолов: Подлинная история Европы 3 с.;[16+]
180515;180600;365 дней ТВ;2;Х/ф;Историограф 99 с.;[12+]
180600;180650;365 дней ТВ;2;Х/ф;Нобелевские лауреаты 9 с.;[16+]
180650;180730;365 дней ТВ;2;Х/ф;Освобождение: решающие битвы 6 с.;[12+]
180730;180805;365 дней ТВ;2;Х/ф;Алексей Щусев. Спасти и сохранить 2 с.;[12+]
180805;180850;365 дней ТВ;2;Х/ф;Освоение Крыма: 2 с.;[12+]
180850;180935;365 дней ТВ;2;Х/ф;Ледоколы войны 2 с.;[12+]
180935;181010;365 дней ТВ;2;Х/ф;Взгляд с высоты;[12+]
181010;181110;365 дней ТВ;2;Х/ф;Северный морской путь 3 с.;[16+]
181110;181200;365 дней ТВ;2;Х/ф;Историограф 100 с.;[12+]
181200;181300;365 дней ТВ;2;Х/ф;Знаменитые дуэты в истории искусства 4 с.;[16+]
181300;181405;365 дней ТВ;2;Х/ф;Доноры блокадного Ленинграда. Сквозь время 2 с.;[12+]
181405;181500;365 дней ТВ;2;Х/ф;Версаль - цена величия 1 с.;[16+]
181500;181550;365 дней ТВ;2;Х/ф;Историограф 73 с.;[12+]
181550;181630;365 дней ТВ;2;Х/ф;Сквозь времена 2 с.;[12+]
181630;181710;365 дней ТВ;2;Х/ф;Кондратий Рылеев. Последнее письмо 2 с.;[12+]
181710;181800;365 дней ТВ;2;Х/ф;Неизвестные сражения Великой Отечественной 14 с.;[12+]
181800;181840;365 дней ТВ;2;Х/ф;Щит и меч: легенды госбезопасности 3 с.;[16+]
181840;181935;365 дней ТВ;2;Х/ф;Щёлкин. Крёстный отец атомной бомбы;[12+]
181935;182035;365 дней ТВ;2;Х/ф;Новогодняя сказка для взрослых;[16+]
182035;182100;365 дней ТВ;2;Х/ф;Жил-был Дом 8 с.;[12+]
182100;182145;365 дней ТВ;2;Х/ф;Историограф 74 с.;[12+]
182145;182155;365 дней ТВ;2;Х/ф;Семь дней истории 258 с.;[12+]
182155;190000;365 дней ТВ;2;Х/ф;Секреты истории;[16+]
190000;190045;365 дней ТВ;2;Х/ф;Нобелевские лауреаты 9 с.;[16+]
190045;190130;365 дней ТВ;2;Х/ф;Освобождение: решающие битвы 6 с.;[12+]
190130;190200;365 дней ТВ;2;Х/ф;Алексей Щусев. Спасти и сохранить;[12+]
190200;190250;365 дней ТВ;2;Х/ф;Освоение Крыма:;[12+]
190250;190335;365 дней ТВ;2;Х/ф;Ледоколы войны 2 с.;[12+]
190335;190400;365 дней ТВ;2;Х/ф;Россия научная. Великие имена 3 с.;[12+]
190400;191000;365 дней ТВ;2;Х/ф;Профилактика на канале с 4.00 до 10.00;[]
191000;191030;365 дней ТВ;2;Х/ф;Личность в истории 10 с.;[12+]
191030;191035;365 дней ТВ;2;Х/ф;Семь дней истории 237 с.;[12+]
191035;191120;365 дней ТВ;2;Х/ф;Кондратий Рылеев. Последнее письмо 3 с.;[12+]
191120;191205;365 дней ТВ;2;Х/ф;Неизвестные сражения Великой Отечественной 14 с.;[12+]
191205;191250;365 дней ТВ;2;Х/ф;Щит и меч: легенды госбезопасности 3 с.;[16+]
191250;191340;365 дней ТВ;2;Х/ф;Щёлкин. Крёстный отец атомной бомбы 2 с.;[12+]
191340;191440;365 дней ТВ;2;Х/ф;Новогодняя сказка для взрослых 2 с.;[16+]
191440;191510;365 дней ТВ;2;Х/ф;Жил-был Дом 8 с.;[12+]
191510;191555;365 дней ТВ;2;Х/ф;Историограф 74 с.;[12+]
191555;191800;365 дней ТВ;2;Х/ф;Секреты истории 2 с.;[16+]
191800;191840;365 дней ТВ;2;Х/ф;Щит и меч: легенды госбезопасности 4 с.;[16+]
191840;191905;365 дней ТВ;2;Х/ф;Россия научная. Великие имена 4 с.;[12+]
191905;191955;365 дней ТВ;2;Х/ф;Всемирное наследие. Россия 10 с.;[12+]
191955;192055;365 дней ТВ;2;Х/ф;Донбасс: Изнанка войны;[16+]
192055;192105;365 дней ТВ;2;Х/ф;Обыкновенная история 234 с.;[6+]
192105;192150;365 дней ТВ;2;Х/ф;Историограф 75 с.;[12+]
192150;192220;365 дней ТВ;2;Х/ф;Народный фронт Победы 17 с.;[12+]
192220;192310;365 дней ТВ;2;Х/ф;Война престолов: Подлинная история Европы 1 с.;[16+]
192310;200000;365 дней ТВ;2;Х/ф;Неизвестные сражения Великой Отечественной 12 с.;[12+]
200000;200055;365 дней ТВ;2;Х/ф;Знаменитые дуэты в истории искусства 4 с.;[16+]
200055;200205;365 дней ТВ;2;Х/ф;Доноры блокадного Ленинграда. Сквозь время;[12+]
200205;200300;365 дней ТВ;2;Х/ф;Версаль - цена величия 1 с.;[16+]
200300;200350;365 дней ТВ;2;Х/ф;Историограф 73 с.;[12+]
200350;200430;365 дней ТВ;2;Х/ф;Сквозь времена 2 с.;[12+]
200430;200510;365 дней ТВ;2;Х/ф;Кондратий Рылеев. Последнее письмо;[12+]
200510;200600;365 дней ТВ;2;Х/ф;Неизвестные сражения Великой Отечественной 14 с.;[12+]
200600;200640;365 дней ТВ;2;Х/ф;Щит и меч: легенды госбезопасности 3 с.;[16+]
200640;200735;365 дней ТВ;2;Х/ф;Щёлкин. Крёстный отец атомной бомбы 3 с.;[12+]
200735;200835;365 дней ТВ;2;Х/ф;Новогодняя сказка для взрослых 3 с.;[16+]
200835;200900;365 дней ТВ;2;Х/ф;Жил-был Дом 8 с.;[12+]
200900;200945;365 дней ТВ;2;Х/ф;Историограф 74 с.;[12+]
200945;201005;365 дней ТВ;2;Х/ф;Пешком по Москве 40 с.;[6+]
201005;201210;365 дней ТВ;2;Х/ф;Секреты истории 3 с.;[16+]
201210;201250;365 дней ТВ;2;Х/ф;Щит и меч: легенды госбезопасности 4 с.;[16+]
201250;201315;365 дней ТВ;2;Х/ф;Россия научная. Великие имена 5 с.;[12+]
201315;201405;365 дней ТВ;2;Х/ф;Всемирное наследие. Россия 10 с.;[12+]
201405;201505;365 дней ТВ;2;Х/ф;Донбасс: Изнанка войны 2 с.;[16+]
201505;201550;365 дней ТВ;2;Х/ф;Историограф 75 с.;[12+]
201550;201620;365 дней ТВ;2;Х/ф;Народный фронт Победы 17 с.;[12+]
201620;201710;365 дней ТВ;2;Х/ф;Война престолов: Подлинная история Европы 1 с.;[16+]
201710;201800;365 дней ТВ;2;Х/ф;Неизвестные сражения Великой Отечественной 12 с.;[12+]
201800;201855;365 дней ТВ;2;Х/ф;Это подкаст. История 12 с.;[12+]
201855;201905;365 дней ТВ;2;Х/ф;Обыкновенная история 322 с.;[6+]
201905;202000;365 дней ТВ;2;Х/ф;Всемирное наследие. Россия 11 с.;[12+]
202000;202055;365 дней ТВ;2;Х/ф;Мятеж 3 с.;[18+]
202055;202150;365 дней ТВ;2;Х/ф;Мятеж 4 с.;[18+]
202150;202215;365 дней ТВ;2;Х/ф;Россия научная. Великие имена 6 с.;[12+]
202215;202220;365 дней ТВ;2;Х/ф;Семь дней истории 72 с.;[12+]
202220;202310;365 дней ТВ;2;Х/ф;Война престолов: Подлинная история Европы 2 с.;[16+]
202310;210000;365 дней ТВ;2;Х/ф;Историограф 101 с.;[12+]
210000;210040;365 дней ТВ;2;Х/ф;Щит и меч: легенды госбезопасности 3 с.;[16+]
210040;210135;365 дней ТВ;2;Х/ф;Щёлкин. Крёстный отец атомной бомбы;[12+]
210135;210235;365 дней ТВ;2;Х/ф;Новогодняя сказка для взрослых;[16+]
210235;210300;365 дней ТВ;2;Х/ф;Жил-был Дом 8 с.;[12+]
210300;210345;365 дней ТВ;2;Х/ф;Историограф 74 с.;[12+]
210345;210405;365 дней ТВ;2;Х/ф;Пешком по Москве 44 с.;[6+]
210405;210610;365 дней ТВ;2;Х/ф;Секреты истории;[16+]
210610;210650;365 дней ТВ;2;Х/ф;Щит и меч: легенды госбезопасности 4 с.;[16+]
210650;210715;365 дней ТВ;2;Х/ф;Россия научная. Великие имена 7 с.;[12+]
210715;210805;365 дней ТВ;2;Х/ф;Всемирное наследие. Россия 10 с.;[12+]
210805;210905;365 дней ТВ;2;Х/ф;Донбасс: Изнанка войны 3 с.;[16+]
210905;210950;365 дней ТВ;2;Х/ф;Историограф 75 с.;[12+]
210950;211020;365 дней ТВ;2;Х/ф;Народный фронт Победы 17 с.;[12+]
211020;211115;365 дней ТВ;2;Х/ф;Война престолов: Подлинная история Европы 1 с.;[16+]
211115;211130;365 дней ТВ;2;Х/ф;Пешком по Москве 45 с.;[6+]
211130;211215;365 дней ТВ;2;Х/ф;Неизвестные сражения Великой Отечественной 12 с.;[12+]
211215;211315;365 дней ТВ;2;Х/ф;Это подкаст. История 12 с.;[12+]
211315;211405;365 дней ТВ;2;Х/ф;Всемирное наследие. Россия 11 с.;[12+]
211405;211500;365 дней ТВ;2;Х/ф;Мятеж 3 с.;[18+]
211500;211555;365 дней ТВ;2;Х/ф;Мятеж 4 с.;[18+]
211555;211620;365 дней ТВ;2;Х/ф;Россия научная. Великие имена 8 с.;[12+]
211620;211710;365 дней ТВ;2;Х/ф;Война престолов: Подлинная история Европы 2 с.;[16+]
211710;211800;365 дней ТВ;2;Х/ф;Историограф 101 с.;[12+]
211800;211845;365 дней ТВ;2;Х/ф;Нобелевские лауреаты 10 с.;[16+]
211845;211905;365 дней ТВ;2;Х/ф;Русское наследие. Южные рубежи 7 с.;[12+]
211905;212000;365 дней ТВ;2;Х/ф;Всемирное наследие. Россия 12 с.;[12+]
212000;212045;365 дней ТВ;2;Х/ф;Оружие холодной войны 11 с.;[16+]
212045;212100;365 дней ТВ;2;Х/ф;По законам чести. Из истории дуэлей 16 с.;[12+]
212100;212220;365 дней ТВ;2;Х/ф;Их называли русскими. Самый далёкий фронт;[12+]
212220;212310;365 дней ТВ;2;Х/ф;Война престолов: Подлинная история Европы 3 с.;[16+]
212310;220000;365 дней ТВ;2;Х/ф;Историограф 102 с.;[12+]
220000;220050;365 дней ТВ;2;Х/ф;Щит и меч: легенды госбезопасности 4 с.;[16+]
220050;220110;365 дней ТВ;2;Х/ф;Россия научная. Великие имена 9 с.;[12+]
220110;220200;365 дней ТВ;2;Х/ф;Всемирное наследие. Россия 10 с.;[12+]
220200;220300;365 дней ТВ;2;Х/ф;Донбасс: Изнанка войны;[16+]
220300;220345;365 дней ТВ;2;Х/ф;Историограф 75 с.;[12+]
220345;220410;365 дней ТВ;2;Х/ф;Россия научная. Великие имена 10 с.;[12+]
220410;220440;365 дней ТВ;2;Х/ф;Народный фронт Победы 17 с.;[12+]
220440;220530;365 дней ТВ;2;Х/ф;Война престолов: Подлинная история Европы 1 с.;[16+]
220530;220615;365 дней ТВ;2;Х/ф;Неизвестные сражения Великой Отечественной 12 с.;[12+]
220615;220715;365 дней ТВ;2;Х/ф;Это подкаст. История 12 с.;[12+]
220715;220805;365 дней ТВ;2;Х/ф;Всемирное наследие. Россия 11 с.;[12+]
220805;220900;365 дней ТВ;2;Х/ф;Мятеж 3 с.;[18+]
220900;220955;365 дней ТВ;2;Х/ф;Мятеж 4 с.;[18+]
220955;221020;365 дней ТВ;2;Х/ф;Россия научная. Великие имена 11 с.;[12+]
221020;221110;365 дней ТВ;2;Х/ф;Война престолов: Подлинная история Европы 2 с.;[16+]
221110;221200;365 дней ТВ;2;Х/ф;Историограф 101 с.;[12+]
221200;221245;365 дней ТВ;2;Х/ф;Нобелевские лауреаты 10 с.;[16+]
221245;221305;365 дней ТВ;2;Х/ф;Русское наследие. Южные рубежи 7 с.;[12+]
221305;221400;365 дней ТВ;2;Х/ф;Всемирное наследие. Россия 12 с.;[12+]
221400;221445;365 дней ТВ;2;Х/ф;Оружие холодной войны 11 с.;[16+]
221445;221500;365 дней ТВ;2;Х/ф;По законам чести. Из истории дуэлей 16 с.;[12+]
221500;221620;365 дней ТВ;2;Х/ф;Их называли русскими. Самый далёкий фронт 2 с.;[12+]
221620;221710;365 дней ТВ;2;Х/ф;Война престолов: Подлинная история Европы 3 с.;[16+]
221710;221800;365 дней ТВ;2;Х/ф;Историограф 102 с.;[12+]
221800;221845;365 дней ТВ;2;Х/ф;Нобелевские лауреаты 11 с.;[16+]
221845;221930;365 дней ТВ;2;Х/ф;Освобождение: решающие битвы 7 с.;[12+]
221930;222000;365 дней ТВ;2;Х/ф;Жил-был Дом 7 с.;[12+]
222000;222040;365 дней ТВ;2;Х/ф;Оружие холодной войны 12 с.;[16+]
222040;222130;365 дней ТВ;2;Х/ф;Моя Россия: музыкальное путешествие 4 с.;[12+]
222130;222145;365 дней ТВ;2;Х/ф;По законам чести. Из истории дуэлей 13 с.;[12+]
222145;222220;365 дней ТВ;2;Х/ф;Народный фронт Победы 20 с.;[12+]
222220;222310;365 дней ТВ;2;Х/ф;Война престолов: Подлинная история Европы 4 с.;[16+]
222310;230000;365 дней ТВ;2;Х/ф;Историограф 103 с.;[12+]
230000;230055;365 дней ТВ;2;Х/ф;Это подкаст. История 12 с.;[12+]
230055;230150;365 дней ТВ;2;Х/ф;Всемирное наследие. Россия 11 с.;[12+]
230150;230245;365 дней ТВ;2;Х/ф;Мятеж 3 с.;[18+]
230245;230340;365 дней ТВ;2;Х/ф;Мятеж 4 с.;[18+]
230340;230405;365 дней ТВ;2;Х/ф;Россия научная. Великие имена;[12+]
230405;230455;365 дней ТВ;2;Х/ф;Война престолов: Подлинная история Европы 2 с.;[16+]
230455;230515;365 дней ТВ;2;Х/ф;Пешком по Москве 39 с.;[6+]
230515;230600;365 дней ТВ;2;Х/ф;Историограф 101 с.;[12+]
230600;230645;365 дней ТВ;2;Х/ф;Нобелевские лауреаты 10 с.;[16+]
230645;230705;365 дней ТВ;2;Х/ф;Русское наследие. Южные рубежи 7 с.;[12+]
230705;230800;365 дней ТВ;2;Х/ф;Всемирное наследие. Россия 12 с.;[12+]
230800;230845;365 дней ТВ;2;Х/ф;Оружие холодной войны 11 с.;[16+]
230845;230900;365 дней ТВ;2;Х/ф;По законам чести. Из истории дуэлей 16 с.;[12+]
230900;231020;365 дней ТВ;2;Х/ф;Их называли русскими. Самый далёкий фронт;[12+]
231020;231110;365 дней ТВ;2;Х/ф;Война престолов: Подлинная история Европы 3 с.;[16+]
231110;231200;365 дней ТВ;2;Х/ф;Историограф 102 с.;[12+]
231200;231245;365 дней ТВ;2;Х/ф;Нобелевские лауреаты 11 с.;[16+]
231245;231330;365 дней ТВ;2;Х/ф;Освобождение: решающие битвы 7 с.;[12+]
231330;231400;365 дней ТВ;2;Х/ф;Жил-был Дом 7 с.;[12+]
231400;231440;365 дней ТВ;2;Х/ф;Оружие холодной войны 12 с.;[16+]
231440;231530;365 дней ТВ;2;Х/ф;Моя Россия: музыкальное путешествие 4 с.;[12+]
231530;231545;365 дней ТВ;2;Х/ф;По законам чести. Из истории дуэлей 13 с.;[12+]
231545;231620;365 дней ТВ;2;Х/ф;Народный фронт Победы 20 с.;[12+]
231620;231710;365 дней ТВ;2;Х/ф;Война престолов: Подлинная история Европы 4 с.;[16+]
231710;231800;365 дней ТВ;2;Х/ф;Историограф 103 с.;[12+]
231800;231845;365 дней ТВ;2;Х/ф;Нобелевские лауреаты 12 с.;[16+]
231845;231930;365 дней ТВ;2;Х/ф;Освобождение: решающие битвы 8 с.;[12+]
231930;232005;365 дней ТВ;2;Х/ф;Русский музей: увидеть невидимое 1 с.;[12+]
232005;232055;365 дней ТВ;2;Х/ф;Георгий Победоносец: 1 с.;[16+]
232055;232140;365 дней ТВ;2;Х/ф;Ледоколы войны 3 с.;[12+]
232140;232210;365 дней ТВ;2;Х/ф;Народный фронт Победы 18 с.;[12+]
232210;232310;365 дней ТВ;2;Х/ф;Северный морской путь 4 с.;[16+]
232310;240000;365 дней ТВ;2;Х/ф;Историограф 104 с.;[12+]
170600;170615;.Sci-Fi;9;Х/ф;Путешествие к бессмертию 35 с.;[16+]
170615;170635;.Sci-Fi;9;Х/ф;Путешествие к бессмертию 36 с.;[16+]
170635;170650;.Sci-Fi;9;Х/ф;Путешествие к бессмертию 37 с.;[16+]
170650;170705;.Sci-Fi;9;Х/ф;Путешествие к бессмертию 38 с.;[16+]
170705;170805;.Sci-Fi;9;Х/ф;Одиннадцатое тело 1 с.;[16+]
170805;170900;.Sci-Fi;9;Х/ф;Одиннадцатое тело 2 с.;[16+]
170900;170955;.Sci-Fi;9;Х/ф;Космические технологии: за пределы возможного 9 с.;[16+]
170955;171050;.Sci-Fi;9;Х/ф;Космические технологии: за пределы возможного 10 с.;[16+]
171050;171210;.Sci-Fi;9;Х/ф;Даааааали!;[16+]
171210;171335;.Sci-Fi;9;Х/ф;Королевские каникулы;[16+]
171335;171505;.Sci-Fi;9;Х/ф;Робопёс;[16+]
171505;171525;.Sci-Fi;9;Х/ф;Пришельцы: Рассекречено 20 с.;[16+]
171525;171550;.Sci-Fi;9;Х/ф;Пришельцы: Рассекречено 21 с.;[16+]
171550;171610;.Sci-Fi;9;Х/ф;Пришельцы: Рассекречено 22 с.;[16+]
171610;171710;.Sci-Fi;9;Х/ф;Миссия на Луну 1 с.;[16+]
171710;171810;.Sci-Fi;9;Х/ф;Миссия на Луну 2 с.;[16+]
171810;171905;.Sci-Fi;9;Х/ф;Одиннадцатое тело 2 с.;[16+]
171905;172000;.Sci-Fi;9;Х/ф;Одиннадцатое тело 3 с.;[16+]
172000;172200;.Sci-Fi;9;Х/ф;Укрытие;[16+]
172200;172340;.Sci-Fi;9;Х/ф;Библиотекарь: В поисках копья судьбы;[16+]
172340;180035;.Sci-Fi;9;Х/ф;Хемлок Гроув 7 с.;[18+]
180035;180130;.Sci-Fi;9;Х/ф;Хемлок Гроув 8 с.;[18+]
180130;180225;.Sci-Fi;9;Х/ф;Миссия на Луну 1 с.;[16+]
180225;180320;.Sci-Fi;9;Х/ф;Миссия на Луну 2 с.;[16+]
180320;180410;.Sci-Fi;9;Х/ф;Одиннадцатое тело 3 с.;[16+]
180410;180505;.Sci-Fi;9;Х/ф;Хемлок Гроув 7 с.;[18+]
180505;180600;.Sci-Fi;9;Х/ф;Хемлок Гроув 8 с.;[18+]
180600;180615;.Sci-Fi;9;Х/ф;Путешествие к бессмертию 39 с.;[16+]
180615;180635;.Sci-Fi;9;Х/ф;Путешествие к бессмертию 40 с.;[16+]
180635;180650;.Sci-Fi;9;Х/ф;Путешествие к бессмертию 41 с.;[16+]
180650;180710;.Sci-Fi;9;Х/ф;Путешествие к бессмертию 42 с.;[16+]
180710;180805;.Sci-Fi;9;Х/ф;Миссия на Луну 1 с.;[16+]
180805;180905;.Sci-Fi;9;Х/ф;Миссия на Луну 2 с.;[16+]
180905;180955;.Sci-Fi;9;Х/ф;Одиннадцатое тело 3 с.;[16+]
180955;181155;.Sci-Fi;9;Х/ф;Первый день моей жизни;[16+]
181155;181315;.Sci-Fi;9;Х/ф;Даааааали! 2 с.;[16+]
181315;181505;.Sci-Fi;9;Х/ф;X+Y;[16+]
181505;181530;.Sci-Fi;9;Х/ф;Пришельцы: Рассекречено 23 с.;[16+]
181530;181550;.Sci-Fi;9;Х/ф;Пришельцы: Рассекречено 24 с.;[16+]
181550;181610;.Sci-Fi;9;Х/ф;Пришельцы: Рассекречено 25 с.;[16+]
181610;181710;.Sci-Fi;9;Х/ф;Миссия на Луну 2 с.;[16+]
181710;181810;.Sci-Fi;9;Х/ф;Миссия на Луну 3 с.;[16+]
181810;181905;.Sci-Fi;9;Х/ф;Одиннадцатое тело 4 с.;[16+]
181905;182000;.Sci-Fi;9;Х/ф;Одиннадцатое тело 5 с.;[16+]
182000;182140;.Sci-Fi;9;Х/ф;Ночные налётчики;[16+]
182140;182345;.Sci-Fi;9;Х/ф;Путешественница во времени;[16+]
182345;190040;.Sci-Fi;9;Х/ф;Хемлок Гроув 9 с.;[18+]
190040;190135;.Sci-Fi;9;Х/ф;Хемлок Гроув 10 с.;[18+]
190135;190230;.Sci-Fi;9;Х/ф;Миссия на Луну 3 с.;[16+]
190230;190320;.Sci-Fi;9;Х/ф;Одиннадцатое тело 4 с.;[16+]
190320;190410;.Sci-Fi;9;Х/ф;Одиннадцатое тело 5 с.;[16+]
190410;190500;.Sci-Fi;9;Х/ф;Хемлок Гроув 9 с.;[18+]
190500;190600;.Sci-Fi;9;Х/ф;Хемлок Гроув 10 с.;[18+]
190600;190615;.Sci-Fi;9;Х/ф;Путешествие к бессмертию 43 с.;[16+]
190615;190635;.Sci-Fi;9;Х/ф;Путешествие к бессмертию 44 с.;[16+]
190635;190650;.Sci-Fi;9;Х/ф;Путешествие к бессмертию 45 с.;[16+]
190650;190710;.Sci-Fi;9;Х/ф;Путешествие к бессмертию 46 с.;[16+]
190710;190805;.Sci-Fi;9;Х/ф;Одиннадцатое тело 4 с.;[16+]
190805;190855;.Sci-Fi;9;Х/ф;Одиннадцатое тело 5 с.;[16+]
190855;190955;.Sci-Fi;9;Х/ф;Миссия на Луну 3 с.;[16+]
190955;191135;.Sci-Fi;9;Х/ф;Ночные налётчики 2 с.;[16+]
191135;191340;.Sci-Fi;9;Х/ф;Путешественница во времени 2 с.;[16+]
191340;191530;.Sci-Fi;9;Х/ф;Белое пластиковое небо;[16+]
191530;191550;.Sci-Fi;9;Х/ф;Пришельцы: Рассекречено 26 с.;[16+]
191550;191615;.Sci-Fi;9;Х/ф;Пришельцы: Рассекречено 27 с.;[16+]
191615;191635;.Sci-Fi;9;Х/ф;Пришельцы: Рассекречено 28 с.;[16+]
191635;191725;.Sci-Fi;9;Х/ф;Загадки планеты Земля 1 с.;[16+]
191725;191815;.Sci-Fi;9;Х/ф;Загадки планеты Земля 2 с.;[16+]
191815;191905;.Sci-Fi;9;Х/ф;Одиннадцатое тело 6 с.;[16+]
191905;192000;.Sci-Fi;9;Х/ф;Одиннадцатое тело 7 с.;[16+]
192000;192140;.Sci-Fi;9;Х/ф;В петле времени;[16+]
192140;192305;.Sci-Fi;9;Х/ф;Где-то во времени;[16+]
192305;200105;.Sci-Fi;9;Х/ф;Укрытие 2 с.;[16+]
200105;200155;.Sci-Fi;9;Х/ф;Ван Хельсинг 1 с.;[16+]
200155;200240;.Sci-Fi;9;Х/ф;Ван Хельсинг 2 с.;[16+]
200240;200325;.Sci-Fi;9;Х/ф;Загадки планеты Земля 1 с.;[16+]
200325;200410;.Sci-Fi;9;Х/ф;Загадки планеты Земля 2 с.;[16+]
200410;200500;.Sci-Fi;9;Х/ф;Одиннадцатое тело 6 с.;[16+]
200500;200600;.Sci-Fi;9;Х/ф;Одиннадцатое тело 7 с.;[16+]
200600;200625;.Sci-Fi;9;Х/ф;Путешествие к бессмертию 1 с.;[16+]
200625;200645;.Sci-Fi;9;Х/ф;Путешествие к бессмертию 2 с.;[16+]
200645;200705;.Sci-Fi;9;Х/ф;Путешествие к бессмертию 3 с.;[16+]
200705;200725;.Sci-Fi;9;Х/ф;Путешествие к бессмертию 4 с.;[16+]
200725;200825;.Sci-Fi;9;Х/ф;Одиннадцатое тело 7 с.;[16+]
200825;200915;.Sci-Fi;9;Х/ф;Загадки планеты Земля 1 с.;[16+]
200915;201005;.Sci-Fi;9;Х/ф;Загадки планеты Земля 2 с.;[16+]
201005;201145;.Sci-Fi;9;Х/ф;В петле времени 2 с.;[16+]
201145;201340;.Sci-Fi;9;Х/ф;X+Y 2 с.;[16+]
201340;201540;.Sci-Fi;9;Х/ф;Укрытие 3 с.;[16+]
201540;201600;.Sci-Fi;9;Х/ф;Пришельцы: Рассекречено 29 с.;[16+]
201600;201625;.Sci-Fi;9;Х/ф;Пришельцы: Рассекречено 30 с.;[16+]
201625;201645;.Sci-Fi;9;Х/ф;Пришельцы: Рассекречено 31 с.;[16+]
201645;201735;.Sci-Fi;9;Х/ф;Загадки планеты Земля 3 с.;[16+]
201735;201825;.Sci-Fi;9;Х/ф;Загадки планеты Земля 4 с.;[16+]
201825;201915;.Sci-Fi;9;Х/ф;Хроники Шаннары 1 с.;[16+]
201915;202000;.Sci-Fi;9;Х/ф;Хроники Шаннары 2 с.;[16+]
202000;202220;.Sci-Fi;9;Х/ф;Дьяволик;[16+]
202220;210000;.Sci-Fi;9;Х/ф;Ночные налётчики;[16+]
210000;210045;.Sci-Fi;9;Х/ф;Ван Хельсинг 3 с.;[16+]
210045;210130;.Sci-Fi;9;Х/ф;Ван Хельсинг 4 с.;[16+]
210130;210215;.Sci-Fi;9;Х/ф;Загадки планеты Земля 3 с.;[16+]
210215;210300;.Sci-Fi;9;Х/ф;Загадки планеты Земля 4 с.;[16+]
210300;210340;.Sci-Fi;9;Х/ф;Хроники Шаннары 1 с.;[18+]
210340;210425;.Sci-Fi;9;Х/ф;Хроники Шаннары 2 с.;[16+]
210425;210510;.Sci-Fi;9;Х/ф;Ван Хельсинг 3 с.;[16+]
210510;210600;.Sci-Fi;9;Х/ф;Ван Хельсинг 4 с.;[16+]
210600;210615;.Sci-Fi;9;Х/ф;Путешествие к бессмертию 5 с.;[16+]
210615;210635;.Sci-Fi;9;Х/ф;Путешествие к бессмертию 6 с.;[16+]
210635;210650;.Sci-Fi;9;Х/ф;Путешествие к бессмертию 7 с.;[16+]
210650;210710;.Sci-Fi;9;Х/ф;Путешествие к бессмертию 8 с.;[16+]
210710;210800;.Sci-Fi;9;Х/ф;Хроники Шаннары 1 с.;[16+]
210800;210845;.Sci-Fi;9;Х/ф;Загадки планеты Земля 3 с.;[16+]
210845;210935;.Sci-Fi;9;Х/ф;Загадки планеты Земля 4 с.;[16+]
210935;211140;.Sci-Fi;9;Х/ф;Путешественница во времени 3 с.;[16+]
211140;211400;.Sci-Fi;9;Х/ф;Дьяволик;[16+]
211400;211540;.Sci-Fi;9;Х/ф;Библиотекарь: В поисках копья судьбы;[16+]
211540;211600;.Sci-Fi;9;Х/ф;Пришельцы: Рассекречено 32 с.;[16+]
211600;211625;.Sci-Fi;9;Х/ф;Пришельцы: Рассекречено 33 с.;[16+]
211625;211645;.Sci-Fi;9;Х/ф;Пришельцы: Рассекречено 34 с.;[16+]
211645;211735;.Sci-Fi;9;Х/ф;Загадки планеты Земля 5 с.;[16+]
211735;211825;.Sci-Fi;9;Х/ф;Загадки планеты Земля 6 с.;[16+]
211825;211915;.Sci-Fi;9;Х/ф;Хроники Шаннары 3 с.;[16+]
211915;212000;.Sci-Fi;9;Х/ф;Хроники Шаннары 4 с.;[16+]
212000;212135;.Sci-Fi;9;Х/ф;Мистер К;[16+]
212135;212325;.Sci-Fi;9;Х/ф;Белое пластиковое небо;[16+]
212325;220045;.Sci-Fi;9;Х/ф;Даааааали! 3 с.;[18+]
220045;220135;.Sci-Fi;9;Х/ф;Ван Хельсинг 5 с.;[16+]
220135;220225;.Sci-Fi;9;Х/ф;Ван Хельсинг 6 с.;[16+]
220225;220310;.Sci-Fi;9;Х/ф;Загадки планеты Земля 5 с.;[16+]
220310;220355;.Sci-Fi;9;Х/ф;Загадки планеты Земля 6 с.;[16+]
220355;220435;.Sci-Fi;9;Х/ф;Хроники Шаннары 3 с.;[18+]
220435;220520;.Sci-Fi;9;Х/ф;Хроники Шаннары 4 с.;[18+]
220520;220600;.Sci-Fi;9;Х/ф;Ван Хельсинг 5 с.;[16+]
220600;220615;.Sci-Fi;9;Х/ф;Путешествие к бессмертию 35 с.;[16+]
220615;220635;.Sci-Fi;9;Х/ф;Путешествие к бессмертию 36 с.;[16+]
220635;220650;.Sci-Fi;9;Х/ф;Путешествие к бессмертию 37 с.;[16+]
220650;220705;.Sci-Fi;9;Х/ф;Путешествие к бессмертию 38 с.;[16+]
220705;220725;.Sci-Fi;9;Х/ф;Путешествие к бессмертию 39 с.;[16+]
220725;220740;.Sci-Fi;9;Х/ф;Путешествие к бессмертию 40 с.;[16+]
220740;220800;.Sci-Fi;9;Х/ф;Путешествие к бессмертию 41 с.;[16+]
220800;220815;.Sci-Fi;9;Х/ф;Путешествие к бессмертию 42 с.;[16+]
220815;220830;.Sci-Fi;9;Х/ф;Путешествие к бессмертию 43 с.;[16+]
220830;220850;.Sci-Fi;9;Х/ф;Путешествие к бессмертию 44 с.;[16+]
220850;220905;.Sci-Fi;9;Х/ф;Путешествие к бессмертию 45 с.;[16+]
220905;220925;.Sci-Fi;9;Х/ф;Путешествие к бессмертию 46 с.;[16+]
220925;220950;.Sci-Fi;9;Х/ф;Путешествие к бессмертию 1 с.;[16+]
220950;221010;.Sci-Fi;9;Х/ф;Пришельцы: Рассекречено 21 с.;[16+]
221010;221035;.Sci-Fi;9;Х/ф;Пришельцы: Рассекречено 22 с.;[16+]
221035;221055;.Sci-Fi;9;Х/ф;Пришельцы: Рассекречено 23 с.;[16+]
221055;221145;.Sci-Fi;9;Х/ф;Загадки планеты Земля 1 с.;[16+]
221145;221235;.Sci-Fi;9;Х/ф;Загадки планеты Земля 2 с.;[16+]
221235;221325;.Sci-Fi;9;Х/ф;Загадки планеты Земля 3 с.;[16+]
221325;221530;.Sci-Fi;9;Х/ф;Путешественница во времени;[16+]
221530;221725;.Sci-Fi;9;Х/ф;X+Y;[16+]
221725;221840;.Sci-Fi;9;Х/ф;Второй акт;[16+]
221840;222000;.Sci-Fi;9;Х/ф;Даааааали! 4 с.;[16+]
222000;222235;.Sci-Fi;9;Х/ф;Предчувствие;[16+]
222235;230005;.Sci-Fi;9;Х/ф;Разлом времени;[16+]
230005;230150;.Sci-Fi;9;Х/ф;Литий Икс;[18+]
230150;230245;.Sci-Fi;9;Х/ф;Хемлок Гроув 8 с.;[18+]
230245;230335;.Sci-Fi;9;Х/ф;Хемлок Гроув 9 с.;[18+]
230335;230425;.Sci-Fi;9;Х/ф;Хемлок Гроув 10 с.;[18+]
230425;230515;.Sci-Fi;9;Х/ф;Ван Хельсинг 1 с.;[16+]
230515;230600;.Sci-Fi;9;Х/ф;Ван Хельсинг 2 с.;[16+]
230600;230620;.Sci-Fi;9;Х/ф;Путешествие к бессмертию 46 с.;[16+]
230620;230645;.Sci-Fi;9;Х/ф;Путешествие к бессмертию 1 с.;[16+]
230645;230705;.Sci-Fi;9;Х/ф;Путешествие к бессмертию 2 с.;[16+]
230705;230725;.Sci-Fi;9;Х/ф;Путешествие к бессмертию 3 с.;[16+]
230725;230745;.Sci-Fi;9;Х/ф;Путешествие к бессмертию 4 с.;[16+]
230745;230805;.Sci-Fi;9;Х/ф;Путешествие к бессмертию 5 с.;[16+]
230805;230820;.Sci-Fi;9;Х/ф;Путешествие к бессмертию 6 с.;[16+]
230820;230840;.Sci-Fi;9;Х/ф;Путешествие к бессмертию 7 с.;[16+]
230840;230855;.Sci-Fi;9;Х/ф;Путешествие к бессмертию 8 с.;[16+]
230855;230920;.Sci-Fi;9;Х/ф;Пришельцы: Рассекречено 26 с.;[16+]
230920;230940;.Sci-Fi;9;Х/ф;Пришельцы: Рассекречено 27 с.;[16+]
230940;231005;.Sci-Fi;9;Х/ф;Пришельцы: Рассекречено 28 с.;[16+]
231005;231025;.Sci-Fi;9;Х/ф;Пришельцы: Рассекречено 29 с.;[16+]
231025;231050;.Sci-Fi;9;Х/ф;Пришельцы: Рассекречено 30 с.;[16+]
231050;231145;.Sci-Fi;9;Х/ф;Загадки планеты Земля 4 с.;[16+]
231145;231235;.Sci-Fi;9;Х/ф;Загадки планеты Земля 5 с.;[16+]
231235;231325;.Sci-Fi;9;Х/ф;Загадки планеты Земля 6 с.;[16+]
231325;231525;.Sci-Fi;9;Х/ф;Укрытие;[16+]
231525;231705;.Sci-Fi;9;Х/ф;В петле времени;[16+]
231705;231835;.Sci-Fi;9;Х/ф;Разлом времени;[16+]
231835;232000;.Sci-Fi;9;Х/ф;Где-то во времени;[16+]
232000;232135;.Sci-Fi;9;Х/ф;Игры сознания;[16+]
232135;232245;.Sci-Fi;9;Х/ф;Арес;[16+]
232245;240010;.Sci-Fi;9;Х/ф;Макс Фист;[16+]
240010;240155;.Sci-Fi;9;Х/ф;Кошмары;[18+]
240155;240310;.Sci-Fi;9;Х/ф;Даааааали!;[18+]
240310;240350;.Sci-Fi;9;Х/ф;Ван Хельсинг 3 с.;[16+]
240350;240430;.Sci-Fi;9;Х/ф;Ван Хельсинг 4 с.;[16+]
240430;240515;.Sci-Fi;9;Х/ф;Ван Хельсинг 5 с.;[16+]
240515;240600;.Sci-Fi;9;Х/ф;Ван Хельсинг 6 с.;[16+]
170700;170725;Amedia 1;3;Х/ф;Томбо! 6 с.;[16+]
170725;170855;Amedia 1;3;Х/ф;Война Фойла 2 с.;[16+]
170855;171015;Amedia 1;3;Х/ф;Va-банк;[16+]
171015;171100;Amedia 1;3;Х/ф;Полиция Токио 9 с.;[16+]
171100;171200;Amedia 1;3;Х/ф;Полиция Токио 10 с.;[16+]
171200;171245;Amedia 1;3;Х/ф;Соммердаль 1 с.;[16+]
171245;171330;Amedia 1;3;Х/ф;Соммердаль 2 с.;[16+]
171330;171350;Amedia 1;3;Х/ф;Лучшие итальянские короткометражки-4: Истории нашей жизни 2 с.;[16+]
171350;171510;Amedia 1;3;Х/ф;Va-банк;[16+]
171510;171645;Amedia 1;3;Х/ф;Премьера. "Война Фойла" 3 с.;[16+]
171645;171725;Amedia 1;3;Х/ф;Необъяснимая Земля 1 с.;[16+]
171725;171805;Amedia 1;3;Х/ф;Необъяснимая Земля 2 с.;[16+]
171805;171845;Amedia 1;3;Х/ф;Ночной администратор 1 с.;[16+]
171845;171925;Amedia 1;3;Х/ф;Ночной администратор 2 с.;[16+]
171925;172110;Amedia 1;3;Х/ф;Рыцарь дня;[16+]
172110;172150;Amedia 1;3;Х/ф;Ходячие мертвецы 3 с.;[16+]
172150;172230;Amedia 1;3;Х/ф;Ходячие мертвецы 4 с.;[16+]
172230;172305;Amedia 1;3;Х/ф;Ходячие мертвецы 5 с.;[16+]
172305;180040;Amedia 1;3;Х/ф;Война Фойла 3 с.;[16+]
180040;180120;Amedia 1;3;Х/ф;Необъяснимая Земля 1 с.;[16+]
180120;180200;Amedia 1;3;Х/ф;Необъяснимая Земля 2 с.;[16+]
180200;180240;Amedia 1;3;Х/ф;Ночной администратор 1 с.;[16+]
180240;180320;Amedia 1;3;Х/ф;Ночной администратор 2 с.;[16+]
180320;180400;Amedia 1;3;Х/ф;Ходячие мертвецы 3 с.;[16+]
180400;180440;Amedia 1;3;Х/ф;Ходячие мертвецы 4 с.;[16+]
180440;180515;Amedia 1;3;Х/ф;Ходячие мертвецы 5 с.;[16+]
180515;180540;Amedia 1;3;Х/ф;Компьютерщики 5 с.;[16+]
180540;180620;Amedia 1;3;Х/ф;Необъяснимая Земля 1 с.;[16+]
180620;180700;Amedia 1;3;Х/ф;Необъяснимая Земля 2 с.;[16+]
180700;180725;Amedia 1;3;Х/ф;Томбо! 7 с.;[16+]
180725;180900;Amedia 1;3;Х/ф;Война Фойла 3 с.;[16+]
180900;181040;Amedia 1;3;Х/ф;Рыцарь дня 2 с.;[16+]
181040;181120;Amedia 1;3;Х/ф;Ночной администратор 1 с.;[16+]
181120;181200;Amedia 1;3;Х/ф;Ночной администратор 2 с.;[16+]
181200;181245;Amedia 1;3;Х/ф;Соммердаль 3 с.;[16+]
181245;181330;Amedia 1;3;Х/ф;Соммердаль 4 с.;[16+]
181330;181515;Amedia 1;3;Х/ф;Рыцарь дня;[16+]
181515;181645;Amedia 1;3;Х/ф;Премьера. "Война Фойла" 1 с.;[16+]
181645;181725;Amedia 1;3;Х/ф;Необъяснимая Земля 2 с.;[16+]
181725;181800;Amedia 1;3;Х/ф;Необъяснимая Земля 3 с.;[16+]
181800;181840;Amedia 1;3;Х/ф;Ночной администратор 3 с.;[16+]
181840;181920;Amedia 1;3;Х/ф;Ночной администратор 4 с.;[16+]
181920;182115;Amedia 1;3;Х/ф;Бойцовский клуб;[16+]
182115;182205;Amedia 1;3;Х/ф;Ходячие мертвецы 6 с.;[16+]
182205;182240;Amedia 1;3;Х/ф;Ходячие мертвецы 7 с.;[16+]
182240;182320;Amedia 1;3;Х/ф;Ходячие мертвецы 8 с.;[16+]
182320;190050;Amedia 1;3;Х/ф;Война Фойла 1 с.;[16+]
190050;190130;Amedia 1;3;Х/ф;Необъяснимая Земля 2 с.;[16+]
190130;190200;Amedia 1;3;Х/ф;Необъяснимая Земля 3 с.;[16+]
190200;190240;Amedia 1;3;Х/ф;Ночной администратор 3 с.;[16+]
190240;190320;Amedia 1;3;Х/ф;Ночной администратор 4 с.;[16+]
190320;190410;Amedia 1;3;Х/ф;Ходячие мертвецы 6 с.;[16+]
190410;190445;Amedia 1;3;Х/ф;Ходячие мертвецы 7 с.;[16+]
190445;190520;Amedia 1;3;Х/ф;Ходячие мертвецы 8 с.;[16+]
190520;190545;Amedia 1;3;Х/ф;Компьютерщики 6 с.;[16+]
190545;190625;Amedia 1;3;Х/ф;Необъяснимая Земля 2 с.;[16+]
190625;190700;Amedia 1;3;Х/ф;Необъяснимая Земля 3 с.;[16+]
190700;190725;Amedia 1;3;Х/ф;Томбо! 8 с.;[16+]
190725;190855;Amedia 1;3;Х/ф;Война Фойла 1 с.;[16+]
190855;191055;Amedia 1;3;Х/ф;Бойцовский клуб 2 с.;[16+]
191055;191135;Amedia 1;3;Х/ф;Ночной администратор 3 с.;[16+]
191135;191150;Amedia 1;3;Х/ф;Italian Best Shorts-7: Быть женщиной 1 с.;[16+]
191150;191235;Amedia 1;3;Х/ф;Соммердаль 5 с.;[16+]
191235;191320;Amedia 1;3;Х/ф;Соммердаль 6 с.;[16+]
191320;191515;Amedia 1;3;Х/ф;Бойцовский клуб;[16+]
191515;191645;Amedia 1;3;Х/ф;Премьера. "Война Фойла" 2 с.;[16+]
191645;191725;Amedia 1;3;Х/ф;Необъяснимая Земля 4 с.;[16+]
191725;191810;Amedia 1;3;Х/ф;Необъяснимая Земля 5 с.;[16+]
191810;191850;Amedia 1;3;Х/ф;Ночной администратор 5 с.;[16+]
191850;191930;Amedia 1;3;Х/ф;Ночной администратор 6 с.;[16+]
191930;192115;Amedia 1;3;Х/ф;Возвращение Одиссея;[16+]
192115;192200;Amedia 1;3;Х/ф;Ходячие мертвецы 9 с.;[16+]
192200;192235;Amedia 1;3;Х/ф;Ходячие мертвецы 10 с.;[16+]
192235;192315;Amedia 1;3;Х/ф;Ходячие мертвецы 11 с.;[16+]
192315;200045;Amedia 1;3;Х/ф;Война Фойла 2 с.;[16+]
200045;200130;Amedia 1;3;Х/ф;Необъяснимая Земля 4 с.;[16+]
200130;200210;Amedia 1;3;Х/ф;Необъяснимая Земля 5 с.;[16+]
200210;200255;Amedia 1;3;Х/ф;Ночной администратор 5 с.;[16+]
200255;200330;Amedia 1;3;Х/ф;Ночной администратор 6 с.;[16+]
200330;200415;Amedia 1;3;Х/ф;Ходячие мертвецы 9 с.;[16+]
200415;200455;Amedia 1;3;Х/ф;Ходячие мертвецы 10 с.;[16+]
200455;200535;Amedia 1;3;Х/ф;Ходячие мертвецы 11 с.;[16+]
200535;200620;Amedia 1;3;Х/ф;Необъяснимая Земля 4 с.;[16+]
200620;200700;Amedia 1;3;Х/ф;Необъяснимая Земля 5 с.;[16+]
200700;200725;Amedia 1;3;Х/ф;Томбо! 9 с.;[16+]
200725;200855;Amedia 1;3;Х/ф;Война Фойла 2 с.;[16+]
200855;201040;Amedia 1;3;Х/ф;Возвращение Одиссея 2 с.;[16+]
201040;201120;Amedia 1;3;Х/ф;Ночной администратор 4 с.;[16+]
201120;201205;Amedia 1;3;Х/ф;Ночной администратор 5 с.;[16+]
201205;201250;Amedia 1;3;Х/ф;Соммердаль 6 с.;[16+]
201250;201330;Amedia 1;3;Х/ф;Соммердаль 7 с.;[16+]
201330;201515;Amedia 1;3;Х/ф;Возвращение Одиссея;[16+]
201515;201645;Amedia 1;3;Х/ф;Премьера. "Война Фойла" 3 с.;[16+]
201645;201725;Amedia 1;3;Х/ф;Необъяснимая Земля 5 с.;[16+]
201725;201805;Amedia 1;3;Х/ф;Необъяснимая Земля 6 с.;[16+]
201805;201845;Amedia 1;3;Х/ф;Ночной администратор 6 с.;[16+]
201845;201925;Amedia 1;3;Х/ф;Ночной администратор 7 с.;[16+]
201925;202115;Amedia 1;3;Х/ф;К звёздам;[16+]
202115;202150;Amedia 1;3;Х/ф;Ходячие мертвецы 12 с.;[16+]
202150;202225;Amedia 1;3;Х/ф;Ходячие мертвецы 13 с.;[16+]
202225;202305;Amedia 1;3;Х/ф;Ходячие мертвецы 14 с.;[16+]
202305;210035;Amedia 1;3;Х/ф;Война Фойла 3 с.;[16+]
210035;210115;Amedia 1;3;Х/ф;Необъяснимая Земля 5 с.;[16+]
210115;210200;Amedia 1;3;Х/ф;Необъяснимая Земля 6 с.;[16+]
210200;210240;Amedia 1;3;Х/ф;Ночной администратор 6 с.;[16+]
210240;210320;Amedia 1;3;Х/ф;Ночной администратор 7 с.;[16+]
210320;210400;Amedia 1;3;Х/ф;Ходячие мертвецы 12 с.;[16+]
210400;210430;Amedia 1;3;Х/ф;Ходячие мертвецы 13 с.;[16+]
210430;210510;Amedia 1;3;Х/ф;Ходячие мертвецы 14 с.;[16+]
210510;210535;Amedia 1;3;Х/ф;Компьютерщики 1 с.;[16+]
210535;210620;Amedia 1;3;Х/ф;Необъяснимая Земля 5 с.;[16+]
210620;210700;Amedia 1;3;Х/ф;Необъяснимая Земля 6 с.;[16+]
210700;210725;Amedia 1;3;Х/ф;Томбо! 10 с.;[16+]
210725;210855;Amedia 1;3;Х/ф;Война Фойла 3 с.;[16+]
210855;211040;Amedia 1;3;Х/ф;К звёздам 2 с.;[16+]
211040;211120;Amedia 1;3;Х/ф;Ночной администратор 6 с.;[16+]
211120;211200;Amedia 1;3;Х/ф;Ночной администратор 7 с.;[16+]
211200;211240;Amedia 1;3;Х/ф;Соммердаль 7 с.;[16+]
211240;211325;Amedia 1;3;Х/ф;Соммердаль 8 с.;[16+]
211325;211515;Amedia 1;3;Х/ф;К звёздам;[16+]
211515;211640;Amedia 1;3;Х/ф;Премьера. "Война Фойла" 1 с.;[16+]
211640;211720;Amedia 1;3;Х/ф;Необъяснимая Земля 7 с.;[16+]
211720;211800;Amedia 1;3;Х/ф;Необъяснимая Земля 8 с.;[16+]
211800;211840;Amedia 1;3;Х/ф;Ночной администратор 7 с.;[16+]
211840;211920;Amedia 1;3;Х/ф;Ночной администратор 8 с.;[16+]
211920;212120;Amedia 1;3;Х/ф;Секреты Лос-Анджелеса;[16+]
212120;212205;Amedia 1;3;Х/ф;Ходячие мертвецы 15 с.;[16+]
212205;212240;Amedia 1;3;Х/ф;Ходячие мертвецы 16 с.;[16+]
212240;212325;Amedia 1;3;Х/ф;Ходячие мертвецы 1 с.;[16+]
212325;220050;Amedia 1;3;Х/ф;Война Фойла 1 с.;[16+]
220050;220130;Amedia 1;3;Х/ф;Необъяснимая Земля 7 с.;[16+]
220130;220215;Amedia 1;3;Х/ф;Необъяснимая Земля 8 с.;[16+]
220215;220250;Amedia 1;3;Х/ф;Ночной администратор 7 с.;[16+]
220250;220330;Amedia 1;3;Х/ф;Ночной администратор 8 с.;[16+]
220330;220415;Amedia 1;3;Х/ф;Ходячие мертвецы 15 с.;[16+]
220415;220450;Amedia 1;3;Х/ф;Ходячие мертвецы 16 с.;[16+]
220450;220535;Amedia 1;3;Х/ф;Ходячие мертвецы 1 с.;[16+]
220535;220615;Amedia 1;3;Х/ф;Необъяснимая Земля 7 с.;[16+]
220615;220700;Amedia 1;3;Х/ф;Необъяснимая Земля 8 с.;[16+]
220700;220750;Amedia 1;3;Х/ф;Декстер 7 с.;[16+]
220750;220840;Amedia 1;3;Х/ф;Декстер 8 с.;[16+]
220840;220930;Amedia 1;3;Х/ф;Декстер 9 с.;[16+]
220930;221020;Amedia 1;3;Х/ф;Декстер 10 с.;[16+]
221020;221115;Amedia 1;3;Х/ф;Декстер 11 с.;[16+]
221115;221140;Amedia 1;3;Х/ф;Легенда о героях галактики 1 с.;[16+]
221140;221205;Amedia 1;3;Х/ф;Легенда о героях галактики 2 с.;[16+]
221205;221225;Amedia 1;3;Х/ф;Легенда о героях галактики 3 с.;[16+]
221225;221315;Amedia 1;3;Х/ф;Соммердаль 1 с.;[16+]
221315;221400;Amedia 1;3;Х/ф;Соммердаль 2 с.;[16+]
221400;221445;Amedia 1;3;Х/ф;Соммердаль 3 с.;[16+]
221445;221530;Amedia 1;3;Х/ф;Соммердаль 4 с.;[16+]
221530;221620;Amedia 1;3;Х/ф;Декстер 7 с.;[16+]
221620;221715;Amedia 1;3;Х/ф;Декстер 8 с.;[16+]
221715;221805;Amedia 1;3;Х/ф;Декстер 9 с.;[16+]
221805;221855;Amedia 1;3;Х/ф;Декстер 10 с.;[16+]
221855;221945;Amedia 1;3;Х/ф;Декстер 11 с.;[16+]
221945;222115;Amedia 1;3;Х/ф;Короли улиц;[16+]
222115;222155;Amedia 1;3;Х/ф;Ходячие мертвецы 3 с.;[16+]
222155;222235;Amedia 1;3;Х/ф;Ходячие мертвецы 4 с.;[16+]
222235;222310;Amedia 1;3;Х/ф;Ходячие мертвецы 5 с.;[16+]
222310;230000;Amedia 1;3;Х/ф;Ходячие мертвецы 6 с.;[16+]
230000;230035;Amedia 1;3;Х/ф;Ходячие мертвецы 7 с.;[16+]
230035;230115;Amedia 1;3;Х/ф;Ходячие мертвецы 8 с.;[16+]
230115;230155;Amedia 1;3;Х/ф;Ходячие мертвецы 9 с.;[16+]
230155;230235;Amedia 1;3;Х/ф;Ходячие мертвецы 10 с.;[16+]
230235;230300;Amedia 1;3;Х/ф;Легенда о героях галактики 1 с.;[16+]
230300;230325;Amedia 1;3;Х/ф;Легенда о героях галактики 2 с.;[16+]
230325;230355;Amedia 1;3;Х/ф;Легенда о героях галактики 3 с.;[16+]
230355;230440;Amedia 1;3;Х/ф;Соммердаль 1 с.;[16+]
230440;230525;Amedia 1;3;Х/ф;Соммердаль 2 с.;[16+]
230525;230610;Amedia 1;3;Х/ф;Соммердаль 3 с.;[16+]
230610;230700;Amedia 1;3;Х/ф;Соммердаль 4 с.;[16+]
230700;230755;Amedia 1;3;Х/ф;Декстер 12 с.;[16+]
230755;230845;Amedia 1;3;Х/ф;Декстер 1 с.;[16+]
230845;230940;Amedia 1;3;Х/ф;Декстер 2 с.;[16+]
230940;231025;Amedia 1;3;Х/ф;Декстер 3 с.;[16+]
231025;231115;Amedia 1;3;Х/ф;Декстер 4 с.;[16+]
231115;231140;Amedia 1;3;Х/ф;Легенда о героях галактики 4 с.;[16+]
231140;231205;Amedia 1;3;Х/ф;Легенда о героях галактики 5 с.;[16+]
231205;231225;Amedia 1;3;Х/ф;Легенда о героях галактики 6 с.;[16+]
231225;231310;Amedia 1;3;Х/ф;Соммердаль 5 с.;[16+]
231310;231400;Amedia 1;3;Х/ф;Соммердаль 6 с.;[16+]
231400;231445;Amedia 1;3;Х/ф;Соммердаль 7 с.;[16+]
231445;231535;Amedia 1;3;Х/ф;Соммердаль 8 с.;[16+]
231535;231625;Amedia 1;3;Х/ф;Декстер 12 с.;[16+]
231625;231715;Amedia 1;3;Х/ф;Декстер 1 с.;[16+]
231715;231805;Amedia 1;3;Х/ф;Декстер 2 с.;[16+]
231805;231850;Amedia 1;3;Х/ф;Декстер 3 с.;[16+]
231850;231940;Amedia 1;3;Х/ф;Декстер 4 с.;[16+]
231940;232115;Amedia 1;3;Х/ф;Байкеры;[16+]
232115;232155;Amedia 1;3;Х/ф;Ходячие мертвецы 10 с.;[16+]
232155;232235;Amedia 1;3;Х/ф;Ходячие мертвецы 11 с.;[16+]
232235;232315;Amedia 1;3;Х/ф;Ходячие мертвецы 12 с.;[16+]
232315;232350;Amedia 1;3;Х/ф;Ходячие мертвецы 13 с.;[16+]
232350;240030;Amedia 1;3;Х/ф;Ходячие мертвецы 14 с.;[16+]
240030;240115;Amedia 1;3;Х/ф;Ходячие мертвецы 15 с.;[16+]
240115;240150;Amedia 1;3;Х/ф;Ходячие мертвецы 16 с.;[16+]
240150;240235;Amedia 1;3;Х/ф;Ходячие мертвецы 1 с.;[16+]
240235;240300;Amedia 1;3;Х/ф;Легенда о героях галактики 4 с.;[16+]
240300;240325;Amedia 1;3;Х/ф;Легенда о героях галактики 5 с.;[16+]
240325;240350;Amedia 1;3;Х/ф;Легенда о героях галактики 6 с.;[16+]
240350;240435;Amedia 1;3;Х/ф;Соммердаль 5 с.;[16+]
240435;240525;Amedia 1;3;Х/ф;Соммердаль 6 с.;[16+]
240525;240615;Amedia 1;3;Х/ф;Соммердаль 7 с.;[16+]
240615;240700;Amedia 1;3;Х/ф;Соммердаль 8 с.;[16+]
170300;170340;Amedia Hit;4;Х/ф;Остановись и гори 9 с.;[16+]
170340;170420;Amedia Hit;4;Х/ф;Остановись и гори 10 с.;[16+]
170420;170445;Amedia Hit;4;Х/ф;Нормальные люди 6 с.;[16+]
170445;170510;Amedia Hit;4;Х/ф;Нормальные люди 7 с.;[16+]
170510;170535;Amedia Hit;4;Х/ф;Нормальные люди 8 с.;[16+]
170535;170555;Amedia Hit;4;Х/ф;Нормальные люди 9 с.;[16+]
170555;170620;Amedia Hit;4;Х/ф;Нормальные люди 10 с.;[16+]
170620;170640;Amedia Hit;4;Х/ф;Нормальные люди 11 с.;[16+]
170640;170705;Amedia Hit;4;Х/ф;Нормальные люди 12 с.;[16+]
170705;170745;Amedia Hit;4;Х/ф;Мечтатели: В поисках вдохновения 7 с.;[16+]
170745;170825;Amedia Hit;4;Х/ф;Босх 6 с.;[16+]
170825;170900;Amedia Hit;4;Х/ф;Босх 7 с.;[16+]
170900;170945;Amedia Hit;4;Х/ф;Босх 8 с.;[16+]
170945;171030;Amedia Hit;4;Х/ф;Ложа 49 9 с.;[16+]
171030;171115;Amedia Hit;4;Х/ф;Ложа 49 10 с.;[16+]
171115;171210;Amedia Hit;4;Х/ф;По долгу службы 2 с.;[16+]
171210;171305;Amedia Hit;4;Х/ф;По долгу службы 3 с.;[16+]
171305;171345;Amedia Hit;4;Х/ф;Сен-Пьер 3 с.;[16+]
171345;171430;Amedia Hit;4;Х/ф;Сен-Пьер 4 с.;[16+]
171430;171520;Amedia Hit;4;Х/ф;Человек, который упал на Землю 9 с.;[16+]
171520;171620;Amedia Hit;4;Х/ф;Человек, который упал на Землю 10 с.;[16+]
171620;171705;Amedia Hit;4;Х/ф;Маяк 23 1 с.;[16+]
171705;171750;Amedia Hit;4;Х/ф;Маяк 23 2 с.;[16+]
171750;171845;Amedia Hit;4;Х/ф;По долгу службы 4 с.;[16+]
171845;171940;Amedia Hit;4;Х/ф;По долгу службы 5 с.;[16+]
171940;172020;Amedia Hit;4;Х/ф;Сен-Пьер 4 с.;[16+]
172020;172100;Amedia Hit;4;Х/ф;Сен-Пьер 5 с.;[16+]
172100;172155;Amedia Hit;4;Х/ф;Дерзость 1 с.;[16+]
172155;172250;Amedia Hit;4;Х/ф;Дерзость 2 с.;[16+]
172250;172340;Amedia Hit;4;Х/ф;Маяк 23 1 с.;[16+]
172340;180025;Amedia Hit;4;Х/ф;Маяк 23 2 с.;[16+]
180025;180105;Amedia Hit;4;Х/ф;Босх 6 с.;[16+]
180105;180145;Amedia Hit;4;Х/ф;Босх 7 с.;[16+]
180145;180230;Amedia Hit;4;Х/ф;Босх 8 с.;[16+]
180230;180325;Amedia Hit;4;Х/ф;По долгу службы 4 с.;[16+]
180325;180420;Amedia Hit;4;Х/ф;По долгу службы 5 с.;[16+]
180420;180515;Amedia Hit;4;Х/ф;Дерзость 1 с.;[16+]
180515;180610;Amedia Hit;4;Х/ф;Дерзость 2 с.;[16+]
180610;180650;Amedia Hit;4;Х/ф;Сен-Пьер 4 с.;[16+]
180650;180730;Amedia Hit;4;Х/ф;Сен-Пьер 5 с.;[16+]
180730;180740;Amedia Hit;4;Х/ф;Лучшие итальянские короткометражки 4: Истории нашей жизни;[16+]
180740;180825;Amedia Hit;4;Х/ф;Босх 1 с.;[16+]
180825;180905;Amedia Hit;4;Х/ф;Босх 2 с.;[16+]
180905;180945;Amedia Hit;4;Х/ф;Босх 3 с.;[16+]
180945;181030;Amedia Hit;4;Х/ф;Маяк 23 1 с.;[16+]
181030;181115;Amedia Hit;4;Х/ф;Маяк 23 2 с.;[16+]
181115;181210;Amedia Hit;4;Х/ф;По долгу службы 4 с.;[16+]
181210;181310;Amedia Hit;4;Х/ф;По долгу службы 5 с.;[16+]
181310;181330;Amedia Hit;4;Х/ф;Italian Best Shorts 7: Быть женщиной 1 с.;[16+]
181330;181415;Amedia Hit;4;Х/ф;Сен-Пьер 4 с.;[16+]
181415;181450;Amedia Hit;4;Х/ф;Сен-Пьер 5 с.;[16+]
181450;181550;Amedia Hit;4;Х/ф;Дерзость 1 с.;[16+]
181550;181640;Amedia Hit;4;Х/ф;Дерзость 2 с.;[16+]
181640;181725;Amedia Hit;4;Х/ф;Маяк 23 3 с.;[16+]
181725;181810;Amedia Hit;4;Х/ф;Маяк 23 4 с.;[16+]
181810;181935;Amedia Hit;4;Х/ф;По долгу службы 6 с.;[16+]
181935;182015;Amedia Hit;4;Х/ф;Сен-Пьер 6 с.;[16+]
182015;182100;Amedia Hit;4;Х/ф;Сен-Пьер 7 с.;[16+]
182100;182155;Amedia Hit;4;Х/ф;Дерзость 3 с.;[16+]
182155;182245;Amedia Hit;4;Х/ф;Дерзость 4 с.;[16+]
182245;182325;Amedia Hit;4;Х/ф;Маяк 23 3 с.;[16+]
182325;190010;Amedia Hit;4;Х/ф;Маяк 23 4 с.;[16+]
190010;190055;Amedia Hit;4;Х/ф;Босх 1 с.;[16+]
190055;190135;Amedia Hit;4;Х/ф;Босх 2 с.;[16+]
190135;190215;Amedia Hit;4;Х/ф;Босх 3 с.;[16+]
190215;190340;Amedia Hit;4;Х/ф;По долгу службы 6 с.;[16+]
190340;190350;Amedia Hit;4;Х/ф;"Альманах "Жизнь как чудо" 6 с.;[16+]
190350;190440;Amedia Hit;4;Х/ф;Дерзость 3 с.;[16+]
190440;190530;Amedia Hit;4;Х/ф;Дерзость 4 с.;[16+]
190530;190615;Amedia Hit;4;Х/ф;Мечтатели: В поисках вдохновения 5 с.;[16+]
190615;190655;Amedia Hit;4;Х/ф;Сен-Пьер 6 с.;[16+]
190655;190740;Amedia Hit;4;Х/ф;Сен-Пьер 7 с.;[16+]
190740;190825;Amedia Hit;4;Х/ф;Босх 4 с.;[16+]
190825;190900;Amedia Hit;4;Х/ф;Босх 5 с.;[16+]
190900;190940;Amedia Hit;4;Х/ф;Босх 6 с.;[16+]
190940;191025;Amedia Hit;4;Х/ф;Маяк 23 3 с.;[16+]
191025;191110;Amedia Hit;4;Х/ф;Маяк 23 4 с.;[16+]
191110;191120;Amedia Hit;4;Х/ф;"Альманах "Жизнь как чудо" 6 с.;[16+]
191120;191245;Amedia Hit;4;Х/ф;По долгу службы 6 с.;[16+]
191245;191330;Amedia Hit;4;Х/ф;Мечтатели: В поисках вдохновения 5 с.;[16+]
191330;191410;Amedia Hit;4;Х/ф;Сен-Пьер 6 с.;[16+]
191410;191450;Amedia Hit;4;Х/ф;Сен-Пьер 7 с.;[16+]
191450;191545;Amedia Hit;4;Х/ф;Дерзость 3 с.;[16+]
191545;191635;Amedia Hit;4;Х/ф;Дерзость 4 с.;[16+]
191635;191720;Amedia Hit;4;Х/ф;Маяк 23 5 с.;[16+]
191720;191800;Amedia Hit;4;Х/ф;Маяк 23 6 с.;[16+]
191800;191855;Amedia Hit;4;Х/ф;Грабь награбленное 1 с.;[16+]
191855;191935;Amedia Hit;4;Х/ф;Грабь награбленное 2 с.;[16+]
191935;192015;Amedia Hit;4;Х/ф;Сен-Пьер 8 с.;[16+]
192015;192100;Amedia Hit;4;Х/ф;Сен-Пьер 9 с.;[16+]
192100;192150;Amedia Hit;4;Х/ф;Дерзость 4 с.;[16+]
192150;192240;Amedia Hit;4;Х/ф;Дерзость 5 с.;[16+]
192240;192325;Amedia Hit;4;Х/ф;Маяк 23 5 с.;[16+]
192325;200010;Amedia Hit;4;Х/ф;Маяк 23 6 с.;[16+]
200010;200055;Amedia Hit;4;Х/ф;Босх 4 с.;[16+]
200055;200130;Amedia Hit;4;Х/ф;Босх 5 с.;[16+]
200130;200210;Amedia Hit;4;Х/ф;Босх 6 с.;[16+]
200210;200310;Amedia Hit;4;Х/ф;Грабь награбленное 1 с.;[16+]
200310;200350;Amedia Hit;4;Х/ф;Грабь награбленное 2 с.;[16+]
200350;200440;Amedia Hit;4;Х/ф;Дерзость 4 с.;[16+]
200440;200530;Amedia Hit;4;Х/ф;Дерзость 5 с.;[16+]
200530;200615;Amedia Hit;4;Х/ф;Мечтатели: В поисках вдохновения 6 с.;[16+]
200615;200655;Amedia Hit;4;Х/ф;Сен-Пьер 8 с.;[16+]
200655;200740;Amedia Hit;4;Х/ф;Сен-Пьер 9 с.;[16+]
200740;200825;Amedia Hit;4;Х/ф;Босх 7 с.;[16+]
200825;200905;Amedia Hit;4;Х/ф;Босх 8 с.;[16+]
200905;200945;Amedia Hit;4;Х/ф;Босх 9 с.;[16+]
200945;201025;Amedia Hit;4;Х/ф;Маяк 23 5 с.;[16+]
201025;201110;Amedia Hit;4;Х/ф;Маяк 23 6 с.;[16+]
201110;201205;Amedia Hit;4;Х/ф;Грабь награбленное 1 с.;[16+]
201205;201245;Amedia Hit;4;Х/ф;Грабь награбленное 2 с.;[16+]
201245;201330;Amedia Hit;4;Х/ф;Мечтатели: В поисках вдохновения 6 с.;[16+]
201330;201410;Amedia Hit;4;Х/ф;Сен-Пьер 8 с.;[16+]
201410;201450;Amedia Hit;4;Х/ф;Сен-Пьер 9 с.;[16+]
201450;201540;Amedia Hit;4;Х/ф;Дерзость 4 с.;[16+]
201540;201635;Amedia Hit;4;Х/ф;Дерзость 5 с.;[16+]
201635;201720;Amedia Hit;4;Х/ф;Маяк 23 7 с.;[16+]
201720;201805;Amedia Hit;4;Х/ф;Маяк 23 8 с.;[16+]
201805;201810;Amedia Hit;4;Х/ф;Italian Best Shorts 7: Быть женщиной 5 с.;[16+]
201810;201850;Amedia Hit;4;Х/ф;Грабь награбленное 3 с.;[16+]
201850;201935;Amedia Hit;4;Х/ф;Грабь награбленное 4 с.;[16+]
201935;202015;Amedia Hit;4;Х/ф;Сен-Пьер 10 с.;[16+]
202015;202100;Amedia Hit;4;Х/ф;Сен-Пьер 1 с.;[16+]
202100;202155;Amedia Hit;4;Х/ф;Дерзость 6 с.;[16+]
202155;202245;Amedia Hit;4;Х/ф;Дерзость 7 с.;[16+]
202245;202330;Amedia Hit;4;Х/ф;Маяк 23 7 с.;[16+]
202330;210010;Amedia Hit;4;Х/ф;Маяк 23 8 с.;[16+]
210010;210055;Amedia Hit;4;Х/ф;Босх 7 с.;[16+]
210055;210135;Amedia Hit;4;Х/ф;Босх 8 с.;[16+]
210135;210215;Amedia Hit;4;Х/ф;Босх 9 с.;[16+]
210215;210300;Amedia Hit;4;Х/ф;Грабь награбленное 3 с.;[16+]
210300;210340;Amedia Hit;4;Х/ф;Грабь награбленное 4 с.;[16+]
210340;210350;Amedia Hit;4;Х/ф;Italian Best Shorts 7: Быть женщиной 5 с.;[16+]
210350;210445;Amedia Hit;4;Х/ф;Дерзость 6 с.;[16+]
210445;210530;Amedia Hit;4;Х/ф;Дерзость 7 с.;[16+]
210530;210615;Amedia Hit;4;Х/ф;Мечтатели: В поисках вдохновения 8 с.;[16+]
210615;210655;Amedia Hit;4;Х/ф;Сен-Пьер 10 с.;[16+]
210655;210740;Amedia Hit;4;Х/ф;Сен-Пьер 1 с.;[16+]
210740;210825;Amedia Hit;4;Х/ф;Босх 10 с.;[16+]
210825;210905;Amedia Hit;4;Х/ф;Босх 1 с.;[16+]
210905;210945;Amedia Hit;4;Х/ф;Босх 2 с.;[16+]
210945;211030;Amedia Hit;4;Х/ф;Маяк 23 7 с.;[16+]
211030;211115;Amedia Hit;4;Х/ф;Маяк 23 8 с.;[16+]
211115;211155;Amedia Hit;4;Х/ф;Грабь награбленное 3 с.;[16+]
211155;211235;Amedia Hit;4;Х/ф;Грабь награбленное 4 с.;[16+]
211235;211245;Amedia Hit;4;Х/ф;"Альманах "Жизнь как чудо" 2 с.;[16+]
211245;211330;Amedia Hit;4;Х/ф;Мечтатели: В поисках вдохновения 8 с.;[16+]
211330;211410;Amedia Hit;4;Х/ф;Сен-Пьер 10 с.;[16+]
211410;211450;Amedia Hit;4;Х/ф;Сен-Пьер 1 с.;[16+]
211450;211545;Amedia Hit;4;Х/ф;Дерзость 6 с.;[16+]
211545;211635;Amedia Hit;4;Х/ф;Дерзость 7 с.;[16+]
211635;211720;Amedia Hit;4;Х/ф;Маяк 23 1 с.;[16+]
211720;211810;Amedia Hit;4;Х/ф;Маяк 23 2 с.;[16+]
211810;211850;Amedia Hit;4;Х/ф;Грабь награбленное 5 с.;[16+]
211850;211935;Amedia Hit;4;Х/ф;Грабь награбленное 6 с.;[16+]
211935;212015;Amedia Hit;4;Х/ф;Сен-Пьер 2 с.;[16+]
212015;212100;Amedia Hit;4;Х/ф;Сен-Пьер 3 с.;[16+]
212100;212150;Amedia Hit;4;Х/ф;Дерзость 7 с.;[16+]
212150;212250;Amedia Hit;4;Х/ф;Дерзость 8 с.;[16+]
212250;212335;Amedia Hit;4;Х/ф;Маяк 23 1 с.;[16+]
212335;220020;Amedia Hit;4;Х/ф;Маяк 23 2 с.;[16+]
220020;220105;Amedia Hit;4;Х/ф;Босх 10 с.;[16+]
220105;220145;Amedia Hit;4;Х/ф;Босх 1 с.;[16+]
220145;220225;Amedia Hit;4;Х/ф;Босх 2 с.;[16+]
220225;220310;Amedia Hit;4;Х/ф;Грабь награбленное 5 с.;[16+]
220310;220350;Amedia Hit;4;Х/ф;Грабь награбленное 6 с.;[16+]
220350;220440;Amedia Hit;4;Х/ф;Дерзость 7 с.;[16+]
220440;220540;Amedia Hit;4;Х/ф;Дерзость 8 с.;[16+]
220540;220620;Amedia Hit;4;Х/ф;Сен-Пьер 2 с.;[16+]
220620;220715;Amedia Hit;4;Х/ф;Сен-Пьер 3 с.;[16+]
220715;220800;Amedia Hit;4;Х/ф;Шершни 1 с.;[16+]
220800;220850;Amedia Hit;4;Х/ф;Шершни 2 с.;[16+]
220850;220940;Amedia Hit;4;Х/ф;Шершни 3 с.;[16+]
220940;221035;Amedia Hit;4;Х/ф;Шершни 4 с.;[16+]
221035;221120;Amedia Hit;4;Х/ф;Шершни 5 с.;[16+]
221120;221130;Amedia Hit;4;Х/ф;"Альманах "Жизнь как чудо" 4 с.;[16+]
221130;221215;Amedia Hit;4;Х/ф;Ложь, обман и предательство 3 с.;[16+]
221215;221300;Amedia Hit;4;Х/ф;Ложь, обман и предательство 4 с.;[16+]
221300;221340;Amedia Hit;4;Х/ф;Остановись и гори 1 с.;[16+]
221340;221420;Amedia Hit;4;Х/ф;Остановись и гори 2 с.;[16+]
221420;221505;Amedia Hit;4;Х/ф;Остановись и гори 3 с.;[16+]
221505;221545;Amedia Hit;4;Х/ф;Остановись и гори 4 с.;[16+]
221545;221625;Amedia Hit;4;Х/ф;Остановись и гори 5 с.;[16+]
221625;221710;Amedia Hit;4;Х/ф;Шершни 1 с.;[16+]
221710;221800;Amedia Hit;4;Х/ф;Шершни 2 с.;[16+]
221800;221850;Amedia Hit;4;Х/ф;Шершни 3 с.;[16+]
221850;221945;Amedia Hit;4;Х/ф;Шершни 4 с.;[16+]
221945;222030;Amedia Hit;4;Х/ф;Шершни 5 с.;[16+]
222030;222115;Amedia Hit;4;Х/ф;Заклятые подруги 1 с.;[16+]
222115;222200;Amedia Hit;4;Х/ф;Заклятые подруги 2 с.;[16+]
222200;222240;Amedia Hit;4;Х/ф;Заклятые подруги 3 с.;[16+]
222240;222325;Amedia Hit;4;Х/ф;Ложь, обман и предательство 3 с.;[16+]
222325;230010;Amedia Hit;4;Х/ф;Ложь, обман и предательство 4 с.;[16+]
230010;230050;Amedia Hit;4;Х/ф;Остановись и гори 1 с.;[16+]
230050;230130;Amedia Hit;4;Х/ф;Остановись и гори 2 с.;[16+]
230130;230215;Amedia Hit;4;Х/ф;Остановись и гори 3 с.;[16+]
230215;230255;Amedia Hit;4;Х/ф;Остановись и гори 4 с.;[16+]
230255;230335;Amedia Hit;4;Х/ф;Остановись и гори 5 с.;[16+]
230335;230420;Amedia Hit;4;Х/ф;Заклятые подруги 1 с.;[16+]
230420;230500;Amedia Hit;4;Х/ф;Заклятые подруги 2 с.;[16+]
230500;230545;Amedia Hit;4;Х/ф;Заклятые подруги 3 с.;[16+]
230545;230630;Amedia Hit;4;Х/ф;Ложь, обман и предательство 3 с.;[16+]
230630;230715;Amedia Hit;4;Х/ф;Ложь, обман и предательство 4 с.;[16+]
230715;230800;Amedia Hit;4;Х/ф;Шершни 6 с.;[16+]
230800;230850;Amedia Hit;4;Х/ф;Шершни 7 с.;[16+]
230850;230940;Amedia Hit;4;Х/ф;Шершни 8 с.;[16+]
230940;231025;Amedia Hit;4;Х/ф;Шершни 9 с.;[16+]
231025;231115;Amedia Hit;4;Х/ф;Шершни 10 с.;[16+]
231115;231130;Amedia Hit;4;Х/ф;"Альманах "Жизнь как чудо" 3 с.;[16+]
231130;231215;Amedia Hit;4;Х/ф;Ложь, обман и предательство 5 с.;[16+]
231215;231300;Amedia Hit;4;Х/ф;Ложь, обман и предательство 6 с.;[16+]
231300;231340;Amedia Hit;4;Х/ф;Остановись и гори 6 с.;[16+]
231340;231420;Amedia Hit;4;Х/ф;Остановись и гори 7 с.;[16+]
231420;231500;Amedia Hit;4;Х/ф;Остановись и гори 8 с.;[16+]
231500;231540;Amedia Hit;4;Х/ф;Остановись и гори 9 с.;[16+]
231540;231625;Amedia Hit;4;Х/ф;Остановись и гори 10 с.;[16+]
231625;231710;Amedia Hit;4;Х/ф;Шершни 6 с.;[16+]
231710;231800;Amedia Hit;4;Х/ф;Шершни 7 с.;[16+]
231800;231855;Amedia Hit;4;Х/ф;Шершни 8 с.;[16+]
231855;231940;Amedia Hit;4;Х/ф;Шершни 9 с.;[16+]
231940;232030;Amedia Hit;4;Х/ф;Шершни 10 с.;[16+]
232030;232115;Amedia Hit;4;Х/ф;Заклятые подруги 4 с.;[16+]
232115;232155;Amedia Hit;4;Х/ф;Заклятые подруги 5 с.;[16+]
232155;232240;Amedia Hit;4;Х/ф;Заклятые подруги 6 с.;[16+]
232240;232325;Amedia Hit;4;Х/ф;Ложь, обман и предательство 5 с.;[16+]
232325;240010;Amedia Hit;4;Х/ф;Ложь, обман и предательство 6 с.;[16+]
240010;240050;Amedia Hit;4;Х/ф;Остановись и гори 6 с.;[16+]
240050;240130;Amedia Hit;4;Х/ф;Остановись и гори 7 с.;[16+]
240130;240210;Amedia Hit;4;Х/ф;Остановись и гори 8 с.;[16+]
240210;240250;Amedia Hit;4;Х/ф;Остановись и гори 9 с.;[16+]
240250;240300;Amedia Hit;4;Х/ф;Остановись и гори 10 с.;[16+]
170600;170645;Amedia Premium (SD);5;Х/ф;Виктория 5 с.;[16+]
170645;170730;Amedia Premium (SD);5;Х/ф;Виктория 6 с.;[16+]
170730;170820;Amedia Premium (SD);5;Х/ф;Звёздный путь: Странные новые миры 4 с.;[16+]
170820;170935;Amedia Premium (SD);5;Х/ф;Соседка;[16+]
170935;171020;Amedia Premium (SD);5;Х/ф;Арсенал на продажу 2 с.;[16+]
171020;171100;Amedia Premium (SD);5;Х/ф;Арсенал на продажу 3 с.;[16+]
171100;171140;Amedia Premium (SD);5;Х/ф;Пантеон 1 с.;[16+]
171140;171215;Amedia Premium (SD);5;Х/ф;Пантеон 2 с.;[16+]
171215;171255;Amedia Premium (SD);5;Х/ф;Как тебе поверить 9 с.;[16+]
171255;171335;Amedia Premium (SD);5;Х/ф;Как тебе поверить 10 с.;[16+]
171335;171500;Amedia Premium (SD);5;Х/ф;Молодой Морс 1 с.;[16+]
171500;171545;Amedia Premium (SD);5;Х/ф;Виктория 5 с.;[16+]
171545;171630;Amedia Premium (SD);5;Х/ф;Виктория 6 с.;[16+]
171630;171830;Amedia Premium (SD);5;Х/ф;Выживший;[16+]
171830;171920;Amedia Premium (SD);5;Х/ф;Бывшая жена 1 с.;[16+]
171920;172005;Amedia Premium (SD);5;Х/ф;Бывшая жена 2 с.;[16+]
172005;172130;Amedia Premium (SD);5;Х/ф;Молодой Морс 2 с.;[16+]
172130;172215;Amedia Premium (SD);5;Х/ф;Виктория 7 с.;[16+]
172215;172300;Amedia Premium (SD);5;Х/ф;Виктория 8 с.;[16+]
172300;180055;Amedia Premium (SD);5;Х/ф;Создатель;[16+]
180055;180135;Amedia Premium (SD);5;Х/ф;Арсенал на продажу 2 с.;[16+]
180135;180220;Amedia Premium (SD);5;Х/ф;Арсенал на продажу 3 с.;[16+]
180220;180310;Amedia Premium (SD);5;Х/ф;Бывшая жена 1 с.;[16+]
180310;180350;Amedia Premium (SD);5;Х/ф;Бывшая жена 2 с.;[16+]
180350;180445;Amedia Premium (SD);5;Х/ф;Штисель 11 с.;[16+]
180445;180610;Amedia Premium (SD);5;Х/ф;Молодой Морс 2 с.;[16+]
180610;180655;Amedia Premium (SD);5;Х/ф;Виктория 7 с.;[16+]
180655;180740;Amedia Premium (SD);5;Х/ф;Виктория 8 с.;[16+]
180740;180945;Amedia Premium (SD);5;Х/ф;Создатель 2 с.;[16+]
180945;181030;Amedia Premium (SD);5;Х/ф;Арсенал на продажу 4 с.;[16+]
181030;181115;Amedia Premium (SD);5;Х/ф;Арсенал на продажу 5 с.;[16+]
181115;181200;Amedia Premium (SD);5;Х/ф;Пантеон 3 с.;[16+]
181200;181250;Amedia Premium (SD);5;Х/ф;Бывшая жена 1 с.;[16+]
181250;181335;Amedia Premium (SD);5;Х/ф;Бывшая жена 2 с.;[16+]
181335;181500;Amedia Premium (SD);5;Х/ф;Молодой Морс 2 с.;[16+]
181500;181545;Amedia Premium (SD);5;Х/ф;Виктория 7 с.;[16+]
181545;181630;Amedia Premium (SD);5;Х/ф;Виктория 8 с.;[16+]
181630;181830;Amedia Premium (SD);5;Х/ф;Создатель;[16+]
181830;181915;Amedia Premium (SD);5;Х/ф;Бывшая жена 3 с.;[16+]
181915;182000;Amedia Premium (SD);5;Х/ф;Бывшая жена 4 с.;[16+]
182000;182125;Amedia Premium (SD);5;Х/ф;Молодой Морс 3 с.;[16+]
182125;182215;Amedia Premium (SD);5;Х/ф;Виктория 1 с.;[16+]
182215;182305;Amedia Premium (SD);5;Х/ф;Виктория 2 с.;[16+]
182305;190100;Amedia Premium (SD);5;Х/ф;Игра на понижение;[16+]
190100;190140;Amedia Premium (SD);5;Х/ф;Арсенал на продажу 4 с.;[16+]
190140;190225;Amedia Premium (SD);5;Х/ф;Арсенал на продажу 5 с.;[16+]
190225;190310;Amedia Premium (SD);5;Х/ф;Бывшая жена 3 с.;[16+]
190310;190350;Amedia Premium (SD);5;Х/ф;Бывшая жена 4 с.;[16+]
190350;190440;Amedia Premium (SD);5;Х/ф;Штисель 12 с.;[16+]
190440;190605;Amedia Premium (SD);5;Х/ф;Молодой Морс 3 с.;[16+]
190605;190655;Amedia Premium (SD);5;Х/ф;Виктория 1 с.;[16+]
190655;190740;Amedia Premium (SD);5;Х/ф;Виктория 2 с.;[16+]
190740;190945;Amedia Premium (SD);5;Х/ф;Игра на понижение 2 с.;[16+]
190945;191030;Amedia Premium (SD);5;Х/ф;Арсенал на продажу 6 с.;[16+]
191030;191115;Amedia Premium (SD);5;Х/ф;Арсенал на продажу 7 с.;[16+]
191115;191200;Amedia Premium (SD);5;Х/ф;Пантеон 4 с.;[16+]
191200;191245;Amedia Premium (SD);5;Х/ф;Бывшая жена 3 с.;[16+]
191245;191330;Amedia Premium (SD);5;Х/ф;Бывшая жена 4 с.;[16+]
191330;191500;Amedia Premium (SD);5;Х/ф;Молодой Морс 3 с.;[16+]
191500;191550;Amedia Premium (SD);5;Х/ф;Виктория 1 с.;[16+]
191550;191635;Amedia Premium (SD);5;Х/ф;Виктория 2 с.;[16+]
191635;191830;Amedia Premium (SD);5;Х/ф;Игра на понижение;[16+]
191830;191915;Amedia Premium (SD);5;Х/ф;Бывшая жена 1 с.;[16+]
191915;192000;Amedia Premium (SD);5;Х/ф;Бывшая жена 2 с.;[16+]
192000;192125;Amedia Premium (SD);5;Х/ф;Молодой Морс 4 с.;[16+]
192125;192215;Amedia Premium (SD);5;Х/ф;Виктория 3 с.;[16+]
192215;192300;Amedia Premium (SD);5;Х/ф;Виктория 4 с.;[16+]
192300;200045;Amedia Premium (SD);5;Х/ф;Западня;[16+]
200045;200130;Amedia Premium (SD);5;Х/ф;Арсенал на продажу 6 с.;[16+]
200130;200215;Amedia Premium (SD);5;Х/ф;Арсенал на продажу 7 с.;[16+]
200215;200255;Amedia Premium (SD);5;Х/ф;Бывшая жена 1 с.;[16+]
200255;200340;Amedia Premium (SD);5;Х/ф;Бывшая жена 2 с.;[16+]
200340;200430;Amedia Premium (SD);5;Х/ф;Штисель 1 с.;[16+]
200430;200605;Amedia Premium (SD);5;Х/ф;Молодой Морс 4 с.;[16+]
200605;200650;Amedia Premium (SD);5;Х/ф;Виктория 3 с.;[16+]
200650;200740;Amedia Premium (SD);5;Х/ф;Виктория 4 с.;[16+]
200740;200920;Amedia Premium (SD);5;Х/ф;Западня 2 с.;[16+]
200920;200930;Amedia Premium (SD);5;Х/ф;Лучшие итальянские короткометражки-4: Истории нашей жизни 1 с.;[16+]
200930;200945;Amedia Premium (SD);5;Х/ф;Лучшие итальянские короткометражки-4: Истории нашей жизни 2 с.;[16+]
200945;201030;Amedia Premium (SD);5;Х/ф;Арсенал на продажу 8 с.;[16+]
201030;201115;Amedia Premium (SD);5;Х/ф;Арсенал на продажу 1 с.;[16+]
201115;201200;Amedia Premium (SD);5;Х/ф;Пантеон 5 с.;[16+]
201200;201245;Amedia Premium (SD);5;Х/ф;Бывшая жена 1 с.;[16+]
201245;201325;Amedia Premium (SD);5;Х/ф;Бывшая жена 2 с.;[16+]
201325;201500;Amedia Premium (SD);5;Х/ф;Молодой Морс 4 с.;[16+]
201500;201545;Amedia Premium (SD);5;Х/ф;Виктория 3 с.;[16+]
201545;201630;Amedia Premium (SD);5;Х/ф;Виктория 4 с.;[16+]
201630;201815;Amedia Premium (SD);5;Х/ф;Западня;[16+]
201815;201830;Amedia Premium (SD);5;Х/ф;Лучшие итальянские короткометражки-4: Истории нашей жизни 4 с.;[16+]
201830;201915;Amedia Premium (SD);5;Х/ф;Бывшая жена 3 с.;[16+]
201915;202000;Amedia Premium (SD);5;Х/ф;Бывшая жена 4 с.;[16+]
202000;202130;Amedia Premium (SD);5;Х/ф;Молодой Морс 1 с.;[16+]
202130;202215;Amedia Premium (SD);5;Х/ф;Виктория 5 с.;[16+]
202215;202300;Amedia Premium (SD);5;Х/ф;Виктория 6 с.;[16+]
202300;210055;Amedia Premium (SD);5;Х/ф;Амстердам;[16+]
210055;210140;Amedia Premium (SD);5;Х/ф;Арсенал на продажу 8 с.;[16+]
210140;210220;Amedia Premium (SD);5;Х/ф;Арсенал на продажу 1 с.;[16+]
210220;210300;Amedia Premium (SD);5;Х/ф;Бывшая жена 3 с.;[16+]
210300;210345;Amedia Premium (SD);5;Х/ф;Бывшая жена 4 с.;[16+]
210345;210435;Amedia Premium (SD);5;Х/ф;Штисель 2 с.;[16+]
210435;210605;Amedia Premium (SD);5;Х/ф;Молодой Морс 1 с.;[16+]
210605;210650;Amedia Premium (SD);5;Х/ф;Виктория 5 с.;[16+]
210650;210735;Amedia Premium (SD);5;Х/ф;Виктория 6 с.;[16+]
210735;210935;Amedia Premium (SD);5;Х/ф;Амстердам 2 с.;[16+]
210935;210950;Amedia Premium (SD);5;Х/ф;Лучшие итальянские короткометражки-4: Истории нашей жизни 3 с.;[16+]
210950;211030;Amedia Premium (SD);5;Х/ф;Арсенал на продажу 2 с.;[16+]
211030;211115;Amedia Premium (SD);5;Х/ф;Арсенал на продажу 3 с.;[16+]
211115;211200;Amedia Premium (SD);5;Х/ф;Пантеон 6 с.;[16+]
211200;211245;Amedia Premium (SD);5;Х/ф;Бывшая жена 3 с.;[16+]
211245;211330;Amedia Premium (SD);5;Х/ф;Бывшая жена 4 с.;[16+]
211330;211500;Amedia Premium (SD);5;Х/ф;Молодой Морс 1 с.;[16+]
211500;211545;Amedia Premium (SD);5;Х/ф;Виктория 5 с.;[16+]
211545;211630;Amedia Premium (SD);5;Х/ф;Виктория 6 с.;[16+]
211630;211830;Amedia Premium (SD);5;Х/ф;Амстердам;[16+]
211830;212000;Amedia Premium (SD);5;Х/ф;Вечная дочь;[16+]
212000;212120;Amedia Premium (SD);5;Х/ф;Молодой Морс 2 с.;[16+]
212120;212205;Amedia Premium (SD);5;Х/ф;Виктория 7 с.;[16+]
212205;212250;Amedia Premium (SD);5;Х/ф;Виктория 8 с.;[16+]
212250;220100;Amedia Premium (SD);5;Х/ф;Переговорщик;[16+]
220100;220140;Amedia Premium (SD);5;Х/ф;Арсенал на продажу 2 с.;[16+]
220140;220225;Amedia Premium (SD);5;Х/ф;Арсенал на продажу 3 с.;[16+]
220225;220335;Amedia Premium (SD);5;Х/ф;З/Л/О/85;[16+]
220335;220430;Amedia Premium (SD);5;Х/ф;Штисель 3 с.;[16+]
220430;220550;Amedia Premium (SD);5;Х/ф;Молодой Морс 2 с.;[16+]
220550;220600;Amedia Premium (SD);5;Х/ф;Лучшие итальянские короткометражки-4: Истории нашей жизни 6 с.;[16+]
220600;220645;Amedia Premium (SD);5;Х/ф;Террор: Дьявол в серебре 1 с.;[16+]
220645;220725;Amedia Premium (SD);5;Х/ф;Террор: Дьявол в серебре 2 с.;[16+]
220725;220810;Amedia Premium (SD);5;Х/ф;Террор: Дьявол в серебре 3 с.;[16+]
220810;221020;Amedia Premium (SD);5;Х/ф;Переговорщик;[16+]
221020;221105;Amedia Premium (SD);5;Х/ф;Родственные души 1 с.;[16+]
221105;221145;Amedia Premium (SD);5;Х/ф;Родственные души 2 с.;[16+]
221145;221225;Amedia Premium (SD);5;Х/ф;По дороге с Норманом Ридусом 3 с.;[16+]
221225;221310;Amedia Premium (SD);5;Х/ф;По дороге с Норманом Ридусом 4 с.;[16+]
221310;221355;Amedia Premium (SD);5;Х/ф;Звёздный путь: Странные новые миры 4 с.;[16+]
221355;221435;Amedia Premium (SD);5;Х/ф;Место преступления: Канны 1 с.;[16+]
221435;221520;Amedia Premium (SD);5;Х/ф;Место преступления: Канны 2 с.;[16+]
221520;221610;Amedia Premium (SD);5;Х/ф;Место преступления: Канны 3 с.;[16+]
221610;221655;Amedia Premium (SD);5;Х/ф;Террор: Дьявол в серебре 1 с.;[16+]
221655;221735;Amedia Premium (SD);5;Х/ф;Террор: Дьявол в серебре 2 с.;[16+]
221735;221820;Amedia Premium (SD);5;Х/ф;Террор: Дьявол в серебре 3 с.;[16+]
221820;222015;Amedia Premium (SD);5;Х/ф;Время убивать;[16+]
222015;222100;Amedia Premium (SD);5;Х/ф;Пока смерть не разлучит нас 3 с.;[16+]
222100;222145;Amedia Premium (SD);5;Х/ф;Вестис 7 с.;[16+]
222145;222230;Amedia Premium (SD);5;Х/ф;Родственные души 1 с.;[16+]
222230;222310;Amedia Premium (SD);5;Х/ф;Родственные души 2 с.;[16+]
222310;222345;Amedia Premium (SD);5;Х/ф;Родственные души 3 с.;[16+]
222345;230025;Amedia Premium (SD);5;Х/ф;По дороге с Норманом Ридусом 3 с.;[16+]
230025;230115;Amedia Premium (SD);5;Х/ф;Пока смерть не разлучит нас 3 с.;[16+]
230115;230200;Amedia Premium (SD);5;Х/ф;Вестис 7 с.;[16+]
230200;230240;Amedia Premium (SD);5;Х/ф;Арсенал на продажу 2 с.;[16+]
230240;230325;Amedia Premium (SD);5;Х/ф;Арсенал на продажу 3 с.;[16+]
230325;230410;Amedia Premium (SD);5;Х/ф;Арсенал на продажу 4 с.;[16+]
230410;230455;Amedia Premium (SD);5;Х/ф;Арсенал на продажу 5 с.;[16+]
230455;230545;Amedia Premium (SD);5;Х/ф;Арсенал на продажу 6 с.;[16+]
230545;230600;Amedia Premium (SD);5;Х/ф;Лучшие итальянские короткометражки-4: Истории нашей жизни 5 с.;[16+]
230600;230645;Amedia Premium (SD);5;Х/ф;Террор: Дьявол в серебре 4 с.;[16+]
230645;230730;Amedia Premium (SD);5;Х/ф;Террор: Дьявол в серебре 5 с.;[16+]
230730;230810;Amedia Premium (SD);5;Х/ф;Террор: Дьявол в серебре 6 с.;[16+]
230810;231015;Amedia Premium (SD);5;Х/ф;Время убивать;[16+]
231015;231045;Amedia Premium (SD);5;Х/ф;Родственные души 3 с.;[16+]
231045;231130;Amedia Premium (SD);5;Х/ф;Родственные души 5 с.;[16+]
231130;231215;Amedia Premium (SD);5;Х/ф;Родственные души 6 с.;[16+]
231215;231300;Amedia Premium (SD);5;Х/ф;Пока смерть не разлучит нас 3 с.;[16+]
231300;231350;Amedia Premium (SD);5;Х/ф;Вестис 7 с.;[16+]
231350;231435;Amedia Premium (SD);5;Х/ф;Место преступления: Канны 4 с.;[16+]
231435;231520;Amedia Premium (SD);5;Х/ф;Место преступления: Канны 5 с.;[16+]
231520;231600;Amedia Premium (SD);5;Х/ф;Место преступления: Канны 6 с.;[16+]
231600;231645;Amedia Premium (SD);5;Х/ф;Террор: Дьявол в серебре 4 с.;[16+]
231645;231725;Amedia Premium (SD);5;Х/ф;Террор: Дьявол в серебре 5 с.;[16+]
231725;231805;Amedia Premium (SD);5;Х/ф;Террор: Дьявол в серебре 6 с.;[16+]
231805;232000;Amedia Premium (SD);5;Х/ф;Лекарство от здоровья;[16+]
232000;232100;Amedia Premium (SD);5;Х/ф;Звёздный путь: Странные новые миры 5 с.;[16+]
232100;232145;Amedia Premium (SD);5;Х/ф;Ходячие мертвецы: Мертвый город 4 с.;[16+]
232145;232225;Amedia Premium (SD);5;Х/ф;Родственные души 5 с.;[16+]
232225;232315;Amedia Premium (SD);5;Х/ф;Родственные души 6 с.;[16+]
232315;240000;Amedia Premium (SD);5;Х/ф;По дороге с Норманом Ридусом 4 с.;[16+]
240000;240045;Amedia Premium (SD);5;Х/ф;Звёздный путь: Странные новые миры 5 с.;[16+]
240045;240130;Amedia Premium (SD);5;Х/ф;Ходячие мертвецы: Мертвый город 4 с.;[16+]
240130;240215;Amedia Premium (SD);5;Х/ф;Арсенал на продажу 7 с.;[16+]
240215;240255;Amedia Premium (SD);5;Х/ф;Арсенал на продажу 8 с.;[16+]
240255;240340;Amedia Premium (SD);5;Х/ф;Арсенал на продажу 1 с.;[16+]
240340;240415;Amedia Premium (SD);5;Х/ф;Арсенал на продажу 2 с.;[16+]
240415;240500;Amedia Premium (SD);5;Х/ф;Ходячие мертвецы: Мертвый город 4 с.;[16+]
240500;240545;Amedia Premium (SD);5;Х/ф;Арсенал на продажу 3 с.;[16+]
240545;240600;Amedia Premium (SD);5;Х/ф;"Альманах "Жизнь как чудо" 1 с.;[16+]
170300;170330;Аппетитный;6;Х/ф;Кладовая лета с Аппетитным. Секреты домашних заготовок 12 с.;[16+]
170330;170400;Аппетитный;6;Х/ф;Коршикова Любовь - Домашние рецепты 42 с.;[16+]
170400;170430;Аппетитный;6;Х/ф;Сеня в деле 201 с.;[16+]
170430;170500;Аппетитный;6;Х/ф;Дето4ка Солнца 18 с.;[16+]
170500;170530;Аппетитный;6;Х/ф;Кухня Большого Шефа 75 с.;[16+]
170530;170600;Аппетитный;6;Х/ф;Кухня Большого Шефа 19 с.;[16+]
170600;170630;Аппетитный;6;Х/ф;Это просто 56 с.;[16+]
170630;170700;Аппетитный;6;Х/ф;Каспийский Берег 42 с.;[16+]
170700;170730;Аппетитный;6;Х/ф;Кладовая лета с Аппетитным. Секреты домашних заготовок 10 с.;[16+]
170730;170800;Аппетитный;6;Х/ф;Коршикова Любовь - Домашние рецепты 38 с.;[16+]
170800;170830;Аппетитный;6;Х/ф;Сеня в деле 197 с.;[16+]
170830;170900;Аппетитный;6;Х/ф;Дето4ка Солнца 14 с.;[16+]
170900;170931;Аппетитный;6;Х/ф;Кухня Большого Шефа 70 с.;[16+]
170931;171000;Аппетитный;6;Х/ф;Кухня Большого Шефа 14 с.;[]
171000;171030;Аппетитный;6;Х/ф;Это просто 55 с.;[16+]
171030;171100;Аппетитный;6;Х/ф;Каспийский Берег 41 с.;[16+]
171100;171130;Аппетитный;6;Х/ф;Кладовая лета с Аппетитным. С огорода - на стол 10 с.;[16+]
171130;171200;Аппетитный;6;Х/ф;Коршикова Любовь - Домашние рецепты 37 с.;[16+]
171200;171230;Аппетитный;6;Х/ф;Сеня в деле 196 с.;[16+]
171230;171300;Аппетитный;6;Х/ф;Дето4ка Солнца 13 с.;[16+]
171300;171330;Аппетитный;6;Х/ф;Кухня Большого Шефа 68 с.;[16+]
171330;171400;Аппетитный;6;Х/ф;Кухня Большого Шефа 12 с.;[]
171400;171430;Аппетитный;6;Х/ф;Это просто 57 с.;[16+]
171430;171500;Аппетитный;6;Х/ф;Каспийский Берег 43 с.;[16+]
171500;171530;Аппетитный;6;Х/ф;Кладовая лета с Аппетитным. С огорода - на стол 11 с.;[16+]
171530;171600;Аппетитный;6;Х/ф;Коршикова Любовь - Домашние рецепты 39 с.;[16+]
171600;171630;Аппетитный;6;Х/ф;Сеня в деле 198 с.;[16+]
171630;171700;Аппетитный;6;Х/ф;Дето4ка Солнца 15 с.;[16+]
171700;171730;Аппетитный;6;Х/ф;Кухня Большого Шефа 71 с.;[16+]
171730;171800;Аппетитный;6;Х/ф;Кухня Большого Шефа 15 с.;[]
171800;171830;Аппетитный;6;Х/ф;Это просто 61 с.;[16+]
171830;171900;Аппетитный;6;Х/ф;Каспийский Берег 46 с.;[16+]
171900;171930;Аппетитный;6;Х/ф;Кладовая лета с Аппетитным. С огорода - на стол 13 с.;[16+]
171930;172000;Аппетитный;6;Х/ф;Коршикова Любовь - Домашние рецепты 43 с.;[16+]
172000;172030;Аппетитный;6;Х/ф;Сеня в деле 202 с.;[16+]
172030;172100;Аппетитный;6;Х/ф;Так вкусно! 1 с.;[16+]
172100;172130;Аппетитный;6;Х/ф;Кухня Большого Шефа 20 с.;[16+]
172130;172200;Аппетитный;6;Х/ф;АлмазанКитчен 1 с.;[16+]
172200;172230;Аппетитный;6;Х/ф;Это просто 60 с.;[16+]
172230;172300;Аппетитный;6;Х/ф;Каспийский Берег 93 с.;[16+]
172300;172330;Аппетитный;6;Х/ф;Кладовая лета с Аппетитным. Секреты домашних заготовок 12 с.;[16+]
172330;180000;Аппетитный;6;Х/ф;Коршикова Любовь - Домашние рецепты 42 с.;[16+]
180000;180030;Аппетитный;6;Х/ф;Сеня в деле 201 с.;[16+]
180030;180100;Аппетитный;6;Х/ф;Дето4ка Солнца 18 с.;[16+]
180100;180130;Аппетитный;6;Х/ф;Кухня Большого Шефа 75 с.;[16+]
180130;180200;Аппетитный;6;Х/ф;Кухня Большого Шефа 19 с.;[16+]
180200;180230;Аппетитный;6;Х/ф;Это просто 59 с.;[16+]
180230;180300;Аппетитный;6;Х/ф;Каспийский Берег 45 с.;[16+]
180300;180330;Аппетитный;6;Х/ф;Кладовая лета с Аппетитным. С огорода - на стол 12 с.;[16+]
180330;180400;Аппетитный;6;Х/ф;Коршикова Любовь - Домашние рецепты 41 с.;[16+]
180400;180430;Аппетитный;6;Х/ф;Сеня в деле 200 с.;[16+]
180430;180500;Аппетитный;6;Х/ф;Дето4ка Солнца 17 с.;[16+]
180500;180528;Аппетитный;6;Х/ф;Кухня Большого Шефа 73 с.;[16+]
180528;180600;Аппетитный;6;Х/ф;Кухня Большого Шефа 18 с.;[16+]
180600;180630;Аппетитный;6;Х/ф;Это просто 58 с.;[16+]
180630;180700;Аппетитный;6;Х/ф;Каспийский Берег 44 с.;[16+]
180700;180730;Аппетитный;6;Х/ф;Кладовая лета с Аппетитным. Секреты домашних заготовок 11 с.;[16+]
180730;180800;Аппетитный;6;Х/ф;Коршикова Любовь - Домашние рецепты 40 с.;[16+]
180800;180830;Аппетитный;6;Х/ф;Сеня в деле 199 с.;[16+]
180830;180900;Аппетитный;6;Х/ф;Дето4ка Солнца 16 с.;[16+]
180900;180930;Аппетитный;6;Х/ф;Кухня Большого Шефа 72 с.;[16+]
180930;181000;Аппетитный;6;Х/ф;Кухня Большого Шефа 17 с.;[]
181000;181030;Аппетитный;6;Х/ф;Это просто 57 с.;[16+]
181030;181100;Аппетитный;6;Х/ф;Каспийский Берег 43 с.;[16+]
181100;181130;Аппетитный;6;Х/ф;Кладовая лета с Аппетитным. С огорода - на стол 11 с.;[16+]
181130;181200;Аппетитный;6;Х/ф;Коршикова Любовь - Домашние рецепты 39 с.;[16+]
181200;181230;Аппетитный;6;Х/ф;Сеня в деле 198 с.;[16+]
181230;181300;Аппетитный;6;Х/ф;Дето4ка Солнца 15 с.;[16+]
181300;181330;Аппетитный;6;Х/ф;Кухня Большого Шефа 71 с.;[16+]
181330;181400;Аппетитный;6;Х/ф;Кухня Большого Шефа 15 с.;[]
181400;181430;Аппетитный;6;Х/ф;Это просто 56 с.;[16+]
181430;181500;Аппетитный;6;Х/ф;Каспийский Берег 42 с.;[16+]
181500;181530;Аппетитный;6;Х/ф;Кладовая лета с Аппетитным. Секреты домашних заготовок 10 с.;[16+]
181530;181600;Аппетитный;6;Х/ф;Коршикова Любовь - Домашние рецепты 38 с.;[16+]
181600;181630;Аппетитный;6;Х/ф;Сеня в деле 197 с.;[16+]
181630;181700;Аппетитный;6;Х/ф;Дето4ка Солнца 14 с.;[16+]
181700;181731;Аппетитный;6;Х/ф;Кухня Большого Шефа 70 с.;[16+]
181731;181800;Аппетитный;6;Х/ф;Кухня Большого Шефа 14 с.;[]
181800;181830;Аппетитный;6;Х/ф;Это просто 62 с.;[16+]
181830;181900;Аппетитный;6;Х/ф;Каспийский Берег 47 с.;[16+]
181900;181930;Аппетитный;6;Х/ф;Кладовая лета с Аппетитным. Секреты домашних заготовок 13 с.;[16+]
181930;182000;Аппетитный;6;Х/ф;Коршикова Любовь - Домашние рецепты 44 с.;[16+]
182000;182030;Аппетитный;6;Х/ф;Сеня в деле 203 с.;[16+]
182030;182100;Аппетитный;6;Х/ф;Так вкусно! 2 с.;[16+]
182100;182130;Аппетитный;6;Х/ф;Кухня Большого Шефа 21 с.;[16+]
182130;182200;Аппетитный;6;Х/ф;АлмазанКитчен 2 с.;[16+]
182200;182230;Аппетитный;6;Х/ф;Это просто 61 с.;[16+]
182230;182300;Аппетитный;6;Х/ф;Каспийский Берег 46 с.;[16+]
182300;182330;Аппетитный;6;Х/ф;Кладовая лета с Аппетитным. С огорода - на стол 13 с.;[16+]
182330;190000;Аппетитный;6;Х/ф;Коршикова Любовь - Домашние рецепты 43 с.;[16+]
190000;190030;Аппетитный;6;Х/ф;Сеня в деле 202 с.;[16+]
190030;190100;Аппетитный;6;Х/ф;Так вкусно! 1 с.;[16+]
190100;190130;Аппетитный;6;Х/ф;Кухня Большого Шефа 20 с.;[16+]
190130;190200;Аппетитный;6;Х/ф;АлмазанКитчен 1 с.;[16+]
190200;190230;Аппетитный;6;Х/ф;Это просто 60 с.;[16+]
190230;190300;Аппетитный;6;Х/ф;Каспийский Берег 93 с.;[16+]
190300;190330;Аппетитный;6;Х/ф;Кладовая лета с Аппетитным. Секреты домашних заготовок 12 с.;[16+]
190330;190400;Аппетитный;6;Х/ф;Коршикова Любовь - Домашние рецепты 42 с.;[16+]
190400;190430;Аппетитный;6;Х/ф;Сеня в деле 201 с.;[16+]
190430;190500;Аппетитный;6;Х/ф;Дето4ка Солнца 18 с.;[16+]
190500;190530;Аппетитный;6;Х/ф;Кухня Большого Шефа 75 с.;[16+]
190530;190600;Аппетитный;6;Х/ф;Кухня Большого Шефа 19 с.;[16+]
190600;190630;Аппетитный;6;Х/ф;Это просто 59 с.;[16+]
190630;190700;Аппетитный;6;Х/ф;Каспийский Берег 45 с.;[16+]
190700;190730;Аппетитный;6;Х/ф;Кладовая лета с Аппетитным. С огорода - на стол 12 с.;[16+]
190730;190800;Аппетитный;6;Х/ф;Коршикова Любовь - Домашние рецепты 41 с.;[16+]
190800;190830;Аппетитный;6;Х/ф;Сеня в деле 200 с.;[16+]
190830;190900;Аппетитный;6;Х/ф;Дето4ка Солнца 17 с.;[16+]
190900;190928;Аппетитный;6;Х/ф;Кухня Большого Шефа 73 с.;[16+]
190928;191000;Аппетитный;6;Х/ф;Кухня Большого Шефа 18 с.;[16+]
191000;191030;Аппетитный;6;Х/ф;Это просто 58 с.;[16+]
191030;191100;Аппетитный;6;Х/ф;Каспийский Берег 44 с.;[16+]
191100;191130;Аппетитный;6;Х/ф;Кладовая лета с Аппетитным. Секреты домашних заготовок 11 с.;[16+]
191130;191200;Аппетитный;6;Х/ф;Коршикова Любовь - Домашние рецепты 40 с.;[16+]
191200;191230;Аппетитный;6;Х/ф;Сеня в деле 199 с.;[16+]
191230;191300;Аппетитный;6;Х/ф;Дето4ка Солнца 16 с.;[16+]
191300;191330;Аппетитный;6;Х/ф;Кухня Большого Шефа 72 с.;[16+]
191330;191400;Аппетитный;6;Х/ф;Кухня Большого Шефа 17 с.;[]
191400;191430;Аппетитный;6;Х/ф;Это просто 57 с.;[16+]
191430;191500;Аппетитный;6;Х/ф;Каспийский Берег 43 с.;[16+]
191500;191530;Аппетитный;6;Х/ф;Кладовая лета с Аппетитным. С огорода - на стол 11 с.;[16+]
191530;191600;Аппетитный;6;Х/ф;Коршикова Любовь - Домашние рецепты 39 с.;[16+]
191600;191630;Аппетитный;6;Х/ф;Сеня в деле 198 с.;[16+]
191630;191700;Аппетитный;6;Х/ф;Дето4ка Солнца 15 с.;[16+]
191700;191730;Аппетитный;6;Х/ф;Кухня Большого Шефа 71 с.;[16+]
191730;191800;Аппетитный;6;Х/ф;Кухня Большого Шефа 15 с.;[]
191800;191830;Аппетитный;6;Х/ф;Это просто 63 с.;[16+]
191830;191900;Аппетитный;6;Х/ф;Каспийский Берег 48 с.;[16+]
191900;191930;Аппетитный;6;Х/ф;Кладовая лета с Аппетитным. С огорода - на стол 14 с.;[16+]
191930;192000;Аппетитный;6;Х/ф;Коршикова Любовь - Домашние рецепты 45 с.;[16+]
192000;192030;Аппетитный;6;Х/ф;Сеня в деле 204 с.;[16+]
192030;192100;Аппетитный;6;Х/ф;Так вкусно! 3 с.;[16+]
192100;192130;Аппетитный;6;Х/ф;Кухня Большого Шефа 22 с.;[16+]
192130;192200;Аппетитный;6;Х/ф;АлмазанКитчен 3 с.;[16+]
192200;192230;Аппетитный;6;Х/ф;Это просто 62 с.;[16+]
192230;192300;Аппетитный;6;Х/ф;Каспийский Берег 47 с.;[16+]
192300;192330;Аппетитный;6;Х/ф;Кладовая лета с Аппетитным. Секреты домашних заготовок 13 с.;[16+]
192330;200000;Аппетитный;6;Х/ф;Коршикова Любовь - Домашние рецепты 44 с.;[16+]
200000;200030;Аппетитный;6;Х/ф;Сеня в деле 203 с.;[16+]
200030;200100;Аппетитный;6;Х/ф;Так вкусно! 2 с.;[16+]
200100;200130;Аппетитный;6;Х/ф;Кухня Большого Шефа 21 с.;[16+]
200130;200200;Аппетитный;6;Х/ф;АлмазанКитчен 2 с.;[16+]
200200;200230;Аппетитный;6;Х/ф;Это просто 61 с.;[16+]
200230;200300;Аппетитный;6;Х/ф;Каспийский Берег 46 с.;[16+]
200300;200330;Аппетитный;6;Х/ф;Кладовая лета с Аппетитным. С огорода - на стол 13 с.;[16+]
200330;200400;Аппетитный;6;Х/ф;Коршикова Любовь - Домашние рецепты 43 с.;[16+]
200400;200430;Аппетитный;6;Х/ф;Сеня в деле 202 с.;[16+]
200430;200500;Аппетитный;6;Х/ф;Так вкусно! 1 с.;[16+]
200500;200530;Аппетитный;6;Х/ф;Кухня Большого Шефа 20 с.;[16+]
200530;200600;Аппетитный;6;Х/ф;АлмазанКитчен 1 с.;[16+]
200600;200630;Аппетитный;6;Х/ф;Это просто 60 с.;[16+]
200630;200700;Аппетитный;6;Х/ф;Каспийский Берег 93 с.;[16+]
200700;200730;Аппетитный;6;Х/ф;Кладовая лета с Аппетитным. Секреты домашних заготовок 12 с.;[16+]
200730;200800;Аппетитный;6;Х/ф;Коршикова Любовь - Домашние рецепты 42 с.;[16+]
200800;200830;Аппетитный;6;Х/ф;Сеня в деле 201 с.;[16+]
200830;200900;Аппетитный;6;Х/ф;Дето4ка Солнца 18 с.;[16+]
200900;200930;Аппетитный;6;Х/ф;Кухня Большого Шефа 75 с.;[16+]
200930;201000;Аппетитный;6;Х/ф;Кухня Большого Шефа 19 с.;[16+]
201000;201030;Аппетитный;6;Х/ф;Это просто 59 с.;[16+]
201030;201100;Аппетитный;6;Х/ф;Каспийский Берег 45 с.;[16+]
201100;201130;Аппетитный;6;Х/ф;Кладовая лета с Аппетитным. С огорода - на стол 12 с.;[16+]
201130;201200;Аппетитный;6;Х/ф;Коршикова Любовь - Домашние рецепты 41 с.;[16+]
201200;201230;Аппетитный;6;Х/ф;Сеня в деле 200 с.;[16+]
201230;201300;Аппетитный;6;Х/ф;Дето4ка Солнца 17 с.;[16+]
201300;201328;Аппетитный;6;Х/ф;Кухня Большого Шефа 73 с.;[16+]
201328;201400;Аппетитный;6;Х/ф;Кухня Большого Шефа 18 с.;[16+]
201400;201430;Аппетитный;6;Х/ф;Это просто 58 с.;[16+]
201430;201500;Аппетитный;6;Х/ф;Каспийский Берег 44 с.;[16+]
201500;201530;Аппетитный;6;Х/ф;Кладовая лета с Аппетитным. Секреты домашних заготовок 11 с.;[16+]
201530;201600;Аппетитный;6;Х/ф;Коршикова Любовь - Домашние рецепты 40 с.;[16+]
201600;201630;Аппетитный;6;Х/ф;Сеня в деле 199 с.;[16+]
201630;201700;Аппетитный;6;Х/ф;Дето4ка Солнца 16 с.;[16+]
201700;201730;Аппетитный;6;Х/ф;Кухня Большого Шефа 72 с.;[16+]
201730;201800;Аппетитный;6;Х/ф;Кухня Большого Шефа 17 с.;[]
201800;201830;Аппетитный;6;Х/ф;Это просто 64 с.;[16+]
201830;201900;Аппетитный;6;Х/ф;Каспийский Берег 51 с.;[16+]
201900;201930;Аппетитный;6;Х/ф;Кладовая лета с Аппетитным. Секреты домашних заготовок 14 с.;[16+]
201930;202000;Аппетитный;6;Х/ф;Коршикова Любовь - Домашние рецепты 46 с.;[16+]
202000;202030;Аппетитный;6;Х/ф;Сеня в деле 205 с.;[16+]
202030;202100;Аппетитный;6;Х/ф;Так вкусно! 4 с.;[16+]
202100;202130;Аппетитный;6;Х/ф;Кухня Большого Шефа 23 с.;[16+]
202130;202200;Аппетитный;6;Х/ф;АлмазанКитчен 4 с.;[16+]
202200;202230;Аппетитный;6;Х/ф;Это просто 63 с.;[16+]
202230;202300;Аппетитный;6;Х/ф;Каспийский Берег 48 с.;[16+]
202300;202330;Аппетитный;6;Х/ф;Кладовая лета с Аппетитным. С огорода - на стол 14 с.;[16+]
202330;210000;Аппетитный;6;Х/ф;Коршикова Любовь - Домашние рецепты 45 с.;[16+]
210000;210030;Аппетитный;6;Х/ф;Сеня в деле 204 с.;[16+]
210030;210100;Аппетитный;6;Х/ф;Так вкусно! 3 с.;[16+]
210100;210130;Аппетитный;6;Х/ф;Кухня Большого Шефа 22 с.;[16+]
210130;210200;Аппетитный;6;Х/ф;АлмазанКитчен 3 с.;[16+]
210200;210230;Аппетитный;6;Х/ф;Это просто 62 с.;[16+]
210230;210300;Аппетитный;6;Х/ф;Каспийский Берег 47 с.;[16+]
210300;210330;Аппетитный;6;Х/ф;Кладовая лета с Аппетитным. Секреты домашних заготовок 13 с.;[16+]
210330;210400;Аппетитный;6;Х/ф;Коршикова Любовь - Домашние рецепты 44 с.;[16+]
210400;210430;Аппетитный;6;Х/ф;Сеня в деле 203 с.;[16+]
210430;210500;Аппетитный;6;Х/ф;Так вкусно! 2 с.;[16+]
210500;210530;Аппетитный;6;Х/ф;Кухня Большого Шефа 21 с.;[16+]
210530;210600;Аппетитный;6;Х/ф;АлмазанКитчен 2 с.;[16+]
210600;210630;Аппетитный;6;Х/ф;Это просто 61 с.;[16+]
210630;210700;Аппетитный;6;Х/ф;Каспийский Берег 46 с.;[16+]
210700;210730;Аппетитный;6;Х/ф;Кладовая лета с Аппетитным. С огорода - на стол 13 с.;[16+]
210730;210800;Аппетитный;6;Х/ф;Коршикова Любовь - Домашние рецепты 43 с.;[16+]
210800;210830;Аппетитный;6;Х/ф;Сеня в деле 202 с.;[16+]
210830;210900;Аппетитный;6;Х/ф;Так вкусно! 1 с.;[16+]
210900;210930;Аппетитный;6;Х/ф;Кухня Большого Шефа 20 с.;[16+]
210930;211000;Аппетитный;6;Х/ф;АлмазанКитчен 1 с.;[16+]
211000;211030;Аппетитный;6;Х/ф;Это просто 60 с.;[16+]
211030;211100;Аппетитный;6;Х/ф;Каспийский Берег 93 с.;[16+]
211100;211130;Аппетитный;6;Х/ф;Кладовая лета с Аппетитным. Секреты домашних заготовок 12 с.;[16+]
211130;211200;Аппетитный;6;Х/ф;Коршикова Любовь - Домашние рецепты 42 с.;[16+]
211200;211230;Аппетитный;6;Х/ф;Сеня в деле 201 с.;[16+]
211230;211300;Аппетитный;6;Х/ф;Дето4ка Солнца 18 с.;[16+]
211300;211330;Аппетитный;6;Х/ф;Кухня Большого Шефа 75 с.;[16+]
211330;211400;Аппетитный;6;Х/ф;Кухня Большого Шефа 19 с.;[16+]
211400;211430;Аппетитный;6;Х/ф;Это просто 59 с.;[16+]
211430;211500;Аппетитный;6;Х/ф;Каспийский Берег 45 с.;[16+]
211500;211530;Аппетитный;6;Х/ф;Кладовая лета с Аппетитным. С огорода - на стол 12 с.;[16+]
211530;211600;Аппетитный;6;Х/ф;Коршикова Любовь - Домашние рецепты 41 с.;[16+]
211600;211630;Аппетитный;6;Х/ф;Сеня в деле 200 с.;[16+]
211630;211700;Аппетитный;6;Х/ф;Дето4ка Солнца 17 с.;[16+]
211700;211728;Аппетитный;6;Х/ф;Кухня Большого Шефа 73 с.;[16+]
211728;211800;Аппетитный;6;Х/ф;Кухня Большого Шефа 18 с.;[16+]
211800;211830;Аппетитный;6;Х/ф;Это просто 65 с.;[16+]
211830;211900;Аппетитный;6;Х/ф;Каспийский Берег 52 с.;[16+]
211900;211930;Аппетитный;6;Х/ф;Кладовая лета с Аппетитным. С огорода - на стол 15 с.;[16+]
211930;212000;Аппетитный;6;Х/ф;Коршикова Любовь - Домашние рецепты 47 с.;[16+]
212000;212030;Аппетитный;6;Х/ф;Сеня в деле 206 с.;[16+]
212030;212100;Аппетитный;6;Х/ф;Так вкусно! 5 с.;[16+]
212100;212130;Аппетитный;6;Х/ф;Кухня Большого Шефа 25 с.;[16+]
212130;212200;Аппетитный;6;Х/ф;АлмазанКитчен 5 с.;[16+]
212200;212230;Аппетитный;6;Х/ф;Это просто 64 с.;[16+]
212230;212300;Аппетитный;6;Х/ф;Каспийский Берег 51 с.;[16+]
212300;212330;Аппетитный;6;Х/ф;Кладовая лета с Аппетитным. Секреты домашних заготовок 14 с.;[16+]
212330;220000;Аппетитный;6;Х/ф;Коршикова Любовь - Домашние рецепты 46 с.;[16+]
220000;220030;Аппетитный;6;Х/ф;Сеня в деле 205 с.;[16+]
220030;220100;Аппетитный;6;Х/ф;Так вкусно! 4 с.;[16+]
220100;220130;Аппетитный;6;Х/ф;Кухня Большого Шефа 23 с.;[16+]
220130;220200;Аппетитный;6;Х/ф;АлмазанКитчен 4 с.;[16+]
220200;220230;Аппетитный;6;Х/ф;Это просто 63 с.;[16+]
220230;220300;Аппетитный;6;Х/ф;Каспийский Берег 48 с.;[16+]
220300;220330;Аппетитный;6;Х/ф;Кладовая лета с Аппетитным. С огорода - на стол 14 с.;[16+]
220330;220400;Аппетитный;6;Х/ф;Коршикова Любовь - Домашние рецепты 45 с.;[16+]
220400;220430;Аппетитный;6;Х/ф;Сеня в деле 204 с.;[16+]
220430;220500;Аппетитный;6;Х/ф;Так вкусно! 3 с.;[16+]
220500;220530;Аппетитный;6;Х/ф;Кухня Большого Шефа 22 с.;[16+]
220530;220600;Аппетитный;6;Х/ф;АлмазанКитчен 3 с.;[16+]
220600;220630;Аппетитный;6;Х/ф;Это просто 62 с.;[16+]
220630;220700;Аппетитный;6;Х/ф;Каспийский Берег 47 с.;[16+]
220700;220730;Аппетитный;6;Х/ф;Кладовая лета с Аппетитным. Секреты домашних заготовок 13 с.;[16+]
220730;220800;Аппетитный;6;Х/ф;Коршикова Любовь - Домашние рецепты 44 с.;[16+]
220800;220830;Аппетитный;6;Х/ф;Сеня в деле 203 с.;[16+]
220830;220900;Аппетитный;6;Х/ф;Так вкусно! 2 с.;[16+]
220900;220930;Аппетитный;6;Х/ф;Кухня Большого Шефа 21 с.;[16+]
220930;221000;Аппетитный;6;Х/ф;АлмазанКитчен 2 с.;[16+]
221000;221030;Аппетитный;6;Х/ф;Это просто 61 с.;[16+]
221030;221100;Аппетитный;6;Х/ф;Каспийский Берег 46 с.;[16+]
221100;221130;Аппетитный;6;Х/ф;Кладовая лета с Аппетитным. С огорода - на стол 13 с.;[16+]
221130;221200;Аппетитный;6;Х/ф;Коршикова Любовь - Домашние рецепты 43 с.;[16+]
221200;221230;Аппетитный;6;Х/ф;Сеня в деле 202 с.;[16+]
221230;221300;Аппетитный;6;Х/ф;Так вкусно! 1 с.;[16+]
221300;221330;Аппетитный;6;Х/ф;Кухня Большого Шефа 20 с.;[16+]
221330;221400;Аппетитный;6;Х/ф;АлмазанКитчен 1 с.;[16+]
221400;221430;Аппетитный;6;Х/ф;Это просто 60 с.;[16+]
221430;221500;Аппетитный;6;Х/ф;Каспийский Берег 93 с.;[16+]
221500;221530;Аппетитный;6;Х/ф;Кладовая лета с Аппетитным. Секреты домашних заготовок 12 с.;[16+]
221530;221600;Аппетитный;6;Х/ф;Коршикова Любовь - Домашние рецепты 42 с.;[16+]
221600;221630;Аппетитный;6;Х/ф;Сеня в деле 201 с.;[16+]
221630;221700;Аппетитный;6;Х/ф;Дето4ка Солнца 18 с.;[16+]
221700;221730;Аппетитный;6;Х/ф;Кухня Большого Шефа 75 с.;[16+]
221730;221800;Аппетитный;6;Х/ф;Кухня Большого Шефа 19 с.;[16+]
221800;221830;Аппетитный;6;Х/ф;Это просто 66 с.;[16+]
221830;221900;Аппетитный;6;Х/ф;Каспийский Берег 94 с.;[16+]
221900;221930;Аппетитный;6;Х/ф;Кладовая лета с Аппетитным. Секреты домашних заготовок 15 с.;[16+]
221930;222000;Аппетитный;6;Х/ф;Коршикова Любовь - Домашние рецепты 48 с.;[16+]
222000;222030;Аппетитный;6;Х/ф;Сеня в деле 207 с.;[16+]
222030;222100;Аппетитный;6;Х/ф;Так вкусно! 6 с.;[16+]
222100;222130;Аппетитный;6;Х/ф;Кухня Большого Шефа 26 с.;[16+]
222130;222200;Аппетитный;6;Х/ф;АлмазанКитчен 6 с.;[16+]
222200;222230;Аппетитный;6;Х/ф;Это просто 65 с.;[16+]
222230;222300;Аппетитный;6;Х/ф;Каспийский Берег 52 с.;[16+]
222300;222330;Аппетитный;6;Х/ф;Кладовая лета с Аппетитным. С огорода - на стол 15 с.;[16+]
222330;230000;Аппетитный;6;Х/ф;Коршикова Любовь - Домашние рецепты 47 с.;[16+]
230000;230030;Аппетитный;6;Х/ф;Сеня в деле 206 с.;[16+]
230030;230100;Аппетитный;6;Х/ф;Так вкусно! 5 с.;[16+]
230100;230130;Аппетитный;6;Х/ф;Кухня Большого Шефа 25 с.;[16+]
230130;230200;Аппетитный;6;Х/ф;АлмазанКитчен 5 с.;[16+]
230200;230230;Аппетитный;6;Х/ф;Это просто 64 с.;[16+]
230230;230300;Аппетитный;6;Х/ф;Каспийский Берег 51 с.;[16+]
230300;230330;Аппетитный;6;Х/ф;Кладовая лета с Аппетитным. Секреты домашних заготовок 14 с.;[16+]
230330;230400;Аппетитный;6;Х/ф;Коршикова Любовь - Домашние рецепты 46 с.;[16+]
230400;230430;Аппетитный;6;Х/ф;Сеня в деле 205 с.;[16+]
230430;230500;Аппетитный;6;Х/ф;Так вкусно! 4 с.;[16+]
230500;230530;Аппетитный;6;Х/ф;Кухня Большого Шефа 23 с.;[16+]
230530;230600;Аппетитный;6;Х/ф;АлмазанКитчен 4 с.;[16+]
230600;230630;Аппетитный;6;Х/ф;Это просто 63 с.;[16+]
230630;230700;Аппетитный;6;Х/ф;Каспийский Берег 48 с.;[16+]
230700;230730;Аппетитный;6;Х/ф;Кладовая лета с Аппетитным. С огорода - на стол 14 с.;[16+]
230730;230800;Аппетитный;6;Х/ф;Коршикова Любовь - Домашние рецепты 45 с.;[16+]
230800;230830;Аппетитный;6;Х/ф;Сеня в деле 204 с.;[16+]
230830;230900;Аппетитный;6;Х/ф;Так вкусно! 3 с.;[16+]
230900;230930;Аппетитный;6;Х/ф;Кухня Большого Шефа 22 с.;[16+]
230930;231000;Аппетитный;6;Х/ф;АлмазанКитчен 3 с.;[16+]
231000;231030;Аппетитный;6;Х/ф;Это просто 62 с.;[16+]
231030;231100;Аппетитный;6;Х/ф;Каспийский Берег 47 с.;[16+]
231100;231130;Аппетитный;6;Х/ф;Кладовая лета с Аппетитным. Секреты домашних заготовок 13 с.;[16+]
231130;231200;Аппетитный;6;Х/ф;Коршикова Любовь - Домашние рецепты 44 с.;[16+]
231200;231230;Аппетитный;6;Х/ф;Сеня в деле 203 с.;[16+]
231230;231300;Аппетитный;6;Х/ф;Так вкусно! 2 с.;[16+]
231300;231330;Аппетитный;6;Х/ф;Кухня Большого Шефа 21 с.;[16+]
231330;231400;Аппетитный;6;Х/ф;АлмазанКитчен 2 с.;[16+]
231400;231430;Аппетитный;6;Х/ф;Это просто 61 с.;[16+]
231430;231500;Аппетитный;6;Х/ф;Каспийский Берег 46 с.;[16+]
231500;231530;Аппетитный;6;Х/ф;Кладовая лета с Аппетитным. С огорода - на стол 13 с.;[16+]
231530;231600;Аппетитный;6;Х/ф;Коршикова Любовь - Домашние рецепты 43 с.;[16+]
231600;231630;Аппетитный;6;Х/ф;Сеня в деле 202 с.;[16+]
231630;231700;Аппетитный;6;Х/ф;Так вкусно! 1 с.;[16+]
231700;231730;Аппетитный;6;Х/ф;Кухня Большого Шефа 20 с.;[16+]
231730;231800;Аппетитный;6;Х/ф;АлмазанКитчен 1 с.;[16+]
231800;231830;Аппетитный;6;Х/ф;Это просто 65 с.;[16+]
231830;231900;Аппетитный;6;Х/ф;Каспийский Берег 52 с.;[16+]
231900;231930;Аппетитный;6;Х/ф;Кладовая лета с Аппетитным. С огорода - на стол 15 с.;[16+]
231930;232000;Аппетитный;6;Х/ф;Коршикова Любовь - Домашние рецепты 47 с.;[16+]
232000;232030;Аппетитный;6;Х/ф;Сеня в деле 206 с.;[16+]
232030;232100;Аппетитный;6;Х/ф;Так вкусно! 5 с.;[16+]
232100;232130;Аппетитный;6;Х/ф;Кухня Большого Шефа 25 с.;[16+]
232130;232200;Аппетитный;6;Х/ф;АлмазанКитчен 5 с.;[16+]
232200;232230;Аппетитный;6;Х/ф;Это просто 64 с.;[16+]
232230;232300;Аппетитный;6;Х/ф;Каспийский Берег 51 с.;[16+]
232300;232330;Аппетитный;6;Х/ф;Кладовая лета с Аппетитным. Секреты домашних заготовок 14 с.;[16+]
232330;240000;Аппетитный;6;Х/ф;Коршикова Любовь - Домашние рецепты 46 с.;[16+]
240000;240030;Аппетитный;6;Х/ф;Сеня в деле 205 с.;[16+]
240030;240100;Аппетитный;6;Х/ф;Так вкусно! 4 с.;[16+]
240100;240130;Аппетитный;6;Х/ф;Кухня Большого Шефа 23 с.;[16+]
240130;240200;Аппетитный;6;Х/ф;АлмазанКитчен 4 с.;[16+]
240200;240230;Аппетитный;6;Х/ф;Это просто 66 с.;[16+]
240230;240300;Аппетитный;6;Х/ф;Каспийский Берег 94 с.;[16+]
170005;170030;Авто24;8;Х/ф;Шелковый путь 4 с.;[12+]
170030;170040;Авто24;8;Х/ф;События 228 с.;[16+]
170040;170050;Авто24;8;Х/ф;Первый взгляд 302 с.;[12+]
170050;170120;Авто24;8;Х/ф;Тур де 16 с.;[16+]
170120;170150;Авто24;8;Х/ф;Разговор под шум мотора 8 с.;[16+]
170150;170210;Авто24;8;Х/ф;Хобби-кар 8 с.;[16+]
170210;170235;Авто24;8;Х/ф;Женский взгляд 14 с.;[16+]
170235;170300;Авто24;8;Х/ф;Побег из Африки 8 с.;[16+]
170300;170330;Авто24;8;Х/ф;Москвич в Арктике 2 с.;[16+]
170330;170400;Авто24;8;Х/ф;Драйв тур 22 с.;[16+]
170400;170425;Авто24;8;Х/ф;Шелковый путь 4 с.;[12+]
170425;170435;Авто24;8;Х/ф;События 228 с.;[16+]
170435;170445;Авто24;8;Х/ф;Первый взгляд 302 с.;[12+]
170445;170515;Авто24;8;Х/ф;Тур де 16 с.;[16+]
170515;170525;Авто24;8;Х/ф;Автопати 65 с.;[16+]
170525;170540;Авто24;8;Х/ф;Большой тест-драйв 31 с.;[12+]
170540;170600;Авто24;8;Х/ф;Автосвалка 91 с.;[16+]
170600;170610;Авто24;8;Х/ф;Мотомания 57 с.;[16+]
170610;170640;Авто24;8;Х/ф;Разговор под шум мотора 8 с.;[16+]
170640;170705;Авто24;8;Х/ф;Хобби-кар 18 с.;[16+]
170705;170730;Авто24;8;Х/ф;Побег из Африки 1 с.;[16+]
170730;170800;Авто24;8;Х/ф;Москвич в Арктике 3 с.;[16+]
170800;170835;Авто24;8;Х/ф;Драйв тур 16 с.;[16+]
170835;170900;Авто24;8;Х/ф;Шелковый путь 1 с.;[12+]
170900;170910;Авто24;8;Х/ф;События 228 с.;[16+]
170910;170920;Авто24;8;Х/ф;Первый взгляд 303 с.;[12+]
170920;171000;Авто24;8;Х/ф;Тур де 24 с.;[16+]
171000;171010;Авто24;8;Х/ф;Техно-тест 20 с.;[16+]
171010;171020;Авто24;8;Х/ф;Автопати 66 с.;[16+]
171020;171035;Авто24;8;Х/ф;Большой тест-драйв 32 с.;[12+]
171035;171050;Авто24;8;Х/ф;Техно-тест 36 с.;[16+]
171050;171115;Авто24;8;Х/ф;Автосвалка 92 с.;[16+]
171115;171125;Авто24;8;Х/ф;Мотомания 56 с.;[16+]
171125;171155;Авто24;8;Х/ф;Разговор под шум мотора 9 с.;[16+]
171155;171215;Авто24;8;Х/ф;Хобби-кар 18 с.;[16+]
171215;171230;Авто24;8;Х/ф;Женский взгляд 20 с.;[16+]
171230;171255;Авто24;8;Х/ф;Побег из Африки 1 с.;[16+]
171255;171325;Авто24;8;Х/ф;Москвич в Арктике 3 с.;[16+]
171325;171400;Авто24;8;Х/ф;Драйв тур 16 с.;[16+]
171400;171425;Авто24;8;Х/ф;Шелковый путь 1 с.;[12+]
171425;171435;Авто24;8;Х/ф;События 228 с.;[16+]
171435;171445;Авто24;8;Х/ф;Первый взгляд 303 с.;[12+]
171445;171530;Авто24;8;Х/ф;Тур де 24 с.;[16+]
171530;171540;Авто24;8;Х/ф;Техно-тест 20 с.;[16+]
171540;171550;Авто24;8;Х/ф;Автопати 66 с.;[16+]
171550;171605;Авто24;8;Х/ф;Большой тест-драйв 32 с.;[12+]
171605;171620;Авто24;8;Х/ф;Техно-тест 37 с.;[16+]
171620;171640;Авто24;8;Х/ф;Автосвалка 92 с.;[16+]
171640;171650;Авто24;8;Х/ф;Мотомания 56 с.;[16+]
171650;171720;Авто24;8;Х/ф;Разговор под шум мотора 9 с.;[16+]
171720;171740;Авто24;8;Х/ф;Хобби-кар 18 с.;[16+]
171740;171755;Авто24;8;Х/ф;Женский взгляд 20 с.;[16+]
171755;171820;Авто24;8;Х/ф;Побег из Африки 1 с.;[16+]
171820;171850;Авто24;8;Х/ф;Москвич в Арктике 3 с.;[16+]
171850;171930;Авто24;8;Х/ф;Драйв тур 16 с.;[16+]
171930;171955;Авто24;8;Х/ф;Шелковый путь 1 с.;[12+]
171955;172005;Авто24;8;Х/ф;События 212 с.;[16+]
172005;172015;Авто24;8;Х/ф;Первый взгляд 303 с.;[12+]
172015;172055;Авто24;8;Х/ф;Тур де 24 с.;[16+]
172055;172105;Авто24;8;Х/ф;Техно-тест 20 с.;[16+]
172105;172115;Авто24;8;Х/ф;Автопати 66 с.;[16+]
172115;172130;Авто24;8;Х/ф;Большой тест-драйв 32 с.;[12+]
172130;172150;Авто24;8;Х/ф;Автосвалка 92 с.;[16+]
172150;172200;Авто24;8;Х/ф;Мотомания 56 с.;[16+]
172200;172230;Авто24;8;Х/ф;Разговор под шум мотора 9 с.;[16+]
172230;172250;Авто24;8;Х/ф;Хобби-кар 18 с.;[16+]
172250;172305;Авто24;8;Х/ф;Женский взгляд 20 с.;[16+]
172305;172330;Авто24;8;Х/ф;Побег из Африки 1 с.;[16+]
172330;180005;Авто24;8;Х/ф;Москвич в Арктике 3 с.;[16+]
180005;180040;Авто24;8;Х/ф;Драйв тур 16 с.;[16+]
180040;180105;Авто24;8;Х/ф;Шелковый путь 1 с.;[12+]
180105;180115;Авто24;8;Х/ф;События 212 с.;[16+]
180115;180125;Авто24;8;Х/ф;Первый взгляд 303 с.;[12+]
180125;180145;Авто24;8;Х/ф;Автосвалка 92 с.;[16+]
180145;180215;Авто24;8;Х/ф;Разговор под шум мотора 9 с.;[16+]
180215;180235;Авто24;8;Х/ф;Хобби-кар 18 с.;[16+]
180235;180250;Авто24;8;Х/ф;Женский взгляд 20 с.;[16+]
180250;180315;Авто24;8;Х/ф;Побег из Африки 1 с.;[16+]
180315;180350;Авто24;8;Х/ф;Москвич в Арктике 3 с.;[16+]
180350;180425;Авто24;8;Х/ф;Драйв тур 16 с.;[16+]
180425;180450;Авто24;8;Х/ф;Шелковый путь 1 с.;[12+]
180450;180500;Авто24;8;Х/ф;События 212 с.;[16+]
180500;180510;Авто24;8;Х/ф;Первый взгляд 303 с.;[12+]
180510;180550;Авто24;8;Х/ф;Тур де 24 с.;[16+]
180550;180600;Авто24;8;Х/ф;Техно-тест 20 с.;[16+]
180600;180610;Авто24;8;Х/ф;Автопати 66 с.;[16+]
180610;180625;Авто24;8;Х/ф;Большой тест-драйв 32 с.;[12+]
180625;180645;Авто24;8;Х/ф;Автосвалка 92 с.;[16+]
180645;180655;Авто24;8;Х/ф;Мотомания 56 с.;[16+]
180655;180730;Авто24;8;Х/ф;Разговор под шум мотора 9 с.;[16+]
180730;180750;Авто24;8;Х/ф;Хобби-кар 17 с.;[16+]
180750;180800;Авто24;8;Х/ф;Женский взгляд 9 с.;[16+]
180800;180825;Авто24;8;Х/ф;Побег из Африки 2 с.;[16+]
180825;180855;Авто24;8;Х/ф;Москвич в Арктике 4 с.;[12+]
180855;180930;Авто24;8;Х/ф;Драйв тур 18 с.;[16+]
180930;180955;Авто24;8;Х/ф;Шелковый путь 2 с.;[12+]
180955;181005;Авто24;8;Х/ф;События 213 с.;[16+]
181005;181015;Авто24;8;Х/ф;Первый взгляд 304 с.;[12+]
181015;181045;Авто24;8;Х/ф;Тур де 7 с.;[16+]
181045;181100;Авто24;8;Х/ф;Техно-тест 34 с.;[16+]
181100;181110;Авто24;8;Х/ф;Автопати 52 с.;[16+]
181110;181125;Авто24;8;Х/ф;Большой тест-драйв 33 с.;[12+]
181125;181145;Авто24;8;Х/ф;Автосвалка 93 с.;[16+]
181145;181155;Авто24;8;Х/ф;Мотомания 55 с.;[16+]
181155;181230;Авто24;8;Х/ф;Разговор под шум мотора 10 с.;[16+]
181230;181250;Авто24;8;Х/ф;Хобби-кар 17 с.;[16+]
181250;181300;Авто24;8;Х/ф;Женский взгляд 9 с.;[16+]
181300;181325;Авто24;8;Х/ф;Побег из Африки 2 с.;[16+]
181325;181355;Авто24;8;Х/ф;Москвич в Арктике 4 с.;[12+]
181355;181430;Авто24;8;Х/ф;Драйв тур 18 с.;[16+]
181430;181455;Авто24;8;Х/ф;Шелковый путь 2 с.;[12+]
181455;181505;Авто24;8;Х/ф;События 213 с.;[16+]
181505;181515;Авто24;8;Х/ф;Первый взгляд 304 с.;[12+]
181515;181545;Авто24;8;Х/ф;Тур де 7 с.;[16+]
181545;181600;Авто24;8;Х/ф;Техно-тест 37 с.;[16+]
181600;181610;Авто24;8;Х/ф;Автопати 52 с.;[16+]
181610;181630;Авто24;8;Х/ф;Большой тест-драйв 33 с.;[12+]
181630;181650;Авто24;8;Х/ф;Автосвалка 93 с.;[16+]
181650;181700;Авто24;8;Х/ф;Мотомания 55 с.;[16+]
181700;181730;Авто24;8;Х/ф;Разговор под шум мотора 10 с.;[16+]
181730;181750;Авто24;8;Х/ф;Хобби-кар 17 с.;[16+]
181750;181800;Авто24;8;Х/ф;Женский взгляд 9 с.;[16+]
181800;181825;Авто24;8;Х/ф;Побег из Африки 2 с.;[16+]
181825;181855;Авто24;8;Х/ф;Москвич в Арктике 4 с.;[12+]
181855;181930;Авто24;8;Х/ф;Драйв тур 18 с.;[16+]
181930;181955;Авто24;8;Х/ф;Шелковый путь 2 с.;[12+]
181955;182005;Авто24;8;Х/ф;События 213 с.;[16+]
182005;182015;Авто24;8;Х/ф;Первый взгляд 304 с.;[12+]
182015;182045;Авто24;8;Х/ф;Тур де 7 с.;[16+]
182045;182105;Авто24;8;Х/ф;Техно-тест 36 с.;[16+]
182105;182115;Авто24;8;Х/ф;Автопати 52 с.;[16+]
182115;182130;Авто24;8;Х/ф;Большой тест-драйв 33 с.;[12+]
182130;182150;Авто24;8;Х/ф;Автосвалка 93 с.;[16+]
182150;182200;Авто24;8;Х/ф;Мотомания 55 с.;[16+]
182200;182230;Авто24;8;Х/ф;Разговор под шум мотора 10 с.;[16+]
182230;182250;Авто24;8;Х/ф;Хобби-кар 17 с.;[16+]
182250;182300;Авто24;8;Х/ф;Женский взгляд 9 с.;[16+]
182300;182325;Авто24;8;Х/ф;Побег из Африки 2 с.;[16+]
182325;190000;Авто24;8;Х/ф;Москвич в Арктике 4 с.;[12+]
190000;190035;Авто24;8;Х/ф;Драйв тур 18 с.;[16+]
190035;190100;Авто24;8;Х/ф;Шелковый путь 2 с.;[12+]
190100;190110;Авто24;8;Х/ф;События 213 с.;[16+]
190110;190120;Авто24;8;Х/ф;Первый взгляд 304 с.;[12+]
190120;190155;Авто24;8;Х/ф;Тур де 7 с.;[16+]
190155;190205;Авто24;8;Х/ф;Автопати 52 с.;[16+]
190205;190220;Авто24;8;Х/ф;Большой тест-драйв 33 с.;[12+]
190220;190240;Авто24;8;Х/ф;Автосвалка 93 с.;[16+]
190240;190250;Авто24;8;Х/ф;Мотомания 55 с.;[16+]
190250;190310;Авто24;8;Х/ф;Хобби-кар 17 с.;[16+]
190310;190320;Авто24;8;Х/ф;Женский взгляд 9 с.;[16+]
190320;190345;Авто24;8;Х/ф;Побег из Африки 2 с.;[16+]
190345;190415;Авто24;8;Х/ф;Москвич в Арктике 4 с.;[12+]
190415;190450;Авто24;8;Х/ф;Драйв тур 18 с.;[16+]
190450;190515;Авто24;8;Х/ф;Шелковый путь 2 с.;[12+]
190515;190525;Авто24;8;Х/ф;События 213 с.;[16+]
190525;190535;Авто24;8;Х/ф;Первый взгляд 304 с.;[12+]
190535;190605;Авто24;8;Х/ф;Тур де 7 с.;[16+]
190605;190615;Авто24;8;Х/ф;Автопати 52 с.;[16+]
190615;190630;Авто24;8;Х/ф;Большой тест-драйв 33 с.;[12+]
190630;190655;Авто24;8;Х/ф;Автосвалка 93 с.;[16+]
190655;190705;Авто24;8;Х/ф;Мотомания 55 с.;[16+]
190705;190735;Авто24;8;Х/ф;Разговор под шум мотора 10 с.;[16+]
190735;190750;Авто24;8;Х/ф;Женский взгляд 11 с.;[16+]
190750;190815;Авто24;8;Х/ф;Побег из Африки 3 с.;[16+]
190815;190845;Авто24;8;Х/ф;Москвич в Арктике 5 с.;[16+]
190845;190915;Авто24;8;Х/ф;Драйв тур 12 с.;[16+]
190915;190940;Авто24;8;Х/ф;Шелковый путь 3 с.;[12+]
190940;190950;Авто24;8;Х/ф;События 214 с.;[16+]
190950;191000;Авто24;8;Х/ф;Первый взгляд 305 с.;[12+]
191000;191030;Авто24;8;Х/ф;Тур де 15 с.;[16+]
191030;191040;Авто24;8;Х/ф;Техно-тест 21 с.;[16+]
191040;191050;Авто24;8;Х/ф;Автопати 57 с.;[16+]
191050;191105;Авто24;8;Х/ф;Большой тест-драйв 34 с.;[12+]
191105;191125;Авто24;8;Х/ф;Автосвалка 94 с.;[16+]
191125;191135;Авто24;8;Х/ф;Мотомания 54 с.;[16+]
191135;191205;Авто24;8;Х/ф;Разговор под шум мотора 11 с.;[16+]
191205;191225;Авто24;8;Х/ф;Техно-тест 36 с.;[16+]
191225;191245;Авто24;8;Х/ф;Хобби-кар 13 с.;[16+]
191245;191255;Авто24;8;Х/ф;Женский взгляд 11 с.;[16+]
191255;191320;Авто24;8;Х/ф;Побег из Африки 3 с.;[16+]
191320;191350;Авто24;8;Х/ф;Москвич в Арктике 5 с.;[16+]
191350;191420;Авто24;8;Х/ф;Драйв тур 12 с.;[16+]
191420;191445;Авто24;8;Х/ф;Шелковый путь 3 с.;[12+]
191445;191455;Авто24;8;Х/ф;События 214 с.;[16+]
191455;191510;Авто24;8;Х/ф;Первый взгляд 305 с.;[12+]
191510;191540;Авто24;8;Х/ф;Тур де 15 с.;[16+]
191540;191550;Авто24;8;Х/ф;Техно-тест 21 с.;[16+]
191550;191600;Авто24;8;Х/ф;Автопати 57 с.;[16+]
191600;191615;Авто24;8;Х/ф;Большой тест-драйв 34 с.;[12+]
191615;191635;Авто24;8;Х/ф;Автосвалка 94 с.;[16+]
191635;191645;Авто24;8;Х/ф;Мотомания 54 с.;[16+]
191645;191715;Авто24;8;Х/ф;Разговор под шум мотора 11 с.;[16+]
191715;191735;Авто24;8;Х/ф;Хобби-кар 13 с.;[16+]
191735;191755;Авто24;8;Х/ф;Техно-тест 37 с.;[16+]
191755;191805;Авто24;8;Х/ф;Женский взгляд 11 с.;[16+]
191805;191835;Авто24;8;Х/ф;Побег из Африки 3 с.;[16+]
191835;191905;Авто24;8;Х/ф;Москвич в Арктике 5 с.;[16+]
191905;191935;Авто24;8;Х/ф;Драйв тур 12 с.;[16+]
191935;192000;Авто24;8;Х/ф;Шелковый путь 3 с.;[12+]
192000;192010;Авто24;8;Х/ф;События 214 с.;[16+]
192010;192020;Авто24;8;Х/ф;Первый взгляд 305 с.;[12+]
192020;192050;Авто24;8;Х/ф;Тур де 15 с.;[16+]
192050;192100;Авто24;8;Х/ф;Техно-тест 21 с.;[16+]
192100;192110;Авто24;8;Х/ф;Автопати 57 с.;[16+]
192110;192125;Авто24;8;Х/ф;Большой тест-драйв 34 с.;[12+]
192125;192145;Авто24;8;Х/ф;Автосвалка 94 с.;[16+]
192145;192155;Авто24;8;Х/ф;Мотомания 54 с.;[16+]
192155;192225;Авто24;8;Х/ф;Разговор под шум мотора 11 с.;[16+]
192225;192245;Авто24;8;Х/ф;Хобби-кар 13 с.;[16+]
192245;192300;Авто24;8;Х/ф;Женский взгляд 11 с.;[16+]
192300;192325;Авто24;8;Х/ф;Побег из Африки 3 с.;[16+]
192325;200000;Авто24;8;Х/ф;Москвич в Арктике 5 с.;[16+]
200000;200025;Авто24;8;Х/ф;Драйв тур 12 с.;[16+]
200025;200050;Авто24;8;Х/ф;Шелковый путь 3 с.;[12+]
200050;200100;Авто24;8;Х/ф;События 214 с.;[16+]
200100;200110;Авто24;8;Х/ф;Первый взгляд 305 с.;[12+]
200110;200140;Авто24;8;Х/ф;Тур де 15 с.;[16+]
200140;200150;Авто24;8;Х/ф;Техно-тест 21 с.;[16+]
200150;200200;Авто24;8;Х/ф;Автопати 57 с.;[16+]
200200;200220;Авто24;8;Х/ф;Хобби-кар 13 с.;[16+]
200220;200235;Авто24;8;Х/ф;Женский взгляд 11 с.;[16+]
200235;200300;Авто24;8;Х/ф;Побег из Африки 3 с.;[16+]
200300;200335;Авто24;8;Х/ф;Москвич в Арктике 5 с.;[16+]
200335;200405;Авто24;8;Х/ф;Драйв тур 12 с.;[16+]
200405;200425;Авто24;8;Х/ф;Шелковый путь 3 с.;[12+]
200425;200440;Авто24;8;Х/ф;События 214 с.;[16+]
200440;200450;Авто24;8;Х/ф;Первый взгляд 305 с.;[12+]
200450;200520;Авто24;8;Х/ф;Тур де 15 с.;[16+]
200520;200530;Авто24;8;Х/ф;Техно-тест 21 с.;[16+]
200530;200540;Авто24;8;Х/ф;Автопати 57 с.;[16+]
200540;200555;Авто24;8;Х/ф;Большой тест-драйв 34 с.;[12+]
200555;200615;Авто24;8;Х/ф;Автосвалка 94 с.;[16+]
200615;200625;Авто24;8;Х/ф;Мотомания 54 с.;[16+]
200625;200655;Авто24;8;Х/ф;Разговор под шум мотора 11 с.;[16+]
200655;200715;Авто24;8;Х/ф;Хобби-кар 14 с.;[16+]
200715;200735;Авто24;8;Х/ф;Женский взгляд 19 с.;[16+]
200735;200800;Авто24;8;Х/ф;Побег из Африки 4 с.;[16+]
200800;200830;Авто24;8;Х/ф;Москвич в Арктике 6 с.;[16+]
200830;200905;Авто24;8;Х/ф;Драйв тур 13 с.;[16+]
200905;200930;Авто24;8;Х/ф;Шелковый путь 4 с.;[12+]
200930;200940;Авто24;8;Х/ф;События 220 с.;[16+]
200940;200950;Авто24;8;Х/ф;Первый взгляд 306 с.;[12+]
200950;201025;Авто24;8;Х/ф;Тур де 2 с.;[16+]
201025;201035;Авто24;8;Х/ф;Техно-тест 32 с.;[16+]
201035;201045;Авто24;8;Х/ф;Первый взгляд 305 с.;[12+]
201045;201055;Авто24;8;Х/ф;Автопати 58 с.;[16+]
201055;201110;Авто24;8;Х/ф;Большой тест-драйв 36 с.;[12+]
201110;201130;Авто24;8;Х/ф;Автосвалка 95 с.;[16+]
201130;201140;Авто24;8;Х/ф;Мотомания 53 с.;[16+]
201140;201210;Авто24;8;Х/ф;Разговор под шум мотора 12 с.;[16+]
201210;201230;Авто24;8;Х/ф;Хобби-кар 14 с.;[16+]
201230;201250;Авто24;8;Х/ф;Женский взгляд 19 с.;[16+]
201250;201315;Авто24;8;Х/ф;Побег из Африки 4 с.;[16+]
201315;201345;Авто24;8;Х/ф;Москвич в Арктике 6 с.;[16+]
201345;201420;Авто24;8;Х/ф;Драйв тур 13 с.;[16+]
201420;201445;Авто24;8;Х/ф;Шелковый путь 4 с.;[12+]
201445;201455;Авто24;8;Х/ф;События 220 с.;[16+]
201455;201505;Авто24;8;Х/ф;Первый взгляд 306 с.;[12+]
201505;201540;Авто24;8;Х/ф;Тур де 2 с.;[16+]
201540;201555;Авто24;8;Х/ф;Техно-тест 37 с.;[16+]
201555;201605;Авто24;8;Х/ф;Автопати 58 с.;[16+]
201605;201620;Авто24;8;Х/ф;Большой тест-драйв 36 с.;[12+]
201620;201640;Авто24;8;Х/ф;Автосвалка 95 с.;[16+]
201640;201650;Авто24;8;Х/ф;Мотомания 53 с.;[16+]
201650;201720;Авто24;8;Х/ф;Разговор под шум мотора 12 с.;[16+]
201720;201740;Авто24;8;Х/ф;Хобби-кар 14 с.;[16+]
201740;201800;Авто24;8;Х/ф;Женский взгляд 19 с.;[16+]
201800;201825;Авто24;8;Х/ф;Побег из Африки 4 с.;[16+]
201825;201855;Авто24;8;Х/ф;Москвич в Арктике 6 с.;[16+]
201855;201930;Авто24;8;Х/ф;Драйв тур 13 с.;[16+]
201930;201955;Авто24;8;Х/ф;Шелковый путь 4 с.;[12+]
201955;202005;Авто24;8;Х/ф;События 220 с.;[16+]
202005;202015;Авто24;8;Х/ф;Первый взгляд 306 с.;[12+]
202015;202045;Авто24;8;Х/ф;Тур де 2 с.;[16+]
202045;202100;Авто24;8;Х/ф;Техно-тест 36 с.;[16+]
202100;202110;Авто24;8;Х/ф;Автопати 58 с.;[16+]
202110;202125;Авто24;8;Х/ф;Большой тест-драйв 36 с.;[12+]
202125;202150;Авто24;8;Х/ф;Автосвалка 95 с.;[16+]
202150;202200;Авто24;8;Х/ф;Мотомания 53 с.;[16+]
202200;202230;Авто24;8;Х/ф;Разговор под шум мотора 12 с.;[16+]
202230;202250;Авто24;8;Х/ф;Хобби-кар 14 с.;[16+]
202250;202310;Авто24;8;Х/ф;Женский взгляд 19 с.;[16+]
202310;202335;Авто24;8;Х/ф;Побег из Африки 4 с.;[16+]
202335;210005;Авто24;8;Х/ф;Москвич в Арктике 6 с.;[16+]
210005;210025;Авто24;8;Х/ф;Хобби-кар 21 с.;[16+]
210025;210040;Авто24;8;Х/ф;Женский взгляд 20 с.;[16+]
210040;210105;Авто24;8;Х/ф;Побег из Африки 1 с.;[16+]
210105;210140;Авто24;8;Х/ф;Москвич в Арктике 3 с.;[16+]
210140;210215;Авто24;8;Х/ф;Драйв тур 16 с.;[16+]
210215;210235;Авто24;8;Х/ф;Шелковый путь 1 с.;[12+]
210235;210245;Авто24;8;Х/ф;События 212 с.;[16+]
210245;210255;Авто24;8;Х/ф;Первый взгляд 303 с.;[12+]
210255;210340;Авто24;8;Х/ф;Тур де 24 с.;[16+]
210340;210350;Авто24;8;Х/ф;Автопати 66 с.;[16+]
210350;210405;Авто24;8;Х/ф;Большой тест-драйв 32 с.;[12+]
210405;210425;Авто24;8;Х/ф;Автосвалка 92 с.;[16+]
210425;210435;Авто24;8;Х/ф;Мотомания 56 с.;[16+]
210435;210505;Авто24;8;Х/ф;Разговор под шум мотора 9 с.;[16+]
210505;210525;Авто24;8;Х/ф;Хобби-кар 14 с.;[16+]
210525;210545;Авто24;8;Х/ф;Женский взгляд 19 с.;[16+]
210545;210610;Авто24;8;Х/ф;Побег из Африки 4 с.;[16+]
210610;210645;Авто24;8;Х/ф;Москвич в Арктике 6 с.;[16+]
210645;210720;Авто24;8;Х/ф;Драйв тур 13 с.;[16+]
210720;210745;Авто24;8;Х/ф;Шелковый путь 4 с.;[12+]
210745;210755;Авто24;8;Х/ф;События 220 с.;[16+]
210755;210805;Авто24;8;Х/ф;Первый взгляд 306 с.;[12+]
210805;210835;Авто24;8;Х/ф;Тур де 2 с.;[16+]
210835;210845;Авто24;8;Х/ф;Автопати 58 с.;[16+]
210845;210900;Авто24;8;Х/ф;Большой тест-драйв 36 с.;[12+]
210900;210920;Авто24;8;Х/ф;Автосвалка 95 с.;[16+]
210920;210930;Авто24;8;Х/ф;Мотомания 53 с.;[16+]
210930;211000;Авто24;8;Х/ф;Разговор под шум мотора 12 с.;[16+]
211000;211020;Авто24;8;Х/ф;Хобби-кар 13 с.;[16+]
211020;211035;Авто24;8;Х/ф;Женский взгляд 11 с.;[16+]
211035;211100;Авто24;8;Х/ф;Побег из Африки 3 с.;[16+]
211100;211130;Авто24;8;Х/ф;Москвич в Арктике 5 с.;[16+]
211130;211145;Авто24;8;Х/ф;Техно-тест 36 с.;[16+]
211145;211215;Авто24;8;Х/ф;Драйв тур 12 с.;[16+]
211215;211240;Авто24;8;Х/ф;Шелковый путь 3 с.;[12+]
211240;211250;Авто24;8;Х/ф;События 214 с.;[16+]
211250;211300;Авто24;8;Х/ф;Первый взгляд 305 с.;[12+]
211300;211335;Авто24;8;Х/ф;Тур де 15 с.;[16+]
211335;211345;Авто24;8;Х/ф;Техно-тест 21 с.;[16+]
211345;211355;Авто24;8;Х/ф;Автопати 57 с.;[16+]
211355;211410;Авто24;8;Х/ф;Большой тест-драйв 34 с.;[12+]
211410;211430;Авто24;8;Х/ф;Автосвалка 94 с.;[16+]
211430;211440;Авто24;8;Х/ф;Мотомания 54 с.;[16+]
211440;211510;Авто24;8;Х/ф;Разговор под шум мотора 11 с.;[16+]
211510;211530;Авто24;8;Х/ф;Хобби-кар 17 с.;[16+]
211530;211540;Авто24;8;Х/ф;Женский взгляд 9 с.;[16+]
211540;211605;Авто24;8;Х/ф;Побег из Африки 2 с.;[16+]
211605;211640;Авто24;8;Х/ф;Москвич в Арктике 4 с.;[12+]
211640;211715;Авто24;8;Х/ф;Драйв тур 18 с.;[16+]
211715;211740;Авто24;8;Х/ф;Шелковый путь 2 с.;[12+]
211740;211750;Авто24;8;Х/ф;События 213 с.;[16+]
211750;211800;Авто24;8;Х/ф;Автоитоги недели 32 с.;[12+]
211800;211810;Авто24;8;Х/ф;Первый взгляд 304 с.;[12+]
211810;211840;Авто24;8;Х/ф;Тур де 7 с.;[16+]
211840;211855;Авто24;8;Х/ф;Техно-тест 37 с.;[16+]
211855;211905;Авто24;8;Х/ф;Автоитоги недели 32 с.;[12+]
211905;211915;Авто24;8;Х/ф;Автопати 52 с.;[16+]
211915;211930;Авто24;8;Х/ф;Большой тест-драйв 33 с.;[12+]
211930;211950;Авто24;8;Х/ф;Автосвалка 93 с.;[16+]
211950;212000;Авто24;8;Х/ф;Автоитоги недели 32 с.;[12+]
212000;212010;Авто24;8;Х/ф;Мотомания 55 с.;[16+]
212010;212040;Авто24;8;Х/ф;Разговор под шум мотора 10 с.;[16+]
212040;212050;Авто24;8;Х/ф;События 212 с.;[16+]
212050;212100;Авто24;8;Х/ф;Автоитоги недели 32 с.;[12+]
212100;212125;Авто24;8;Х/ф;Хобби-кар 21 с.;[16+]
212125;212150;Авто24;8;Х/ф;Побег из Африки 1 с.;[16+]
212150;212200;Авто24;8;Х/ф;Автоитоги недели 32 с.;[12+]
212200;212215;Авто24;8;Х/ф;Женский взгляд 20 с.;[16+]
212215;212245;Авто24;8;Х/ф;Москвич в Арктике 3 с.;[16+]
212245;212255;Авто24;8;Х/ф;Автоитоги недели 32 с.;[12+]
212255;212330;Авто24;8;Х/ф;Драйв тур 16 с.;[16+]
212330;220000;Авто24;8;Х/ф;Шелковый путь 1 с.;[12+]
220000;220010;Авто24;8;Х/ф;Автоитоги недели 32 с.;[12+]
220010;220050;Авто24;8;Х/ф;Тур де 24 с.;[16+]
220050;220100;Авто24;8;Х/ф;Техно-тест 20 с.;[16+]
220100;220115;Авто24;8;Х/ф;Большой тест-драйв 32 с.;[12+]
220115;220135;Авто24;8;Х/ф;Автосвалка 92 с.;[16+]
220135;220145;Авто24;8;Х/ф;Мотомания 56 с.;[16+]
220145;220215;Авто24;8;Х/ф;Разговор под шум мотора 9 с.;[16+]
220215;220235;Авто24;8;Х/ф;Хобби-кар 14 с.;[16+]
220235;220255;Авто24;8;Х/ф;Женский взгляд 19 с.;[16+]
220255;220305;Авто24;8;Х/ф;Автоитоги недели 32 с.;[12+]
220305;220335;Авто24;8;Х/ф;Побег из Африки 4 с.;[16+]
220335;220405;Авто24;8;Х/ф;Москвич в Арктике 6 с.;[16+]
220405;220440;Авто24;8;Х/ф;Драйв тур 13 с.;[16+]
220440;220505;Авто24;8;Х/ф;Шелковый путь 4 с.;[12+]
220505;220515;Авто24;8;Х/ф;События 220 с.;[16+]
220515;220525;Авто24;8;Х/ф;Первый взгляд 306 с.;[12+]
220525;220555;Авто24;8;Х/ф;Тур де 2 с.;[16+]
220555;220605;Авто24;8;Х/ф;Автоитоги недели 32 с.;[12+]
220605;220615;Авто24;8;Х/ф;Автопати 58 с.;[16+]
220615;220630;Авто24;8;Х/ф;Большой тест-драйв 36 с.;[12+]
220630;220650;Авто24;8;Х/ф;Автосвалка 95 с.;[16+]
220650;220700;Авто24;8;Х/ф;Мотомания 53 с.;[16+]
220700;220735;Авто24;8;Х/ф;Разговор под шум мотора 12 с.;[16+]
220735;220755;Авто24;8;Х/ф;Хобби-кар 13 с.;[16+]
220755;220805;Авто24;8;Х/ф;Женский взгляд 11 с.;[16+]
220805;220835;Авто24;8;Х/ф;Побег из Африки 3 с.;[16+]
220835;220845;Авто24;8;Х/ф;Автоитоги недели 32 с.;[12+]
220845;220915;Авто24;8;Х/ф;Москвич в Арктике 5 с.;[16+]
220915;220945;Авто24;8;Х/ф;Драйв тур 12 с.;[16+]
220945;221010;Авто24;8;Х/ф;Шелковый путь 3 с.;[12+]
221010;221020;Авто24;8;Х/ф;События 214 с.;[16+]
221020;221030;Авто24;8;Х/ф;Первый взгляд 305 с.;[12+]
221030;221100;Авто24;8;Х/ф;Тур де 15 с.;[16+]
221100;221110;Авто24;8;Х/ф;Техно-тест 21 с.;[16+]
221110;221120;Авто24;8;Х/ф;Автопати 57 с.;[16+]
221120;221135;Авто24;8;Х/ф;Большой тест-драйв 34 с.;[12+]
221135;221145;Авто24;8;Х/ф;Автоитоги недели 32 с.;[12+]
221145;221205;Авто24;8;Х/ф;Автосвалка 94 с.;[16+]
221205;221215;Авто24;8;Х/ф;Мотомания 54 с.;[16+]
221215;221250;Авто24;8;Х/ф;Разговор под шум мотора 11 с.;[16+]
221250;221310;Авто24;8;Х/ф;Хобби-кар 17 с.;[16+]
221310;221325;Авто24;8;Х/ф;Техно-тест 36 с.;[16+]
221325;221335;Авто24;8;Х/ф;Женский взгляд 9 с.;[16+]
221335;221400;Авто24;8;Х/ф;Побег из Африки 2 с.;[16+]
221400;221430;Авто24;8;Х/ф;Москвич в Арктике 4 с.;[12+]
221430;221455;Авто24;8;Х/ф;Шелковый путь 2 с.;[12+]
221455;221505;Авто24;8;Х/ф;Автоитоги недели 32 с.;[12+]
221505;221540;Авто24;8;Х/ф;Драйв тур 18 с.;[16+]
221540;221550;Авто24;8;Х/ф;События 213 с.;[16+]
221550;221600;Авто24;8;Х/ф;Первый взгляд 304 с.;[12+]
221600;221630;Авто24;8;Х/ф;Тур де 7 с.;[16+]
221630;221640;Авто24;8;Х/ф;Автопати 52 с.;[16+]
221640;221700;Авто24;8;Х/ф;Большой тест-драйв 33 с.;[12+]
221700;221710;Авто24;8;Х/ф;Мотомания 55 с.;[16+]
221710;221720;Авто24;8;Х/ф;Автоитоги недели 32 с.;[12+]
221720;221740;Авто24;8;Х/ф;Автосвалка 93 с.;[16+]
221740;221755;Авто24;8;Х/ф;Техно-тест 37 с.;[16+]
221755;221825;Авто24;8;Х/ф;Разговор под шум мотора 10 с.;[16+]
221825;221835;Авто24;8;Х/ф;Автоитоги недели 32 с.;[12+]
221835;221855;Авто24;8;Х/ф;Хобби-кар 21 с.;[16+]
221855;221910;Авто24;8;Х/ф;Женский взгляд 20 с.;[16+]
221910;221920;Авто24;8;Х/ф;Первый взгляд 303 с.;[12+]
221920;221930;Авто24;8;Х/ф;Автоитоги недели 32 с.;[12+]
221930;221955;Авто24;8;Х/ф;Побег из Африки 1 с.;[16+]
221955;222025;Авто24;8;Х/ф;Москвич в Арктике 3 с.;[16+]
222025;222035;Авто24;8;Х/ф;Автоитоги недели 32 с.;[12+]
222035;222120;Авто24;8;Х/ф;Тур де 24 с.;[16+]
222120;222130;Авто24;8;Х/ф;Техно-тест 20 с.;[16+]
222130;222140;Авто24;8;Х/ф;Автоитоги недели 32 с.;[12+]
222140;222220;Авто24;8;Х/ф;Тур де 24 с.;[16+]
222220;222230;Авто24;8;Х/ф;Мотомания 56 с.;[16+]
222230;222240;Авто24;8;Х/ф;Автоитоги недели 32 с.;[12+]
222240;222310;Авто24;8;Х/ф;Разговор под шум мотора 9 с.;[16+]
222310;222330;Авто24;8;Х/ф;Хобби-кар 14 с.;[16+]
222330;222340;Авто24;8;Х/ф;Автоитоги недели 32 с.;[12+]
222340;230005;Авто24;8;Х/ф;Женский взгляд 19 с.;[16+]
230005;230030;Авто24;8;Х/ф;Побег из Африки 4 с.;[16+]
230030;230040;Авто24;8;Х/ф;Автоитоги недели 32 с.;[12+]
230040;230110;Авто24;8;Х/ф;Москвич в Арктике 6 с.;[16+]
230110;230145;Авто24;8;Х/ф;Драйв тур 13 с.;[16+]
230145;230210;Авто24;8;Х/ф;Шелковый путь 4 с.;[12+]
230210;230220;Авто24;8;Х/ф;События 220 с.;[16+]
230220;230230;Авто24;8;Х/ф;Первый взгляд 306 с.;[12+]
230230;230245;Авто24;8;Х/ф;Большой тест-драйв 36 с.;[12+]
230245;230300;Авто24;8;Х/ф;Техно-тест 36 с.;[16+]
230300;230320;Авто24;8;Х/ф;Автосвалка 95 с.;[16+]
230320;230330;Авто24;8;Х/ф;Автоитоги недели 32 с.;[12+]
230330;230340;Авто24;8;Х/ф;Мотомания 53 с.;[16+]
230340;230410;Авто24;8;Х/ф;Разговор под шум мотора 12 с.;[16+]
230410;230435;Авто24;8;Х/ф;Хобби-кар 17 с.;[16+]
230435;230500;Авто24;8;Х/ф;Побег из Африки 2 с.;[16+]
230500;230530;Авто24;8;Х/ф;Москвич в Арктике 4 с.;[12+]
230530;230605;Авто24;8;Х/ф;Драйв тур 18 с.;[16+]
230605;230615;Авто24;8;Х/ф;Автоитоги недели 32 с.;[12+]
230615;230640;Авто24;8;Х/ф;Шелковый путь 2 с.;[12+]
230640;230650;Авто24;8;Х/ф;События 213 с.;[16+]
230650;230700;Авто24;8;Х/ф;Первый взгляд 304 с.;[12+]
230700;230730;Авто24;8;Х/ф;Тур де 7 с.;[16+]
230730;230740;Авто24;8;Х/ф;Техно-тест 29 с.;[16+]
230740;230750;Авто24;8;Х/ф;Первый взгляд 306 с.;[12+]
230750;230800;Авто24;8;Х/ф;Автопати 52 с.;[16+]
230800;230815;Авто24;8;Х/ф;Большой тест-драйв 33 с.;[12+]
230815;230835;Авто24;8;Х/ф;Автосвалка 93 с.;[16+]
230835;230845;Авто24;8;Х/ф;Мотомания 55 с.;[16+]
230845;230920;Авто24;8;Х/ф;Разговор под шум мотора 10 с.;[16+]
230920;230930;Авто24;8;Х/ф;Автоитоги недели 32 с.;[12+]
230930;230950;Авто24;8;Х/ф;Хобби-кар 14 с.;[16+]
230950;231010;Авто24;8;Х/ф;Женский взгляд 19 с.;[16+]
231010;231035;Авто24;8;Х/ф;Побег из Африки 4 с.;[16+]
231035;231105;Авто24;8;Х/ф;Москвич в Арктике 6 с.;[16+]
231105;231140;Авто24;8;Х/ф;Драйв тур 13 с.;[16+]
231140;231205;Авто24;8;Х/ф;Шелковый путь 4 с.;[12+]
231205;231215;Авто24;8;Х/ф;События 220 с.;[16+]
231215;231225;Авто24;8;Х/ф;Автоитоги недели 32 с.;[12+]
231225;231235;Авто24;8;Х/ф;Первый взгляд 306 с.;[12+]
231235;231305;Авто24;8;Х/ф;Тур де 2 с.;[16+]
231305;231320;Авто24;8;Х/ф;Техно-тест 37 с.;[16+]
231320;231330;Авто24;8;Х/ф;Автопати 58 с.;[16+]
231330;231345;Авто24;8;Х/ф;Большой тест-драйв 36 с.;[12+]
231345;231405;Авто24;8;Х/ф;Автосвалка 95 с.;[16+]
231405;231415;Авто24;8;Х/ф;Мотомания 53 с.;[16+]
231415;231450;Авто24;8;Х/ф;Разговор под шум мотора 12 с.;[16+]
231450;231510;Авто24;8;Х/ф;Хобби-кар 13 с.;[16+]
231510;231520;Авто24;8;Х/ф;Женский взгляд 11 с.;[16+]
231520;231530;Авто24;8;Х/ф;Автоитоги недели 32 с.;[12+]
231530;231555;Авто24;8;Х/ф;Побег из Африки 3 с.;[16+]
231555;231630;Авто24;8;Х/ф;Москвич в Арктике 5 с.;[16+]
231630;231700;Авто24;8;Х/ф;Драйв тур 12 с.;[16+]
231700;231720;Авто24;8;Х/ф;Шелковый путь 3 с.;[12+]
231720;231735;Авто24;8;Х/ф;События 214 с.;[16+]
231735;231745;Авто24;8;Х/ф;Первый взгляд 305 с.;[12+]
231745;231755;Авто24;8;Х/ф;Автопати 57 с.;[16+]
231755;231805;Авто24;8;Х/ф;Автоитоги недели 32 с.;[12+]
231805;231835;Авто24;8;Х/ф;Тур де 15 с.;[16+]
231835;231850;Авто24;8;Х/ф;Большой тест-драйв 34 с.;[12+]
231850;231900;Авто24;8;Х/ф;Автоитоги недели 32 с.;[12+]
231900;231910;Авто24;8;Х/ф;Техно-тест 21 с.;[16+]
231910;231930;Авто24;8;Х/ф;Автосвалка 94 с.;[16+]
231930;231940;Авто24;8;Х/ф;Мотомания 54 с.;[16+]
231940;231950;Авто24;8;Х/ф;Автоитоги недели 32 с.;[12+]
231950;232020;Авто24;8;Х/ф;Разговор под шум мотора 11 с.;[16+]
232020;232040;Авто24;8;Х/ф;Хобби-кар 17 с.;[16+]
232040;232050;Авто24;8;Х/ф;Женский взгляд 9 с.;[16+]
232050;232100;Авто24;8;Х/ф;Автоитоги недели 32 с.;[12+]
232100;232130;Авто24;8;Х/ф;Побег из Африки 2 с.;[16+]
232130;232200;Авто24;8;Х/ф;Москвич в Арктике 4 с.;[12+]
232200;232210;Авто24;8;Х/ф;Автоитоги недели 32 с.;[12+]
232210;232245;Авто24;8;Х/ф;Драйв тур 18 с.;[16+]
232245;232310;Авто24;8;Х/ф;Шелковый путь 2 с.;[12+]
232310;232320;Авто24;8;Х/ф;События 213 с.;[16+]
232320;232330;Авто24;8;Х/ф;Первый взгляд 304 с.;[12+]
232330;240005;Авто24;8;Х/ф;Тур де 7 с.;[16+]
170300;170340;Big Planet;10;Х/ф;Путешествие с чудаком 6 с.;[16+]
170340;170435;Big Planet;10;Х/ф;Гарахонай. Древний лес Европы;[12+]
170435;170500;Big Planet;10;Х/ф;Мир морских глубин 1 с.;[16+]
170500;170545;Big Planet;10;Х/ф;Горячие точки природы;[16+]
170545;170640;Big Planet;10;Х/ф;Военное дело: топ 4 с.;[16+]
170640;170735;Big Planet;10;Х/ф;Гравитационное отклонение света;[16+]
170735;170800;Big Planet;10;Х/ф;Гаражные мечты 7 с.;[16+]
170800;170840;Big Planet;10;Х/ф;Путешествие с чудаком 6 с.;[16+]
170840;170930;Big Planet;10;Х/ф;Фридайвинг на Большом Барьерном рифе;[16+]
170930;170955;Big Planet;10;Х/ф;Мир морских глубин 2 с.;[16+]
170955;171045;Big Planet;10;Х/ф;Горячие точки природы 2 с.;[16+]
171045;171135;Big Planet;10;Х/ф;Военное дело: топ 5 с.;[16+]
171135;171235;Big Planet;10;Х/ф;Охотники за чёрными дырами;[16+]
171235;171300;Big Planet;10;Х/ф;Гаражные мечты 8 с.;[16+]
171300;171325;Big Planet;10;Х/ф;Мир морских глубин 1 с.;[16+]
171325;171350;Big Planet;10;Х/ф;Путешествие с чудаком 6 с.;[16+]
171350;171430;Big Planet;10;Х/ф;Путешествие с чудаком 6 с.;[16+]
171430;171515;Big Planet;10;Х/ф;Путешествие с чудаком 6 с.;[16+]
171515;171540;Big Planet;10;Х/ф;Путешествие с чудаком 6 с.;[16+]
171540;171620;Big Planet;10;Х/ф;Путешествие с чудаком 6 с.;[16+]
171620;171705;Big Planet;10;Х/ф;Путешествие с чудаком 6 с.;[16+]
171705;171745;Big Planet;10;Х/ф;Путешествие с чудаком 6 с.;[16+]
171745;171810;Big Planet;10;Х/ф;Мир морских глубин 3 с.;[16+]
171810;171900;Big Planet;10;Х/ф;Выжить в дикой природе 1 с.;[16+]
171900;171955;Big Planet;10;Х/ф;Земля легенд 1 с.;[16+]
171955;172045;Big Planet;10;Х/ф;Военное дело: топ 6 с.;[16+]
172045;172135;Big Planet;10;Х/ф;"Миссия "Воскрешение" 4 с.;[16+]
172135;172200;Big Planet;10;Х/ф;Гаражные мечты 9 с.;[16+]
172200;172240;Big Planet;10;Х/ф;Путешествие с чудаком 6 с.;[16+]
172240;172335;Big Planet;10;Х/ф;Гарахонай. Древний лес Европы 2 с.;[12+]
172335;180000;Big Planet;10;Х/ф;Мир морских глубин 1 с.;[16+]
180000;180045;Big Planet;10;Х/ф;Горячие точки природы 3 с.;[16+]
180045;180140;Big Planet;10;Х/ф;Военное дело: топ 4 с.;[16+]
180140;180235;Big Planet;10;Х/ф;Гравитационное отклонение света 2 с.;[16+]
180235;180300;Big Planet;10;Х/ф;Гаражные мечты 7 с.;[16+]
180300;180340;Big Planet;10;Х/ф;Путешествие с чудаком 6 с.;[16+]
180340;180430;Big Planet;10;Х/ф;Фридайвинг на Большом Барьерном рифе 2 с.;[16+]
180430;180455;Big Planet;10;Х/ф;Мир морских глубин 2 с.;[16+]
180455;180545;Big Planet;10;Х/ф;Горячие точки природы 4 с.;[16+]
180545;180635;Big Planet;10;Х/ф;Военное дело: топ 5 с.;[16+]
180635;180735;Big Planet;10;Х/ф;Охотники за чёрными дырами 2 с.;[16+]
180735;180800;Big Planet;10;Х/ф;Гаражные мечты 8 с.;[16+]
180800;180835;Big Planet;10;Х/ф;Путешествие с чудаком 6 с.;[16+]
180835;180900;Big Planet;10;Х/ф;Мир морских глубин 3 с.;[16+]
180900;180955;Big Planet;10;Х/ф;Выжить в дикой природе 1 с.;[16+]
180955;181045;Big Planet;10;Х/ф;Земля легенд 1 с.;[16+]
181045;181140;Big Planet;10;Х/ф;Военное дело: топ 6 с.;[16+]
181140;181225;Big Planet;10;Х/ф;"Миссия "Воскрешение" 4 с.;[16+]
181225;181250;Big Planet;10;Х/ф;Гаражные мечты 9 с.;[16+]
181250;181340;Big Planet;10;Х/ф;Горячие точки природы 5 с.;[16+]
181340;181430;Big Planet;10;Х/ф;Горячие точки природы 6 с.;[16+]
181430;181520;Big Planet;10;Х/ф;Горячие точки природы 7 с.;[16+]
181520;181610;Big Planet;10;Х/ф;Горячие точки природы 8 с.;[16+]
181610;181700;Big Planet;10;Х/ф;Горячие точки природы 9 с.;[16+]
181700;181745;Big Planet;10;Х/ф;Путешествие с чудаком 6 с.;[16+]
181745;181810;Big Planet;10;Х/ф;Мир морских глубин 4 с.;[16+]
181810;181900;Big Planet;10;Х/ф;Выжить в дикой природе 2 с.;[16+]
181900;181950;Big Planet;10;Х/ф;Земля легенд 2 с.;[16+]
181950;182045;Big Planet;10;Х/ф;Военное дело: топ 7 с.;[16+]
182045;182135;Big Planet;10;Х/ф;"Миссия "Воскрешение" 4 с.;[16+]
182135;182200;Big Planet;10;Х/ф;Гаражные мечты 10 с.;[16+]
182200;182240;Big Planet;10;Х/ф;Путешествие с чудаком 6 с.;[16+]
182240;182330;Big Planet;10;Х/ф;Фридайвинг на Большом Барьерном рифе;[16+]
182330;182355;Big Planet;10;Х/ф;Мир морских глубин 2 с.;[16+]
182355;190045;Big Planet;10;Х/ф;Горячие точки природы;[16+]
190045;190135;Big Planet;10;Х/ф;Военное дело: топ 5 с.;[16+]
190135;190235;Big Planet;10;Х/ф;Охотники за чёрными дырами 3 с.;[16+]
190235;190300;Big Planet;10;Х/ф;Гаражные мечты 8 с.;[16+]
190300;190330;Big Planet;10;Х/ф;Путешествие с чудаком 6 с.;[16+]
190330;190345;Big Planet;10;Х/ф;100 чудес света 39 с.;[16+]
190345;190410;Big Planet;10;Х/ф;Мир морских глубин 3 с.;[16+]
190410;190500;Big Planet;10;Х/ф;Выжить в дикой природе 1 с.;[16+]
190500;190555;Big Planet;10;Х/ф;Земля легенд 1 с.;[16+]
190555;190645;Big Planet;10;Х/ф;Военное дело: топ 6 с.;[16+]
190645;190735;Big Planet;10;Х/ф;"Миссия "Воскрешение" 4 с.;[16+]
190735;190800;Big Planet;10;Х/ф;Гаражные мечты 9 с.;[16+]
190800;190845;Big Planet;10;Х/ф;Путешествие с чудаком 6 с.;[16+]
190845;190935;Big Planet;10;Х/ф;Выжить в дикой природе 2 с.;[16+]
190935;191025;Big Planet;10;Х/ф;Земля легенд 2 с.;[16+]
191025;191120;Big Planet;10;Х/ф;Военное дело: топ 7 с.;[16+]
191120;191210;Big Planet;10;Х/ф;"Миссия "Воскрешение" 4 с.;[16+]
191210;191235;Big Planet;10;Х/ф;Гаражные мечты 10 с.;[16+]
191235;191330;Big Planet;10;Х/ф;Военное дело: топ 1 с.;[16+]
191330;191420;Big Planet;10;Х/ф;Военное дело: топ 2 с.;[16+]
191420;191515;Big Planet;10;Х/ф;Военное дело: топ 3 с.;[16+]
191515;191605;Big Planet;10;Х/ф;Военное дело: топ 4 с.;[16+]
191605;191700;Big Planet;10;Х/ф;Военное дело: топ 5 с.;[16+]
191700;191735;Big Planet;10;Х/ф;Путешествие с чудаком 6 с.;[16+]
191735;191745;Big Planet;10;Х/ф;100 чудес света 40 с.;[16+]
191745;191810;Big Planet;10;Х/ф;Мир морских глубин 5 с.;[16+]
191810;191900;Big Planet;10;Х/ф;Выжить в дикой природе 3 с.;[16+]
191900;191955;Big Planet;10;Х/ф;Земля легенд 3 с.;[16+]
191955;192045;Big Planet;10;Х/ф;Военное дело: топ 8 с.;[16+]
192045;192135;Big Planet;10;Х/ф;"Миссия "Воскрешение" 4 с.;[16+]
192135;192200;Big Planet;10;Х/ф;Гаражные мечты 11 с.;[16+]
192200;192230;Big Planet;10;Х/ф;Путешествие с чудаком 6 с.;[16+]
192230;192245;Big Planet;10;Х/ф;100 чудес света 39 с.;[16+]
192245;192310;Big Planet;10;Х/ф;Мир морских глубин 3 с.;[16+]
192310;200000;Big Planet;10;Х/ф;Выжить в дикой природе 1 с.;[16+]
200000;200055;Big Planet;10;Х/ф;Земля легенд 1 с.;[16+]
200055;200145;Big Planet;10;Х/ф;Военное дело: топ 6 с.;[16+]
200145;200235;Big Planet;10;Х/ф;"Миссия "Воскрешение" 4 с.;[16+]
200235;200300;Big Planet;10;Х/ф;Гаражные мечты 9 с.;[16+]
200300;200345;Big Planet;10;Х/ф;Путешествие с чудаком 6 с.;[16+]
200345;200410;Big Planet;10;Х/ф;Мир морских глубин 4 с.;[16+]
200410;200500;Big Planet;10;Х/ф;Выжить в дикой природе 2 с.;[16+]
200500;200550;Big Planet;10;Х/ф;Земля легенд 2 с.;[16+]
200550;200645;Big Planet;10;Х/ф;Военное дело: топ 7 с.;[16+]
200645;200735;Big Planet;10;Х/ф;"Миссия "Воскрешение" 4 с.;[16+]
200735;200800;Big Planet;10;Х/ф;Гаражные мечты 10 с.;[16+]
200800;200835;Big Planet;10;Х/ф;Путешествие с чудаком 6 с.;[16+]
200835;200845;Big Planet;10;Х/ф;100 чудес света 40 с.;[16+]
200845;200910;Big Planet;10;Х/ф;Мир морских глубин 5 с.;[16+]
200910;201000;Big Planet;10;Х/ф;Выжить в дикой природе 3 с.;[16+]
201000;201055;Big Planet;10;Х/ф;Земля легенд 3 с.;[16+]
201055;201145;Big Planet;10;Х/ф;Военное дело: топ 8 с.;[16+]
201145;201235;Big Planet;10;Х/ф;"Миссия "Воскрешение" 4 с.;[16+]
201235;201300;Big Planet;10;Х/ф;Гаражные мечты 11 с.;[16+]
201300;201325;Big Planet;10;Х/ф;Зенит 9 с.;[16+]
201325;201350;Big Planet;10;Х/ф;Зенит 10 с.;[16+]
201350;201415;Big Planet;10;Х/ф;Зенит 11 с.;[16+]
201415;201440;Big Planet;10;Х/ф;Зенит. Успехи в освоении космоса 12 с.;[16+]
201440;201505;Big Planet;10;Х/ф;Зенит. Успехи в освоении космоса 13 с.;[16+]
201505;201600;Big Planet;10;Х/ф;Гравитационное отклонение света;[16+]
201600;201700;Big Planet;10;Х/ф;Охотники за чёрными дырами;[16+]
201700;201735;Big Planet;10;Х/ф;Путешествие с чудаком 6 с.;[16+]
201735;201745;Big Planet;10;Х/ф;100 чудес света 41 с.;[16+]
201745;201810;Big Planet;10;Х/ф;Мир морских глубин 6 с.;[16+]
201810;201905;Big Planet;10;Х/ф;Выжить в дикой природе 4 с.;[16+]
201905;201955;Big Planet;10;Х/ф;Земля легенд 4 с.;[16+]
201955;202045;Big Planet;10;Х/ф;Военное дело: топ 9 с.;[16+]
202045;202135;Big Planet;10;Х/ф;"Миссия "Воскрешение" 4 с.;[16+]
202135;202200;Big Planet;10;Х/ф;Гаражные мечты 12 с.;[16+]
202200;202245;Big Planet;10;Х/ф;Путешествие с чудаком 6 с.;[16+]
202245;202310;Big Planet;10;Х/ф;Мир морских глубин 4 с.;[16+]
202310;210000;Big Planet;10;Х/ф;Выжить в дикой природе 2 с.;[16+]
210000;210050;Big Planet;10;Х/ф;Земля легенд 2 с.;[16+]
210050;210145;Big Planet;10;Х/ф;Военное дело: топ 7 с.;[16+]
210145;210235;Big Planet;10;Х/ф;"Миссия "Воскрешение" 4 с.;[16+]
210235;210300;Big Planet;10;Х/ф;Гаражные мечты 10 с.;[16+]
210300;210335;Big Planet;10;Х/ф;Путешествие с чудаком 6 с.;[16+]
210335;210345;Big Planet;10;Х/ф;100 чудес света 40 с.;[16+]
210345;210410;Big Planet;10;Х/ф;Мир морских глубин 5 с.;[16+]
210410;210500;Big Planet;10;Х/ф;Выжить в дикой природе 3 с.;[16+]
210500;210555;Big Planet;10;Х/ф;Земля легенд 3 с.;[16+]
210555;210645;Big Planet;10;Х/ф;Военное дело: топ 8 с.;[16+]
210645;210735;Big Planet;10;Х/ф;"Миссия "Воскрешение" 4 с.;[16+]
210735;210800;Big Planet;10;Х/ф;Гаражные мечты 11 с.;[16+]
210800;210835;Big Planet;10;Х/ф;Путешествие с чудаком 6 с.;[16+]
210835;210845;Big Planet;10;Х/ф;100 чудес света 41 с.;[16+]
210845;210910;Big Planet;10;Х/ф;Мир морских глубин 6 с.;[16+]
210910;211000;Big Planet;10;Х/ф;Выжить в дикой природе 4 с.;[16+]
211000;211055;Big Planet;10;Х/ф;Земля легенд 4 с.;[16+]
211055;211140;Big Planet;10;Х/ф;Военное дело: топ 9 с.;[16+]
211140;211230;Big Planet;10;Х/ф;"Миссия "Воскрешение" 4 с.;[16+]
211230;211255;Big Planet;10;Х/ф;Гаражные мечты 12 с.;[16+]
211255;211320;Big Planet;10;Х/ф;Гаражные мечты 5 с.;[16+]
211320;211345;Big Planet;10;Х/ф;Гаражные мечты 6 с.;[16+]
211345;211410;Big Planet;10;Х/ф;Гаражные мечты 7 с.;[16+]
211410;211435;Big Planet;10;Х/ф;Гаражные мечты 8 с.;[16+]
211435;211525;Big Planet;10;Х/ф;Гарахонай. Древний лес Европы;[12+]
211525;211700;Big Planet;10;Х/ф;Земля;[]
211700;211745;Big Planet;10;Х/ф;Путешествие с чудаком 6 с.;[16+]
211745;211810;Big Planet;10;Х/ф;Мир морских глубин 7 с.;[16+]
211810;211900;Big Planet;10;Х/ф;Выжить в дикой природе 5 с.;[16+]
211900;211950;Big Planet;10;Х/ф;Выжить в дикой природе 6 с.;[16+]
211950;212040;Big Planet;10;Х/ф;Военное дело: топ 10 с.;[16+]
212040;212135;Big Planet;10;Х/ф;Двое в небе над Непалом;[]
212135;212200;Big Planet;10;Х/ф;Гаражные мечты 13 с.;[16+]
212200;212235;Big Planet;10;Х/ф;Путешествие с чудаком 6 с.;[16+]
212235;212245;Big Planet;10;Х/ф;100 чудес света 40 с.;[16+]
212245;212310;Big Planet;10;Х/ф;Мир морских глубин 5 с.;[16+]
212310;220000;Big Planet;10;Х/ф;Выжить в дикой природе 3 с.;[16+]
220000;220055;Big Planet;10;Х/ф;Земля легенд 3 с.;[16+]
220055;220145;Big Planet;10;Х/ф;Военное дело: топ 8 с.;[16+]
220145;220235;Big Planet;10;Х/ф;"Миссия "Воскрешение" 4 с.;[16+]
220235;220300;Big Planet;10;Х/ф;Гаражные мечты 11 с.;[16+]
220300;220350;Big Planet;10;Х/ф;Выжить в дикой природе 1 с.;[16+]
220350;220440;Big Planet;10;Х/ф;Выжить в дикой природе 2 с.;[16+]
220440;220505;Big Planet;10;Х/ф;Мир морских глубин 3 с.;[16+]
220505;220530;Big Planet;10;Х/ф;Мир морских глубин 4 с.;[16+]
220530;220555;Big Planet;10;Х/ф;Мир морских глубин 5 с.;[16+]
220555;220630;Big Planet;10;Х/ф;Путешествие с чудаком 6 с.;[16+]
220630;220710;Big Planet;10;Х/ф;Путешествие с чудаком 6 с.;[16+]
220710;220750;Big Planet;10;Х/ф;Путешествие с чудаком 6 с.;[16+]
220750;220755;Big Planet;10;Х/ф;100 чудес света 39 с.;[16+]
220755;220805;Big Planet;10;Х/ф;100 чудес света 40 с.;[16+]
220805;220855;Big Planet;10;Х/ф;Земля легенд 1 с.;[16+]
220855;220950;Big Planet;10;Х/ф;Земля легенд 2 с.;[16+]
220950;221040;Big Planet;10;Х/ф;Военное дело: топ 6 с.;[16+]
221040;221135;Big Planet;10;Х/ф;Военное дело: топ 7 с.;[16+]
221135;221140;Big Planet;10;Х/ф;Удивительно 6 с.;[12+]
221140;221225;Big Planet;10;Х/ф;"Миссия "Воскрешение" 4 с.;[16+]
221225;221315;Big Planet;10;Х/ф;"Миссия "Воскрешение" 4 с.;[16+]
221315;221410;Big Planet;10;Х/ф;Двое в небе над Непалом 2 с.;[]
221410;221435;Big Planet;10;Х/ф;Гаражные мечты 9 с.;[16+]
221435;221500;Big Planet;10;Х/ф;Гаражные мечты 10 с.;[16+]
221500;221550;Big Planet;10;Х/ф;Выжить в дикой природе 1 с.;[16+]
221550;221640;Big Planet;10;Х/ф;Выжить в дикой природе 2 с.;[16+]
221640;221705;Big Planet;10;Х/ф;Мир морских глубин 3 с.;[16+]
221705;221730;Big Planet;10;Х/ф;Мир морских глубин 4 с.;[16+]
221730;221755;Big Planet;10;Х/ф;Мир морских глубин 5 с.;[16+]
221755;221830;Big Planet;10;Х/ф;Путешествие с чудаком 6 с.;[16+]
221830;221910;Big Planet;10;Х/ф;Путешествие с чудаком 6 с.;[16+]
221910;221945;Big Planet;10;Х/ф;Путешествие с чудаком 6 с.;[16+]
221945;221955;Big Planet;10;Х/ф;100 чудес света 39 с.;[16+]
221955;222005;Big Planet;10;Х/ф;100 чудес света 40 с.;[16+]
222005;222055;Big Planet;10;Х/ф;Земля легенд 1 с.;[16+]
222055;222150;Big Planet;10;Х/ф;Земля легенд 2 с.;[16+]
222150;222240;Big Planet;10;Х/ф;Военное дело: топ 6 с.;[16+]
222240;222335;Big Planet;10;Х/ф;Военное дело: топ 7 с.;[16+]
222335;222340;Big Planet;10;Х/ф;Удивительно 6 с.;[12+]
222340;230025;Big Planet;10;Х/ф;"Миссия "Воскрешение" 4 с.;[16+]
230025;230115;Big Planet;10;Х/ф;"Миссия "Воскрешение" 4 с.;[16+]
230115;230210;Big Planet;10;Х/ф;Двое в небе над Непалом;[]
230210;230235;Big Planet;10;Х/ф;Гаражные мечты 9 с.;[16+]
230235;230300;Big Planet;10;Х/ф;Гаражные мечты 10 с.;[16+]
230300;230350;Big Planet;10;Х/ф;Выжить в дикой природе 3 с.;[16+]
230350;230440;Big Planet;10;Х/ф;Выжить в дикой природе 4 с.;[16+]
230440;230530;Big Planet;10;Х/ф;Выжить в дикой природе 5 с.;[16+]
230530;230555;Big Planet;10;Х/ф;Мир морских глубин 6 с.;[16+]
230555;230620;Big Planet;10;Х/ф;Мир морских глубин 7 с.;[16+]
230620;230700;Big Planet;10;Х/ф;Путешествие с чудаком 6 с.;[16+]
230700;230750;Big Planet;10;Х/ф;Путешествие с чудаком 6 с.;[16+]
230750;230840;Big Planet;10;Х/ф;Земля легенд 3 с.;[16+]
230840;230935;Big Planet;10;Х/ф;Земля легенд 4 с.;[16+]
230935;231030;Big Planet;10;Х/ф;Военное дело: топ 8 с.;[16+]
231030;231115;Big Planet;10;Х/ф;Военное дело: топ 9 с.;[16+]
231115;231205;Big Planet;10;Х/ф;Военное дело: топ 10 с.;[16+]
231205;231255;Big Planet;10;Х/ф;"Миссия "Воскрешение" 4 с.;[16+]
231255;231345;Big Planet;10;Х/ф;"Миссия "Воскрешение" 4 с.;[16+]
231345;231405;Big Planet;10;Х/ф;Гаражные мечты 11 с.;[16+]
231405;231435;Big Planet;10;Х/ф;Гаражные мечты 12 с.;[16+]
231435;231500;Big Planet;10;Х/ф;Гаражные мечты 13 с.;[16+]
231500;231550;Big Planet;10;Х/ф;Выжить в дикой природе 3 с.;[16+]
231550;231640;Big Planet;10;Х/ф;Выжить в дикой природе 4 с.;[16+]
231640;231730;Big Planet;10;Х/ф;Выжить в дикой природе 5 с.;[16+]
231730;231755;Big Planet;10;Х/ф;Мир морских глубин 6 с.;[16+]
231755;231820;Big Planet;10;Х/ф;Мир морских глубин 7 с.;[16+]
231820;231900;Big Planet;10;Х/ф;Путешествие с чудаком 6 с.;[16+]
231900;231950;Big Planet;10;Х/ф;Путешествие с чудаком 6 с.;[16+]
231950;232040;Big Planet;10;Х/ф;Земля легенд 3 с.;[16+]
232040;232135;Big Planet;10;Х/ф;Земля легенд 4 с.;[16+]
232135;232230;Big Planet;10;Х/ф;Военное дело: топ 8 с.;[16+]
232230;232315;Big Planet;10;Х/ф;Военное дело: топ 9 с.;[16+]
232315;240300;Big Planet;10;Х/ф;Военное дело: топ 10 с.;[16+]
170100;170215;Блокбастер;12;Х/ф;Астрал: Новое измерение;[18+]
170215;170355;Блокбастер;12;Х/ф;Три дня до весны;[18+]
170355;170540;Блокбастер;12;Х/ф;Лето 1941 года;[18+]
170540;170735;Блокбастер;12;Х/ф;А зори здесь тихие...;[18+]
170735;170920;Блокбастер;12;Х/ф;Красный призрак;[18+]
170920;171120;Блокбастер;12;Х/ф;Три дня до весны;[18+]
171120;171325;Блокбастер;12;Х/ф;Лето 1941 года 2 с.;[18+]
171325;171535;Блокбастер;12;Х/ф;А зори здесь тихие... 2 с.;[18+]
171535;171720;Блокбастер;12;Х/ф;Красный призрак;[18+]
171720;171925;Блокбастер;12;Х/ф;Территория зла;[18+]
171925;172100;Блокбастер;12;Х/ф;Большая игра;[18+]
172100;172245;Блокбастер;12;Х/ф;Команда зачистки;[18+]
172245;180025;Блокбастер;12;Х/ф;Шальная карта;[18+]
180025;180235;Блокбастер;12;Х/ф;Сокровище в пелёнках;[18+]
180235;180415;Блокбастер;12;Х/ф;Территория зла 2 с.;[18+]
180415;180535;Блокбастер;12;Х/ф;Большая игра 2 с.;[18+]
180535;180705;Блокбастер;12;Х/ф;Команда зачистки 2 с.;[18+]
180705;180845;Блокбастер;12;Х/ф;Шальная карта 2 с.;[18+]
180845;181050;Блокбастер;12;Х/ф;Территория зла 3 с.;[18+]
181050;181225;Блокбастер;12;Х/ф;Большая игра 3 с.;[18+]
181225;181410;Блокбастер;12;Х/ф;Команда зачистки;[18+]
181410;181545;Блокбастер;12;Х/ф;Шальная карта 3 с.;[18+]
181545;181755;Блокбастер;12;Х/ф;Территория зла 4 с.;[18+]
181755;181920;Блокбастер;12;Х/ф;В плену огня;[18+]
181920;182100;Блокбастер;12;Х/ф;Стрельба по мишеням;[18+]
182100;182245;Блокбастер;12;Х/ф;Агрессор;[18+]
182245;190015;Блокбастер;12;Х/ф;Пустошь;[18+]
190015;190245;Блокбастер;12;Х/ф;Кунхам: Пограничный остров;[18+]
190245;190355;Блокбастер;12;Х/ф;В плену огня 2 с.;[18+]
190355;190520;Блокбастер;12;Х/ф;Стрельба по мишеням 2 с.;[18+]
190520;190650;Блокбастер;12;Х/ф;Агрессор 2 с.;[18+]
190650;190815;Блокбастер;12;Х/ф;Пустошь 2 с.;[18+]
190815;190940;Блокбастер;12;Х/ф;В плену огня 3 с.;[18+]
190940;191120;Блокбастер;12;Х/ф;Стрельба по мишеням 3 с.;[18+]
191120;191305;Блокбастер;12;Х/ф;Агрессор;[18+]
191305;191430;Блокбастер;12;Х/ф;Пустошь;[18+]
191430;191600;Блокбастер;12;Х/ф;В плену огня;[18+]
191600;191740;Блокбастер;12;Х/ф;Стрельба по мишеням;[18+]
191740;191910;Блокбастер;12;Х/ф;День гнева;[18+]
191910;192100;Блокбастер;12;Х/ф;Клык;[18+]
192100;192240;Блокбастер;12;Х/ф;Подкоп;[18+]
192240;200030;Блокбастер;12;Х/ф;Охота на киллера;[18+]
200030;200220;Блокбастер;12;Х/ф;Территория зла;[18+]
200220;200335;Блокбастер;12;Х/ф;День гнева 2 с.;[18+]
200335;200510;Блокбастер;12;Х/ф;Клык 2 с.;[18+]
200510;200630;Блокбастер;12;Х/ф;Подкоп 2 с.;[18+]
200630;200815;Блокбастер;12;Х/ф;Охота на киллера 2 с.;[18+]
200815;200945;Блокбастер;12;Х/ф;День гнева 3 с.;[18+]
200945;201140;Блокбастер;12;Х/ф;Клык;[18+]
201140;201315;Блокбастер;12;Х/ф;Подкоп;[18+]
201315;201505;Блокбастер;12;Х/ф;Охота на киллера;[18+]
201505;201640;Блокбастер;12;Х/ф;День гнева;[18+]
201640;201910;Блокбастер;12;Х/ф;"Эксперимент "Ведьма";[18+]
201910;202100;Блокбастер;12;Х/ф;И грянул гром;[18+]
202100;202255;Блокбастер;12;Х/ф;Универсальный солдат-3: Возрождение;[18+]
202255;210055;Блокбастер;12;Х/ф;Универсальный солдат-4: Судный день;[18+]
210055;210220;Блокбастер;12;Х/ф;Адреналин-2;[18+]
210220;210345;Блокбастер;12;Х/ф;На прицеле;[18+]
210345;210505;Блокбастер;12;Х/ф;Шальная карта;[18+]
210505;210715;Блокбастер;12;Х/ф;"Эксперимент "Ведьма" 2 с.;[18+]
210715;210905;Блокбастер;12;Х/ф;И грянул гром 2 с.;[18+]
210905;211100;Блокбастер;12;Х/ф;Универсальный солдат-3: Возрождение;[18+]
211100;211300;Блокбастер;12;Х/ф;Универсальный солдат-4: Судный день;[18+]
211300;211535;Блокбастер;12;Х/ф;"Эксперимент "Ведьма";[18+]
211535;211725;Блокбастер;12;Х/ф;И грянул гром;[18+]
211725;211920;Блокбастер;12;Х/ф;Верёвка;[18+]
211920;212100;Блокбастер;12;Х/ф;Верёвка-2: Спасение;[18+]
212100;212230;Блокбастер;12;Х/ф;Верёвка-3: Месть;[18+]
212230;220025;Блокбастер;12;Х/ф;Схватка;[18+]
220025;220215;Блокбастер;12;Х/ф;Лето 1941 года;[18+]
220215;220405;Блокбастер;12;Х/ф;А зори здесь тихие...;[18+]
220405;220540;Блокбастер;12;Х/ф;Верёвка 2 с.;[18+]
220540;220705;Блокбастер;12;Х/ф;Верёвка-2: Спасение 2 с.;[18+]
220705;220835;Блокбастер;12;Х/ф;Верёвка-3: Месть 2 с.;[18+]
220835;221030;Блокбастер;12;Х/ф;Схватка 2 с.;[18+]
221030;221225;Блокбастер;12;Х/ф;Верёвка;[18+]
221225;221405;Блокбастер;12;Х/ф;Верёвка-2: Спасение;[18+]
221405;221540;Блокбастер;12;Х/ф;Верёвка-3: Месть;[18+]
221540;221730;Блокбастер;12;Х/ф;Схватка;[18+]
221730;221905;Блокбастер;12;Х/ф;Раздолбай;[18+]
221905;222100;Блокбастер;12;Х/ф;Рысь;[18+]
222100;222255;Блокбастер;12;Х/ф;Гранит;[18+]
222255;230050;Блокбастер;12;Х/ф;Русский рейд;[18+]
230050;230210;Блокбастер;12;Х/ф;Большая игра;[18+]
230210;230330;Блокбастер;12;Х/ф;Раздолбай 2 с.;[18+]
230330;230505;Блокбастер;12;Х/ф;Рысь 2 с.;[18+]
230505;230640;Блокбастер;12;Х/ф;Гранит 2 с.;[18+]
230640;230830;Блокбастер;12;Х/ф;Русский рейд 2 с.;[18+]
230830;231005;Блокбастер;12;Х/ф;Раздолбай 3 с.;[18+]
231005;231200;Блокбастер;12;Х/ф;Рысь;[18+]
231200;231355;Блокбастер;12;Х/ф;Гранит;[18+]
231355;231545;Блокбастер;12;Х/ф;Русский рейд;[18+]
231545;231725;Блокбастер;12;Х/ф;Раздолбай;[18+]
231725;231905;Блокбастер;12;Х/ф;Костолом;[18+]
231905;232100;Блокбастер;12;Х/ф;Коллекторы;[18+]
232100;232250;Блокбастер;12;Х/ф;Коллекторы-2;[18+]
232250;240100;Блокбастер;12;Х/ф;Плохие парни;[18+]
170300;170350;Bolt;11;Х/ф;Академия 60 с.;[16+]
170350;170440;Bolt;11;Х/ф;Академия 1 с.;[16+]
170440;170530;Bolt;11;Х/ф;Академия 2 с.;[16+]
170530;170540;Bolt;11;Х/ф;Хроники общественного быта 6 с.;[16+]
170540;170600;Bolt;11;Х/ф;Хроники общественного быта;[16+]
170600;170615;Bolt;11;Х/ф;Хроники общественного быта 2 с.;[16+]
170615;170705;Bolt;11;Х/ф;Сёстры по крови 68 с.;[16+]
170705;170755;Bolt;11;Х/ф;Сёстры по крови 69 с.;[16+]
170755;170850;Bolt;11;Х/ф;Сёстры по крови 70 с.;[16+]
170850;170945;Bolt;11;Х/ф;Анна-детективъ 33 с.;[]
170945;171035;Bolt;11;Х/ф;Анна-детективъ 34 с.;[]
171035;171130;Bolt;11;Х/ф;Анна-детективъ 35 с.;[]
171130;171225;Bolt;11;Х/ф;Анна-детективъ 36 с.;[]
171225;171315;Bolt;11;Х/ф;Анна-детективъ 37 с.;[]
171315;171410;Bolt;11;Х/ф;Анна-детективъ 38 с.;[]
171410;171505;Bolt;11;Х/ф;Анна-детективъ 39 с.;[]
171505;171600;Bolt;11;Х/ф;Анна-детективъ 40 с.;[]
171600;171650;Bolt;11;Х/ф;Анна-детективъ 41 с.;[]
171650;171745;Bolt;11;Х/ф;Анна-детективъ 42 с.;[]
171745;171835;Bolt;11;Х/ф;Анна-детективъ 43 с.;[]
171835;171930;Bolt;11;Х/ф;Анна-детективъ 44 с.;[]
171930;172025;Bolt;11;Х/ф;Анна-детективъ 45 с.;[]
172025;172120;Bolt;11;Х/ф;Анна-детективъ 46 с.;[]
172120;172215;Bolt;11;Х/ф;Анна-детективъ 47 с.;[]
172215;172305;Bolt;11;Х/ф;Анна-детективъ 48 с.;[]
172305;180005;Bolt;11;Х/ф;Штрафник 1 с.;[]
180005;180105;Bolt;11;Х/ф;Штрафник 2 с.;[]
180105;180155;Bolt;11;Х/ф;Штрафник 3 с.;[]
180155;180245;Bolt;11;Х/ф;Академия 1 с.;[16+]
180245;180335;Bolt;11;Х/ф;Академия 2 с.;[16+]
180335;180425;Bolt;11;Х/ф;Академия 3 с.;[16+]
180425;180510;Bolt;11;Х/ф;Академия 4 с.;[16+]
180510;180600;Bolt;11;Х/ф;Академия 5 с.;[16+]
180600;180610;Bolt;11;Х/ф;Хроники общественного быта 9 с.;[16+]
180610;180700;Bolt;11;Х/ф;Сёстры по крови 71 с.;[16+]
180700;180755;Bolt;11;Х/ф;Сёстры по крови 72 с.;[16+]
180755;180850;Bolt;11;Х/ф;Сёстры по крови 73 с.;[16+]
180850;180940;Bolt;11;Х/ф;Анна-детективъ 41 с.;[]
180940;181035;Bolt;11;Х/ф;Анна-детективъ 42 с.;[]
181035;181130;Bolt;11;Х/ф;Анна-детективъ 43 с.;[]
181130;181220;Bolt;11;Х/ф;Анна-детективъ 44 с.;[]
181220;181315;Bolt;11;Х/ф;Анна-детективъ 45 с.;[]
181315;181410;Bolt;11;Х/ф;Анна-детективъ 46 с.;[]
181410;181505;Bolt;11;Х/ф;Анна-детективъ 47 с.;[]
181505;181600;Bolt;11;Х/ф;Анна-детективъ 48 с.;[]
181600;181650;Bolt;11;Х/ф;Анна-детективъ 49 с.;[]
181650;181745;Bolt;11;Х/ф;Анна-детективъ 50 с.;[]
181745;181840;Bolt;11;Х/ф;Анна-детективъ 51 с.;[]
181840;181930;Bolt;11;Х/ф;Анна-детективъ 52 с.;[]
181930;182025;Bolt;11;Х/ф;Анна-детективъ 53 с.;[]
182025;182115;Bolt;11;Х/ф;Анна-детективъ 54 с.;[]
182115;182210;Bolt;11;Х/ф;Анна-детективъ 55 с.;[]
182210;182300;Bolt;11;Х/ф;Анна-детективъ 56 с.;[]
182300;190000;Bolt;11;Х/ф;Штрафник 3 с.;[]
190000;190100;Bolt;11;Х/ф;Штрафник 4 с.;[]
190100;190155;Bolt;11;Х/ф;Штрафник 5 с.;[]
190155;190240;Bolt;11;Х/ф;Академия 3 с.;[16+]
190240;190330;Bolt;11;Х/ф;Академия 4 с.;[16+]
190330;190420;Bolt;11;Х/ф;Академия 5 с.;[16+]
190420;190505;Bolt;11;Х/ф;Академия 6 с.;[16+]
190505;190605;Bolt;11;Х/ф;Академия 7 с.;[16+]
190605;190615;Bolt;11;Х/ф;Хроники общественного быта 3 с.;[16+]
190615;190705;Bolt;11;Х/ф;Сёстры по крови 74 с.;[16+]
190705;190800;Bolt;11;Х/ф;Сёстры по крови 75 с.;[16+]
190800;190855;Bolt;11;Х/ф;Сёстры по крови 76 с.;[16+]
190855;190945;Bolt;11;Х/ф;Анна-детективъ 49 с.;[]
190945;191040;Bolt;11;Х/ф;Анна-детективъ 50 с.;[]
191040;191135;Bolt;11;Х/ф;Анна-детективъ 51 с.;[]
191135;191225;Bolt;11;Х/ф;Анна-детективъ 52 с.;[]
191225;191320;Bolt;11;Х/ф;Анна-детективъ 53 с.;[]
191320;191415;Bolt;11;Х/ф;Анна-детективъ 54 с.;[]
191415;191505;Bolt;11;Х/ф;Анна-детективъ 55 с.;[]
191505;191600;Bolt;11;Х/ф;Анна-детективъ 56 с.;[]
191600;191650;Bolt;11;Х/ф;Анна-детективъ 1 с.;[]
191650;191740;Bolt;11;Х/ф;Анна-детективъ 2 с.;[]
191740;191830;Bolt;11;Х/ф;Анна-детективъ 3 с.;[]
191830;191925;Bolt;11;Х/ф;Анна-детективъ 4 с.;[]
191925;192015;Bolt;11;Х/ф;Анна-детективъ 5 с.;[]
192015;192105;Bolt;11;Х/ф;Анна-детективъ 6 с.;[]
192105;192200;Bolt;11;Х/ф;Анна-детективъ 7 с.;[]
192200;192250;Bolt;11;Х/ф;Анна-детективъ 8 с.;[]
192250;192350;Bolt;11;Х/ф;Штрафник 5 с.;[]
192350;200045;Bolt;11;Х/ф;Штрафник 6 с.;[]
200045;200140;Bolt;11;Х/ф;Штрафник 7 с.;[]
200140;200230;Bolt;11;Х/ф;Академия 5 с.;[16+]
200230;200315;Bolt;11;Х/ф;Академия 6 с.;[16+]
200315;200405;Bolt;11;Х/ф;Академия 7 с.;[16+]
200405;200450;Bolt;11;Х/ф;Академия 8 с.;[16+]
200450;200540;Bolt;11;Х/ф;Академия 9 с.;[16+]
200540;200600;Bolt;11;Х/ф;Хроники общественного быта 1 с.;[16+]
200600;200615;Bolt;11;Х/ф;Хроники общественного быта 4 с.;[16+]
200615;200630;Bolt;11;Х/ф;Хроники общественного быта 5 с.;[16+]
200630;200720;Bolt;11;Х/ф;Сёстры по крови 77 с.;[16+]
200720;200810;Bolt;11;Х/ф;Сёстры по крови 78 с.;[16+]
200810;200905;Bolt;11;Х/ф;Сёстры по крови 79 с.;[]
200905;201000;Bolt;11;Х/ф;Анна-детективъ 1 с.;[]
201000;201050;Bolt;11;Х/ф;Анна-детективъ 2 с.;[]
201050;201140;Bolt;11;Х/ф;Анна-детективъ 3 с.;[]
201140;201230;Bolt;11;Х/ф;Анна-детективъ 4 с.;[]
201230;201325;Bolt;11;Х/ф;Анна-детективъ 5 с.;[]
201325;201415;Bolt;11;Х/ф;Анна-детективъ 6 с.;[]
201415;201505;Bolt;11;Х/ф;Анна-детективъ 7 с.;[]
201505;201600;Bolt;11;Х/ф;Анна-детективъ 8 с.;[]
201600;201650;Bolt;11;Х/ф;Анна-детективъ 9 с.;[]
201650;201740;Bolt;11;Х/ф;Анна-детективъ 10 с.;[]
201740;201835;Bolt;11;Х/ф;Анна-детективъ 11 с.;[]
201835;201925;Bolt;11;Х/ф;Анна-детективъ 12 с.;[]
201925;202015;Bolt;11;Х/ф;Анна-детективъ 13 с.;[]
202015;202105;Bolt;11;Х/ф;Анна-детективъ 14 с.;[]
202105;202200;Bolt;11;Х/ф;Анна-детективъ 15 с.;[]
202200;202250;Bolt;11;Х/ф;Анна-детективъ 16 с.;[]
202250;202350;Bolt;11;Х/ф;Штрафник 7 с.;[]
202350;210045;Bolt;11;Х/ф;Штрафник 8 с.;[]
210045;210140;Bolt;11;Х/ф;Штрафник 9 с.;[]
210140;210230;Bolt;11;Х/ф;Академия 7 с.;[16+]
210230;210315;Bolt;11;Х/ф;Академия 8 с.;[16+]
210315;210405;Bolt;11;Х/ф;Академия 9 с.;[16+]
210405;210455;Bolt;11;Х/ф;Академия 10 с.;[16+]
210455;210540;Bolt;11;Х/ф;Академия 11 с.;[16+]
210540;210600;Bolt;11;Х/ф;Хроники общественного быта 2 с.;[16+]
210600;210615;Bolt;11;Х/ф;Хроники общественного быта 3 с.;[16+]
210615;210630;Bolt;11;Х/ф;Хроники общественного быта 11 с.;[16+]
210630;210720;Bolt;11;Х/ф;Сёстры по крови 80 с.;[]
210720;210810;Bolt;11;Х/ф;Сёстры по крови 81 с.;[]
210810;210905;Bolt;11;Х/ф;Сёстры по крови 82 с.;[]
210905;210955;Bolt;11;Х/ф;Анна-детективъ 9 с.;[]
210955;211050;Bolt;11;Х/ф;Анна-детективъ 10 с.;[]
211050;211140;Bolt;11;Х/ф;Анна-детективъ 11 с.;[]
211140;211230;Bolt;11;Х/ф;Анна-детективъ 12 с.;[]
211230;211325;Bolt;11;Х/ф;Анна-детективъ 13 с.;[]
211325;211415;Bolt;11;Х/ф;Анна-детективъ 14 с.;[]
211415;211505;Bolt;11;Х/ф;Анна-детективъ 15 с.;[]
211505;211600;Bolt;11;Х/ф;Анна-детективъ 16 с.;[]
211600;211650;Bolt;11;Х/ф;Анна-детективъ 17 с.;[]
211650;211740;Bolt;11;Х/ф;Анна-детективъ 18 с.;[]
211740;211835;Bolt;11;Х/ф;Анна-детективъ 19 с.;[]
211835;211925;Bolt;11;Х/ф;Анна-детективъ 20 с.;[]
211925;212015;Bolt;11;Х/ф;Анна-детективъ 21 с.;[]
212015;212110;Bolt;11;Х/ф;Анна-детективъ 22 с.;[]
212110;212200;Bolt;11;Х/ф;Анна-детективъ 23 с.;[]
212200;212250;Bolt;11;Х/ф;Анна-детективъ 24 с.;[]
212250;212345;Bolt;11;Х/ф;Штрафник 10 с.;[]
212345;220045;Bolt;11;Х/ф;Штрафник 11 с.;[]
220045;220140;Bolt;11;Х/ф;Штрафник 12 с.;[]
220140;220230;Bolt;11;Х/ф;Академия 9 с.;[16+]
220230;220315;Bolt;11;Х/ф;Академия 10 с.;[16+]
220315;220405;Bolt;11;Х/ф;Академия 11 с.;[16+]
220405;220455;Bolt;11;Х/ф;Академия 12 с.;[16+]
220455;220540;Bolt;11;Х/ф;Академия 13 с.;[16+]
220540;220600;Bolt;11;Х/ф;Хроники общественного быта 6 с.;[16+]
220600;220645;Bolt;11;Х/ф;Анна-детективъ 39 с.;[]
220645;220740;Bolt;11;Х/ф;Анна-детективъ 40 с.;[]
220740;220835;Bolt;11;Х/ф;Анна-детективъ 41 с.;[]
220835;220925;Bolt;11;Х/ф;Анна-детективъ 42 с.;[]
220925;221020;Bolt;11;Х/ф;Анна-детективъ 43 с.;[]
221020;221115;Bolt;11;Х/ф;Анна-детективъ 44 с.;[]
221115;221210;Bolt;11;Х/ф;Анна-детективъ 45 с.;[]
221210;221300;Bolt;11;Х/ф;Анна-детективъ 46 с.;[]
221300;221355;Bolt;11;Х/ф;Анна-детективъ 47 с.;[]
221355;221450;Bolt;11;Х/ф;Анна-детективъ 48 с.;[]
221450;221545;Bolt;11;Х/ф;Анна-детективъ 49 с.;[]
221545;221635;Bolt;11;Х/ф;Анна-детективъ 50 с.;[]
221635;221730;Bolt;11;Х/ф;Анна-детективъ 51 с.;[]
221730;221825;Bolt;11;Х/ф;Анна-детективъ 52 с.;[]
221825;221915;Bolt;11;Х/ф;Анна-детективъ 53 с.;[]
221915;222010;Bolt;11;Х/ф;Анна-детективъ 54 с.;[]
222010;222100;Bolt;11;Х/ф;Анна-детективъ 55 с.;[]
222100;222155;Bolt;11;Х/ф;Анна-детективъ 56 с.;[]
222155;222250;Bolt;11;Х/ф;Академия 1 с.;[16+]
222250;222340;Bolt;11;Х/ф;Академия 2 с.;[16+]
222340;230035;Bolt;11;Х/ф;Академия 3 с.;[16+]
230035;230125;Bolt;11;Х/ф;Академия 4 с.;[16+]
230125;230215;Bolt;11;Х/ф;Академия 5 с.;[16+]
230215;230305;Bolt;11;Х/ф;Академия 6 с.;[16+]
230305;230350;Bolt;11;Х/ф;Академия 7 с.;[16+]
230350;230440;Bolt;11;Х/ф;Академия 8 с.;[16+]
230440;230530;Bolt;11;Х/ф;Академия 9 с.;[16+]
230530;230540;Bolt;11;Х/ф;Хроники общественного быта 4 с.;[16+]
230540;230600;Bolt;11;Х/ф;Хроники общественного быта;[16+]
230600;230645;Bolt;11;Х/ф;Анна-детективъ 1 с.;[]
230645;230735;Bolt;11;Х/ф;Анна-детективъ 2 с.;[]
230735;230830;Bolt;11;Х/ф;Анна-детективъ 3 с.;[]
230830;230920;Bolt;11;Х/ф;Анна-детективъ 4 с.;[]
230920;231010;Bolt;11;Х/ф;Анна-детективъ 5 с.;[]
231010;231105;Bolt;11;Х/ф;Анна-детективъ 6 с.;[]
231105;231155;Bolt;11;Х/ф;Анна-детективъ 7 с.;[]
231155;231245;Bolt;11;Х/ф;Анна-детективъ 8 с.;[]
231245;231335;Bolt;11;Х/ф;Анна-детективъ 9 с.;[]
231335;231430;Bolt;11;Х/ф;Анна-детективъ 10 с.;[]
231430;231520;Bolt;11;Х/ф;Анна-детективъ 11 с.;[]
231520;231610;Bolt;11;Х/ф;Анна-детективъ 12 с.;[]
231610;231705;Bolt;11;Х/ф;Анна-детективъ 13 с.;[]
231705;231755;Bolt;11;Х/ф;Анна-детективъ 14 с.;[]
231755;231845;Bolt;11;Х/ф;Анна-детективъ 15 с.;[]
231845;231940;Bolt;11;Х/ф;Анна-детективъ 16 с.;[]
231940;232030;Bolt;11;Х/ф;Анна-детективъ 17 с.;[]
232030;232120;Bolt;11;Х/ф;Анна-детективъ 18 с.;[]
232120;232215;Bolt;11;Х/ф;Анна-детективъ 19 с.;[]
232215;232305;Bolt;11;Х/ф;Анна-детективъ 20 с.;[]
232305;232355;Bolt;11;Х/ф;Анна-детективъ 21 с.;[]
232355;240050;Bolt;11;Х/ф;Анна-детективъ 22 с.;[]
240050;240135;Bolt;11;Х/ф;Анна-детективъ 23 с.;[]
240135;240220;Bolt;11;Х/ф;Анна-детективъ 24 с.;[]
240220;240300;Bolt;11;Х/ф;Академия 10 с.;[16+]
170000;170025;Авто Плюс;7;Х/ф;Гонка великих;[16+]
170025;170045;Авто Плюс;7;Х/ф;ПриветТачка 21 с.;[16+]
170045;170105;Авто Плюс;7;Х/ф;Новости недели;[12+]
170105;170110;Авто Плюс;7;Х/ф;Автомобили 249 с.;[16+]
170110;170125;Авто Плюс;7;Х/ф;Два колеса 102 с.;[16+]
170125;170140;Авто Плюс;7;Х/ф;Подержанные автомобили 452 с.;[12+]
170140;170155;Авто Плюс;7;Х/ф;Советы бывалых 80 с.;[16+]
170155;170210;Авто Плюс;7;Х/ф;Советы бывалых 124 с.;[16+]
170210;170225;Авто Плюс;7;Х/ф;Советы бывалых 73 с.;[16+]
170225;170250;Авто Плюс;7;Х/ф;Выбор есть! 98 с.;[16+]
170250;170305;Авто Плюс;7;Х/ф;ПриветТачка 23 с.;[16+]
170305;170325;Авто Плюс;7;Х/ф;Новости недели 2 с.;[12+]
170325;170330;Авто Плюс;7;Х/ф;Автомобили 246 с.;[16+]
170330;170410;Авто Плюс;7;Х/ф;Звезда по имени МКС;[16+]
170410;170425;Авто Плюс;7;Х/ф;Наши тесты 1094 с.;[12+]
170425;170450;Авто Плюс;7;Х/ф;Подкаст 21 с.;[16+]
170450;170505;Авто Плюс;7;Х/ф;Советы бывалых 61 с.;[16+]
170505;170525;Авто Плюс;7;Х/ф;Новости недели 3 с.;[12+]
170525;170550;Авто Плюс;7;Х/ф;ПриветТачка 126 с.;[16+]
170550;170600;Авто Плюс;7;Х/ф;ПриветТачка 102 с.;[16+]
170600;170615;Авто Плюс;7;Х/ф;Машины прошлого 129 с.;[16+]
170615;170625;Авто Плюс;7;Х/ф;Машины прошлого 131 с.;[16+]
170625;170630;Авто Плюс;7;Х/ф;Автомобили 130 с.;[12+]
170630;170710;Авто Плюс;7;Х/ф;Техногеника 1 с.;[16+]
170710;170735;Авто Плюс;7;Х/ф;Новости недели 4 с.;[12+]
170735;170750;Авто Плюс;7;Х/ф;Своими глазами 890 с.;[16+]
170750;170805;Авто Плюс;7;Х/ф;Подержанные автомобили 444 с.;[12+]
170805;170810;Авто Плюс;7;Х/ф;Автомобили 249 с.;[16+]
170810;170825;Авто Плюс;7;Х/ф;Подержанные автомобили 467 с.;[12+]
170825;170840;Авто Плюс;7;Х/ф;Подержанные автомобили 454 с.;[12+]
170840;170845;Авто Плюс;7;Х/ф;Автомобили 142 с.;[12+]
170845;170900;Авто Плюс;7;Х/ф;Спецтехника с Иваном Зенкевичем 31 с.;[16+]
170900;170915;Авто Плюс;7;Х/ф;"Звездный" маршрут 4 с.;[16+]
170915;170920;Авто Плюс;7;Х/ф;Автомобили 146 с.;[12+]
170920;170940;Авто Плюс;7;Х/ф;Новости недели 5 с.;[12+]
170940;170945;Авто Плюс;7;Х/ф;Автомобили 135 с.;[12+]
170945;171010;Авто Плюс;7;Х/ф;Подкаст 28 с.;[16+]
171010;171015;Авто Плюс;7;Х/ф;Автомобили 137 с.;[12+]
171015;171030;Авто Плюс;7;Х/ф;Подержанные автомобили 502 с.;[12+]
171030;171045;Авто Плюс;7;Х/ф;Подержанные автомобили 548 с.;[12+]
171045;171050;Авто Плюс;7;Х/ф;Автомобили 139 с.;[12+]
171050;171100;Авто Плюс;7;Х/ф;Инженеры: Сухопутный пароход 2 с.;[16+]
171100;171105;Авто Плюс;7;Х/ф;Автомобили 133 с.;[12+]
171105;171125;Авто Плюс;7;Х/ф;Новости недели 6 с.;[12+]
171125;171140;Авто Плюс;7;Х/ф;Машины прошлого 84 с.;[16+]
171140;171205;Авто Плюс;7;Х/ф;СМП РСКГ-2026. "Игора Драйв" 5 с.;[16+]
171205;171210;Авто Плюс;7;Х/ф;Автомобили 137 с.;[12+]
171210;171225;Авто Плюс;7;Х/ф;Машины прошлого 164 с.;[16+]
171225;171305;Авто Плюс;7;Х/ф;Конструктор №1. История ОКБ Туполева;[16+]
171305;171310;Авто Плюс;7;Х/ф;Автомобили 251 с.;[16+]
171310;171325;Авто Плюс;7;Х/ф;Два колеса 144 с.;[16+]
171325;171340;Авто Плюс;7;Х/ф;Подержанные автомобили 457 с.;[12+]
171340;171345;Авто Плюс;7;Х/ф;Автомобили 249 с.;[16+]
171345;171400;Авто Плюс;7;Х/ф;Советы бывалых 99 с.;[16+]
171400;171415;Авто Плюс;7;Х/ф;Советы бывалых 115 с.;[16+]
171415;171430;Авто Плюс;7;Х/ф;Наши тесты 1179 с.;[12+]
171430;171435;Авто Плюс;7;Х/ф;Автомобили 201 с.;[16+]
171435;171450;Авто Плюс;7;Х/ф;Два колеса 138 с.;[16+]
171450;171505;Авто Плюс;7;Х/ф;Два колеса 162 с.;[16+]
171505;171510;Авто Плюс;7;Х/ф;Автомобили 246 с.;[16+]
171510;171555;Авто Плюс;7;Х/ф;Техногеника 1 с.;[16+]
171555;171600;Авто Плюс;7;Х/ф;Новости с колес;[12+]
171600;171615;Авто Плюс;7;Х/ф;Подержанные автомобили 591 с.;[12+]
171615;171620;Авто Плюс;7;Х/ф;Автомобили 202 с.;[16+]
171620;171635;Авто Плюс;7;Х/ф;Машины прошлого 163 с.;[16+]
171635;171650;Авто Плюс;7;Х/ф;Наши тесты 1155 с.;[16+]
171650;171655;Авто Плюс;7;Х/ф;Автомобили 201 с.;[16+]
171655;171700;Авто Плюс;7;Х/ф;Новости с колес 2 с.;[12+]
171700;171715;Авто Плюс;7;Х/ф;Подержанные автомобили 519 с.;[12+]
171715;171720;Авто Плюс;7;Х/ф;Автомобили 251 с.;[16+]
171720;171745;Авто Плюс;7;Х/ф;Retro Legends Garage 7 с.;[16+]
171745;171805;Авто Плюс;7;Х/ф;Retro Legends Garage 8 с.;[16+]
171805;171810;Авто Плюс;7;Х/ф;Новости с колес 3 с.;[12+]
171810;171825;Авто Плюс;7;Х/ф;Два колеса 125 с.;[16+]
171825;171830;Авто Плюс;7;Х/ф;Автомобили 138 с.;[12+]
171830;171845;Авто Плюс;7;Х/ф;Подержанные автомобили 427 с.;[12+]
171845;171900;Авто Плюс;7;Х/ф;Подержанные автомобили 445 с.;[12+]
171900;171905;Авто Плюс;7;Х/ф;Новости с колес 4 с.;[12+]
171905;171910;Авто Плюс;7;Х/ф;ТехноГид 17 с.;[16+]
171910;171915;Авто Плюс;7;Х/ф;Автомобили 133 с.;[12+]
171915;171935;Авто Плюс;7;Х/ф;Машины прошлого 97 с.;[16+]
171935;171950;Авто Плюс;7;Х/ф;Подержанные автомобили 434 с.;[12+]
171950;171955;Авто Плюс;7;Х/ф;Автомобили 144 с.;[12+]
171955;172000;Авто Плюс;7;Х/ф;Новости с колес 5 с.;[12+]
172000;172010;Авто Плюс;7;Х/ф;Гаражные записки 46 с.;[12+]
172010;172030;Авто Плюс;7;Х/ф;Наши тесты 1231 с.;[16+]
172030;172045;Авто Плюс;7;Х/ф;Спецтехника с Иваном Зенкевичем 32 с.;[16+]
172045;172055;Авто Плюс;7;Х/ф;Наши тесты плюс 101 с.;[12+]
172055;172100;Авто Плюс;7;Х/ф;Новости с колес 6 с.;[12+]
172100;172140;Авто Плюс;7;Х/ф;Автореанимация 3 с.;[16+]
172140;172145;Авто Плюс;7;Х/ф;Новости с колес 7 с.;[12+]
172145;172150;Авто Плюс;7;Х/ф;Автомобили 133 с.;[12+]
172150;172155;Авто Плюс;7;Х/ф;Своими глазами 966 с.;[12+]
172155;172200;Авто Плюс;7;Х/ф;Автомобили 137 с.;[12+]
172200;172215;Авто Плюс;7;Х/ф;ПриветТачка 67 с.;[16+]
172215;172220;Авто Плюс;7;Х/ф;Автомобили 137 с.;[12+]
172220;172235;Авто Плюс;7;Х/ф;Советы бывалых 127 с.;[16+]
172235;172250;Авто Плюс;7;Х/ф;Подержанные автомобили 440 с.;[12+]
172250;172255;Авто Плюс;7;Х/ф;Автомобили 147 с.;[12+]
172255;172300;Авто Плюс;7;Х/ф;Новости с колес 8 с.;[12+]
172300;172310;Авто Плюс;7;Х/ф;Своими глазами 936 с.;[16+]
172310;172335;Авто Плюс;7;Х/ф;Подкаст 27 с.;[16+]
172335;172340;Авто Плюс;7;Х/ф;Автомобили 139 с.;[12+]
172340;172355;Авто Плюс;7;Х/ф;Два колеса 135 с.;[16+]
172355;180000;Авто Плюс;7;Х/ф;Автомобили 145 с.;[12+]
180000;180005;Авто Плюс;7;Х/ф;Новости с колес 9 с.;[12+]
180005;180045;Авто Плюс;7;Х/ф;Звезда по имени МКС;[16+]
180045;180055;Авто Плюс;7;Х/ф;ПриветТачка 57 с.;[16+]
180055;180100;Авто Плюс;7;Х/ф;Новости с колес 10 с.;[12+]
180100;180115;Авто Плюс;7;Х/ф;Советы бывалых 99 с.;[16+]
180115;180130;Авто Плюс;7;Х/ф;Наши тесты 1231 с.;[16+]
180130;180155;Авто Плюс;7;Х/ф;"Звездный" попутчик 7 с.;[16+]
180155;180200;Авто Плюс;7;Х/ф;Новости с колес 11 с.;[12+]
180200;180210;Авто Плюс;7;Х/ф;Машины прошлого 84 с.;[16+]
180210;180225;Авто Плюс;7;Х/ф;Два колеса 125 с.;[16+]
180225;180230;Авто Плюс;7;Х/ф;Автомобили 201 с.;[16+]
180230;180245;Авто Плюс;7;Х/ф;Подержанные автомобили 457 с.;[12+]
180245;180300;Авто Плюс;7;Х/ф;Подержанные автомобили 434 с.;[12+]
180300;180305;Авто Плюс;7;Х/ф;Новости с колес 12 с.;[12+]
180305;180315;Авто Плюс;7;Х/ф;Подержанные автомобили 575 с.;[12+]
180315;180320;Авто Плюс;7;Х/ф;Автомобили 143 с.;[12+]
180320;180405;Авто Плюс;7;Х/ф;Техногеника 1 с.;[16+]
180405;180410;Авто Плюс;7;Х/ф;Новости с колес 13 с.;[12+]
180410;180425;Авто Плюс;7;Х/ф;ПриветТачка 67 с.;[16+]
180425;180450;Авто Плюс;7;Х/ф;СМП РСКГ-2026. "Игора Драйв" 5 с.;[16+]
180450;180505;Авто Плюс;7;Х/ф;Подержанные автомобили 440 с.;[12+]
180505;180510;Авто Плюс;7;Х/ф;Новости с колес 14 с.;[12+]
180510;180525;Авто Плюс;7;Х/ф;Два колеса 140 с.;[16+]
180525;180540;Авто Плюс;7;Х/ф;Советы бывалых 127 с.;[16+]
180540;180545;Авто Плюс;7;Х/ф;Автомобили 246 с.;[16+]
180545;180600;Авто Плюс;7;Х/ф;Советы бывалых 73 с.;[16+]
180600;180605;Авто Плюс;7;Х/ф;Новости с колес 15 с.;[12+]
180605;180615;Авто Плюс;7;Х/ф;Два колеса 144 с.;[16+]
180615;180640;Авто Плюс;7;Х/ф;Retro Legends Garage 7 с.;[16+]
180640;180700;Авто Плюс;7;Х/ф;Retro Legends Garage 8 с.;[16+]
180700;180705;Авто Плюс;7;Х/ф;Новости с колес 16 с.;[12+]
180705;180720;Авто Плюс;7;Х/ф;Наши тесты 1194 с.;[12+]
180720;180735;Авто Плюс;7;Х/ф;ПриветТачка 90 с.;[16+]
180735;180750;Авто Плюс;7;Х/ф;Подержанные автомобили 500 с.;[12+]
180750;180755;Авто Плюс;7;Х/ф;Новости с колес 17 с.;[12+]
180755;180810;Авто Плюс;7;Х/ф;Советы бывалых 128 с.;[16+]
180810;180815;Авто Плюс;7;Х/ф;Автомобили 249 с.;[16+]
180815;180830;Авто Плюс;7;Х/ф;Наши тесты 1225 с.;[12+]
180830;180835;Авто Плюс;7;Х/ф;Автомобили 129 с.;[12+]
180835;180840;Авто Плюс;7;Х/ф;ПриветТачка 102 с.;[16+]
180840;180845;Авто Плюс;7;Х/ф;Автомобили 246 с.;[16+]
180845;180900;Авто Плюс;7;Х/ф;Спецтехника с Иваном Зенкевичем 40 с.;[16+]
180900;180905;Авто Плюс;7;Х/ф;Новости с колес 18 с.;[12+]
180905;180920;Авто Плюс;7;Х/ф;ПриветТачка 22 с.;[16+]
180920;180925;Авто Плюс;7;Х/ф;Автомобили 249 с.;[16+]
180925;180940;Авто Плюс;7;Х/ф;Подержанные автомобили 584 с.;[12+]
180940;180955;Авто Плюс;7;Х/ф;Два колеса 143 с.;[16+]
180955;181000;Авто Плюс;7;Х/ф;Автомобили 146 с.;[12+]
181000;181005;Авто Плюс;7;Х/ф;Новости с колес 19 с.;[12+]
181005;181020;Авто Плюс;7;Х/ф;Наши тесты 1217 с.;[12+]
181020;181025;Авто Плюс;7;Х/ф;Автомобили 140 с.;[12+]
181025;181105;Авто Плюс;7;Х/ф;Конструктор №1. История ОКБ Туполева 2 с.;[16+]
181105;181110;Авто Плюс;7;Х/ф;Новости с колес 20 с.;[12+]
181110;181125;Авто Плюс;7;Х/ф;Спецтехника с Иваном Зенкевичем 32 с.;[16+]
181125;181140;Авто Плюс;7;Х/ф;Наши тесты 1160 с.;[16+]
181140;181145;Авто Плюс;7;Х/ф;Автомобили 246 с.;[16+]
181145;181200;Авто Плюс;7;Х/ф;Подержанные автомобили 452 с.;[12+]
181200;181205;Авто Плюс;7;Х/ф;Автомобили 129 с.;[12+]
181205;181210;Авто Плюс;7;Х/ф;Новости с колес 21 с.;[12+]
181210;181220;Авто Плюс;7;Х/ф;Машины прошлого 148 с.;[16+]
181220;181225;Авто Плюс;7;Х/ф;Автомобили 138 с.;[12+]
181225;181305;Авто Плюс;7;Х/ф;Автореанимация 3 с.;[16+]
181305;181310;Авто Плюс;7;Х/ф;Новости с колес 22 с.;[12+]
181310;181325;Авто Плюс;7;Х/ф;Советы бывалых 116 с.;[16+]
181325;181330;Авто Плюс;7;Х/ф;Автомобили 246 с.;[16+]
181330;181345;Авто Плюс;7;Х/ф;Подержанные автомобили 567 с.;[12+]
181345;181400;Авто Плюс;7;Х/ф;Два колеса 162 с.;[16+]
181400;181405;Авто Плюс;7;Х/ф;Новости с колес 23 с.;[12+]
181405;181415;Авто Плюс;7;Х/ф;Гаражные записки 46 с.;[12+]
181415;181420;Авто Плюс;7;Х/ф;Автомобили 202 с.;[16+]
181420;181425;Авто Плюс;7;Х/ф;Наши тесты плюс 101 с.;[12+]
181425;181435;Авто Плюс;7;Х/ф;ТехноГид 17 с.;[16+]
181435;181450;Авто Плюс;7;Х/ф;Подержанные автомобили 519 с.;[12+]
181450;181455;Авто Плюс;7;Х/ф;Новости с колес 24 с.;[12+]
181455;181510;Авто Плюс;7;Х/ф;Наши тесты 1155 с.;[16+]
181510;181515;Авто Плюс;7;Х/ф;Автомобили 136 с.;[12+]
181515;181540;Авто Плюс;7;Х/ф;Retro Legends Garage 7 с.;[16+]
181540;181545;Авто Плюс;7;Х/ф;Новости с колес 25 с.;[12+]
181545;181605;Авто Плюс;7;Х/ф;Retro Legends Garage 8 с.;[16+]
181605;181610;Авто Плюс;7;Х/ф;Автомобили 202 с.;[16+]
181610;181625;Авто Плюс;7;Х/ф;Подержанные автомобили 555 с.;[12+]
181625;181630;Авто Плюс;7;Х/ф;Автомобили 201 с.;[16+]
181630;181645;Авто Плюс;7;Х/ф;Наши тесты 1134 с.;[12+]
181645;181700;Авто Плюс;7;Х/ф;Два колеса 102 с.;[16+]
181700;181705;Авто Плюс;7;Х/ф;Новости с колес 26 с.;[12+]
181705;181720;Авто Плюс;7;Х/ф;Подержанные автомобили 507 с.;[12+]
181720;181725;Авто Плюс;7;Х/ф;Автомобили 251 с.;[16+]
181725;181740;Авто Плюс;7;Х/ф;Машины прошлого 163 с.;[16+]
181740;181745;Авто Плюс;7;Х/ф;Автомобили 128 с.;[12+]
181745;181755;Авто Плюс;7;Х/ф;Инженеры: Сухопутный пароход 2 с.;[16+]
181755;181800;Авто Плюс;7;Х/ф;Новости с колес 27 с.;[12+]
181800;181815;Авто Плюс;7;Х/ф;Два колеса 122 с.;[16+]
181815;181820;Авто Плюс;7;Х/ф;Автомобили 249 с.;[16+]
181820;181830;Авто Плюс;7;Х/ф;Машины прошлого 185 с.;[16+]
181830;181835;Авто Плюс;7;Х/ф;Автомобили 133 с.;[12+]
181835;181850;Авто Плюс;7;Х/ф;Машины прошлого 113 с.;[16+]
181850;181855;Авто Плюс;7;Х/ф;Новости с колес 28 с.;[12+]
181855;181910;Авто Плюс;7;Х/ф;ПриветТачка 96 с.;[16+]
181910;181925;Авто Плюс;7;Х/ф;ПриветТачка 95 с.;[16+]
181925;181930;Авто Плюс;7;Х/ф;Автомобили 134 с.;[12+]
181930;181945;Авто Плюс;7;Х/ф;Своими глазами 974 с.;[12+]
181945;182000;Авто Плюс;7;Х/ф;Подержанные автомобили 425 с.;[12+]
182000;182005;Авто Плюс;7;Х/ф;Новости с колес 29 с.;[12+]
182005;182020;Авто Плюс;7;Х/ф;Машины прошлого 79 с.;[16+]
182020;182035;Авто Плюс;7;Х/ф;Машины прошлого 177 с.;[16+]
182035;182040;Авто Плюс;7;Х/ф;Автомобили 201 с.;[16+]
182040;182055;Авто Плюс;7;Х/ф;Подержанные автомобили 592 с.;[12+]
182055;182100;Авто Плюс;7;Х/ф;Новости с колес 30 с.;[12+]
182100;182115;Авто Плюс;7;Х/ф;Своими глазами 907 с.;[16+]
182115;182135;Авто Плюс;7;Х/ф;"Пилоты "КАМАЗ-мастер" 1 с.;[16+]
182135;182140;Авто Плюс;7;Х/ф;Автомобили 140 с.;[12+]
182140;182150;Авто Плюс;7;Х/ф;Везучие люди;[16+]
182150;182155;Авто Плюс;7;Х/ф;Автомобили 132 с.;[12+]
182155;182200;Авто Плюс;7;Х/ф;Новости с колес 31 с.;[12+]
182200;182215;Авто Плюс;7;Х/ф;Наши тесты 1226 с.;[16+]
182215;182235;Авто Плюс;7;Х/ф;Советы бывалых 41 с.;[16+]
182235;182250;Авто Плюс;7;Х/ф;Наши тесты 1231 с.;[16+]
182250;182255;Авто Плюс;7;Х/ф;Новости с колес 32 с.;[12+]
182255;182305;Авто Плюс;7;Х/ф;Наши тесты 1064 с.;[12+]
182305;182310;Авто Плюс;7;Х/ф;Автомобили 140 с.;[12+]
182310;182325;Авто Плюс;7;Х/ф;Два колеса 147 с.;[16+]
182325;182330;Авто Плюс;7;Х/ф;Автомобили 144 с.;[12+]
182330;182345;Авто Плюс;7;Х/ф;Подержанные автомобили 588 с.;[12+]
182345;190000;Авто Плюс;7;Х/ф;ПриветТачка 45 с.;[16+]
190000;190005;Авто Плюс;7;Х/ф;Новости с колес 33 с.;[12+]
190005;190045;Авто Плюс;7;Х/ф;Техногеника 1 с.;[16+]
190045;190100;Авто Плюс;7;Х/ф;Машины прошлого 79 с.;[16+]
190100;190105;Авто Плюс;7;Х/ф;Новости с колес 34 с.;[12+]
190105;190120;Авто Плюс;7;Х/ф;Подержанные автомобили 452 с.;[12+]
190120;190135;Авто Плюс;7;Х/ф;Retro Legends Garage 20 с.;[16+]
190135;190150;Авто Плюс;7;Х/ф;Наши тесты 1231 с.;[16+]
190150;190155;Авто Плюс;7;Х/ф;Новости с колес 35 с.;[12+]
190155;190215;Авто Плюс;7;Х/ф;СМП РСКГ-2026. "Игора Драйв" 5 с.;[16+]
190215;190230;Авто Плюс;7;Х/ф;Два колеса 122 с.;[16+]
190230;190250;Авто Плюс;7;Х/ф;Подержанные автомобили 548 с.;[12+]
190250;190305;Авто Плюс;7;Х/ф;Подержанные автомобили 425 с.;[12+]
190305;190310;Авто Плюс;7;Х/ф;Новости с колес 36 с.;[12+]
190310;190330;Авто Плюс;7;Х/ф;Retro Legends Garage 7 с.;[16+]
190330;190350;Авто Плюс;7;Х/ф;Retro Legends Garage 8 с.;[16+]
190350;190355;Авто Плюс;7;Х/ф;Автомобили 139 с.;[12+]
190355;190400;Авто Плюс;7;Х/ф;Новости с колес 37 с.;[12+]
190400;191000;Авто Плюс;7;Х/ф;Профилактика на канале с 4.00 до 10.00;[]
191000;191005;Авто Плюс;7;Х/ф;Новости с колес 38 с.;[12+]
191005;191045;Авто Плюс;7;Х/ф;Автореанимация 3 с.;[16+]
191045;191050;Авто Плюс;7;Х/ф;Автомобили 137 с.;[12+]
191050;191055;Авто Плюс;7;Х/ф;Новости с колес 39 с.;[12+]
191055;191110;Авто Плюс;7;Х/ф;Подержанные автомобили 592 с.;[12+]
191110;191130;Авто Плюс;7;Х/ф;Два колеса 125 с.;[16+]
191130;191145;Авто Плюс;7;Х/ф;Машины прошлого 177 с.;[16+]
191145;191150;Авто Плюс;7;Х/ф;Новости с колес 40 с.;[12+]
191150;191210;Авто Плюс;7;Х/ф;ПриветТачка 21 с.;[16+]
191210;191215;Авто Плюс;7;Х/ф;Автомобили 138 с.;[12+]
191215;191230;Авто Плюс;7;Х/ф;Советы бывалых 101 с.;[16+]
191230;191250;Авто Плюс;7;Х/ф;"Пилоты "КАМАЗ-мастер" 1 с.;[16+]
191250;191255;Авто Плюс;7;Х/ф;Автомобили 133 с.;[12+]
191255;191305;Авто Плюс;7;Х/ф;Везучие люди 2 с.;[16+]
191305;191310;Авто Плюс;7;Х/ф;Новости с колес 41 с.;[12+]
191310;191320;Авто Плюс;7;Х/ф;Гаражные записки 46 с.;[12+]
191320;191325;Авто Плюс;7;Х/ф;Автомобили 251 с.;[16+]
191325;191340;Авто Плюс;7;Х/ф;Наши тесты 1134 с.;[12+]
191340;191345;Авто Плюс;7;Х/ф;Автомобили 249 с.;[16+]
191345;191355;Авто Плюс;7;Х/ф;Машины прошлого 84 с.;[16+]
191355;191400;Авто Плюс;7;Х/ф;Новости с колес 42 с.;[12+]
191400;191415;Авто Плюс;7;Х/ф;Машины прошлого 163 с.;[16+]
191415;191420;Авто Плюс;7;Х/ф;Автомобили 201 с.;[16+]
191420;191430;Авто Плюс;7;Х/ф;ПриветТачка 102 с.;[16+]
191430;191445;Авто Плюс;7;Х/ф;Два колеса 102 с.;[16+]
191445;191505;Авто Плюс;7;Х/ф;Наши тесты 1097 с.;[12+]
191505;191510;Авто Плюс;7;Х/ф;Новости с колес 43 с.;[12+]
191510;191520;Авто Плюс;7;Х/ф;ПриветТачка 90 с.;[16+]
191520;191525;Авто Плюс;7;Х/ф;Автомобили 246 с.;[16+]
191525;191540;Авто Плюс;7;Х/ф;Советы бывалых 80 с.;[16+]
191540;191545;Авто Плюс;7;Х/ф;Автомобили 147 с.;[12+]
191545;191555;Авто Плюс;7;Х/ф;Инженеры: Сухопутный пароход 2 с.;[16+]
191555;191605;Авто Плюс;7;Х/ф;Новости с колес 44 с.;[12+]
191605;191625;Авто Плюс;7;Х/ф;ПриветТачка 126 с.;[16+]
191625;191640;Авто Плюс;7;Х/ф;Советы бывалых 99 с.;[16+]
191640;191645;Авто Плюс;7;Х/ф;Автомобили 202 с.;[16+]
191645;191700;Авто Плюс;7;Х/ф;Два колеса 162 с.;[16+]
191700;191705;Авто Плюс;7;Х/ф;Новости с колес 45 с.;[12+]
191705;191720;Авто Плюс;7;Х/ф;Подержанные автомобили 583 с.;[12+]
191720;191725;Авто Плюс;7;Х/ф;Автомобили 251 с.;[16+]
191725;191805;Авто Плюс;7;Х/ф;Конструктор №1. История ОКБ Туполева 3 с.;[16+]
191805;191810;Авто Плюс;7;Х/ф;Новости с колес 46 с.;[12+]
191810;191825;Авто Плюс;7;Х/ф;Советы бывалых 78 с.;[16+]
191825;191830;Авто Плюс;7;Х/ф;Автомобили 136 с.;[12+]
191830;191845;Авто Плюс;7;Х/ф;Два колеса 145 с.;[16+]
191845;191900;Авто Плюс;7;Х/ф;Подержанные автомобили 450 с.;[12+]
191900;191905;Авто Плюс;7;Х/ф;Новости с колес 47 с.;[12+]
191905;191910;Авто Плюс;7;Х/ф;Автомобили 246 с.;[16+]
191910;191925;Авто Плюс;7;Х/ф;Подержанные автомобили 437 с.;[12+]
191925;191940;Авто Плюс;7;Х/ф;Подержанные автомобили 585 с.;[12+]
191940;191945;Авто Плюс;7;Х/ф;Автомобили 146 с.;[12+]
191945;192000;Авто Плюс;7;Х/ф;Подержанные автомобили 438 с.;[12+]
192000;192005;Авто Плюс;7;Х/ф;Новости с колес 48 с.;[12+]
192005;192015;Авто Плюс;7;Х/ф;Два колеса 106 с.;[16+]
192015;192020;Авто Плюс;7;Х/ф;Автомобили 202 с.;[16+]
192020;192035;Авто Плюс;7;Х/ф;Своими глазами 950 с.;[16+]
192035;192050;Авто Плюс;7;Х/ф;Машины прошлого 188 с.;[16+]
192050;192055;Авто Плюс;7;Х/ф;Автомобили 202 с.;[16+]
192055;192100;Авто Плюс;7;Х/ф;Новости с колес 49 с.;[12+]
192100;192155;Авто Плюс;7;Х/ф;Уникальная перевозка: путь самолётов;[16+]
192155;192200;Авто Плюс;7;Х/ф;Новости с колес 50 с.;[12+]
192200;192255;Авто Плюс;7;Х/ф;Подкаст 3 с.;[16+]
192255;192300;Авто Плюс;7;Х/ф;Новости с колес 51 с.;[12+]
192300;192315;Авто Плюс;7;Х/ф;Наши тесты 1163 с.;[16+]
192315;192325;Авто Плюс;7;Х/ф;ПриветТачка 28 с.;[16+]
192325;192330;Авто Плюс;7;Х/ф;ТехноГид 17 с.;[16+]
192330;192335;Авто Плюс;7;Х/ф;Автомобили 134 с.;[12+]
192335;192350;Авто Плюс;7;Х/ф;Подержанные автомобили 515 с.;[12+]
192350;192355;Авто Плюс;7;Х/ф;Автомобили 139 с.;[12+]
192355;200000;Авто Плюс;7;Х/ф;Своими глазами 934 с.;[16+]
200000;200005;Авто Плюс;7;Х/ф;Новости с колес 52 с.;[12+]
200005;200025;Авто Плюс;7;Х/ф;Retro Legends Garage 7 с.;[16+]
200025;200045;Авто Плюс;7;Х/ф;Retro Legends Garage 8 с.;[16+]
200045;200100;Авто Плюс;7;Х/ф;Машины прошлого 177 с.;[16+]
200100;200105;Авто Плюс;7;Х/ф;Новости с колес 53 с.;[12+]
200105;200120;Авто Плюс;7;Х/ф;Два колеса 125 с.;[16+]
200120;200135;Авто Плюс;7;Х/ф;Своими глазами 950 с.;[16+]
200135;200155;Авто Плюс;7;Х/ф;Спецтехника с Иваном Зенкевичем 39 с.;[16+]
200155;200200;Авто Плюс;7;Х/ф;Новости с колес 54 с.;[12+]
200200;200215;Авто Плюс;7;Х/ф;Подержанные автомобили 427 с.;[12+]
200215;200230;Авто Плюс;7;Х/ф;Подержанные автомобили 438 с.;[12+]
200230;200245;Авто Плюс;7;Х/ф;Советы бывалых 78 с.;[16+]
200245;200300;Авто Плюс;7;Х/ф;Два колеса 138 с.;[16+]
200300;200305;Авто Плюс;7;Х/ф;Новости с колес 55 с.;[12+]
200305;200330;Авто Плюс;7;Х/ф;Подкаст 27 с.;[16+]
200330;200345;Авто Плюс;7;Х/ф;Подержанные автомобили 575 с.;[12+]
200345;200400;Авто Плюс;7;Х/ф;Инженеры: Сухопутный пароход 2 с.;[16+]
200400;200405;Авто Плюс;7;Х/ф;Новости с колес 56 с.;[12+]
200405;200455;Авто Плюс;7;Х/ф;Подкаст 3 с.;[16+]
200455;200500;Авто Плюс;7;Х/ф;Новости с колес 57 с.;[12+]
200500;200515;Авто Плюс;7;Х/ф;Наши тесты 1155 с.;[16+]
200515;200530;Авто Плюс;7;Х/ф;Советы бывалых 124 с.;[16+]
200530;200535;Авто Плюс;7;Х/ф;Автомобили 201 с.;[16+]
200535;200550;Авто Плюс;7;Х/ф;Подержанные автомобили 437 с.;[12+]
200550;200605;Авто Плюс;7;Х/ф;Подержанные автомобили 425 с.;[12+]
200605;200610;Авто Плюс;7;Х/ф;Новости с колес 58 с.;[12+]
200610;200650;Авто Плюс;7;Х/ф;Конструктор №1. История ОКБ Туполева 4 с.;[16+]
200650;200655;Авто Плюс;7;Х/ф;Новости с колес 59 с.;[12+]
200655;200705;Авто Плюс;7;Х/ф;Наши тесты 1071 с.;[12+]
200705;200730;Авто Плюс;7;Х/ф;Выбор есть! 98 с.;[16+]
200730;200735;Авто Плюс;7;Х/ф;Автомобили 251 с.;[16+]
200735;200750;Авто Плюс;7;Х/ф;Подержанные автомобили 569 с.;[12+]
200750;200755;Авто Плюс;7;Х/ф;Новости с колес 60 с.;[12+]
200755;200810;Авто Плюс;7;Х/ф;Подержанные автомобили 465 с.;[12+]
200810;200815;Авто Плюс;7;Х/ф;ТехноГид 17 с.;[16+]
200815;200820;Авто Плюс;7;Х/ф;Автомобили 201 с.;[16+]
200820;200835;Авто Плюс;7;Х/ф;Наши тесты 1135 с.;[12+]
200835;200850;Авто Плюс;7;Х/ф;Два колеса 113 с.;[16+]
200850;200855;Авто Плюс;7;Х/ф;Автомобили 251 с.;[16+]
200855;200900;Авто Плюс;7;Х/ф;Новости с колес 61 с.;[12+]
200900;200910;Авто Плюс;7;Х/ф;Подержанные автомобили 489 с.;[12+]
200910;200915;Авто Плюс;7;Х/ф;Автомобили 201 с.;[16+]
200915;200930;Авто Плюс;7;Х/ф;Подержанные автомобили 592 с.;[12+]
200930;200935;Авто Плюс;7;Х/ф;Автомобили 249 с.;[16+]
200935;200950;Авто Плюс;7;Х/ф;Подержанные автомобили 302 с.;[12+]
200950;201005;Авто Плюс;7;Х/ф;Подержанные автомобили 403 с.;[12+]
201005;201010;Авто Плюс;7;Х/ф;Новости с колес 62 с.;[12+]
201010;201025;Авто Плюс;7;Х/ф;Подержанные автомобили 505 с.;[12+]
201025;201030;Авто Плюс;7;Х/ф;Автомобили 201 с.;[16+]
201030;201050;Авто Плюс;7;Х/ф;"Пилоты "КАМАЗ-мастер" 1 с.;[16+]
201050;201105;Авто Плюс;7;Х/ф;Везучие люди 3 с.;[16+]
201105;201110;Авто Плюс;7;Х/ф;Новости с колес 63 с.;[12+]
201110;201125;Авто Плюс;7;Х/ф;Два колеса 122 с.;[16+]
201125;201130;Авто Плюс;7;Х/ф;Автомобили 251 с.;[16+]
201130;201145;Авто Плюс;7;Х/ф;Наши тесты 1231 с.;[16+]
201145;201200;Авто Плюс;7;Х/ф;Машины прошлого 188 с.;[16+]
201200;201205;Авто Плюс;7;Х/ф;Автомобили 202 с.;[16+]
201205;201210;Авто Плюс;7;Х/ф;Новости с колес 64 с.;[12+]
201210;201220;Авто Плюс;7;Х/ф;Гаражные записки 46 с.;[12+]
201220;201315;Авто Плюс;7;Х/ф;Уникальная перевозка: путь самолётов 2 с.;[16+]
201315;201320;Авто Плюс;7;Х/ф;Новости с колес 65 с.;[12+]
201320;201335;Авто Плюс;7;Х/ф;Машины прошлого 164 с.;[16+]
201335;201350;Авто Плюс;7;Х/ф;Подержанные автомобили 548 с.;[12+]
201350;201355;Авто Плюс;7;Х/ф;Автомобили 202 с.;[16+]
201355;201410;Авто Плюс;7;Х/ф;Подержанные автомобили 507 с.;[12+]
201410;201415;Авто Плюс;7;Х/ф;Новости с колес 66 с.;[12+]
201415;201440;Авто Плюс;7;Х/ф;СМП РСКГ-2026. "Игора Драйв" 5 с.;[16+]
201440;201445;Авто Плюс;7;Х/ф;Автомобили 249 с.;[16+]
201445;201500;Авто Плюс;7;Х/ф;Советы бывалых 99 с.;[16+]
201500;201505;Авто Плюс;7;Х/ф;Новости с колес 67 с.;[12+]
201505;201510;Авто Плюс;7;Х/ф;Автомобили 202 с.;[16+]
201510;201525;Авто Плюс;7;Х/ф;Подержанные автомобили 457 с.;[12+]
201525;201605;Авто Плюс;7;Х/ф;Конструктор №1. История ОКБ Туполева 5 с.;[16+]
201605;201610;Авто Плюс;7;Х/ф;Новости с колес 68 с.;[12+]
201610;201625;Авто Плюс;7;Х/ф;Подержанные автомобили 452 с.;[12+]
201625;201630;Авто Плюс;7;Х/ф;Автомобили 202 с.;[16+]
201630;201640;Авто Плюс;7;Х/ф;Своими глазами 850 с.;[16+]
201640;201645;Авто Плюс;7;Х/ф;Автомобили 246 с.;[16+]
201645;201700;Авто Плюс;7;Х/ф;Советы бывалых 80 с.;[16+]
201700;201705;Авто Плюс;7;Х/ф;Новости с колес 69 с.;[12+]
201705;201720;Авто Плюс;7;Х/ф;Советы бывалых 93 с.;[16+]
201720;201725;Авто Плюс;7;Х/ф;Автомобили 249 с.;[16+]
201725;201810;Авто Плюс;7;Х/ф;Автореанимация 3 с.;[16+]
201810;201815;Авто Плюс;7;Х/ф;Новости с колес 70 с.;[12+]
201815;201830;Авто Плюс;7;Х/ф;Два колеса 160 с.;[16+]
201830;201855;Авто Плюс;7;Х/ф;ПриветТачка 128 с.;[16+]
201855;201900;Авто Плюс;7;Х/ф;Новости с колес 71 с.;[12+]
201900;201905;Авто Плюс;7;Х/ф;Автомобили 202 с.;[16+]
201905;201915;Авто Плюс;7;Х/ф;Машины прошлого 71 с.;[16+]
201915;201920;Авто Плюс;7;Х/ф;Автомобили 202 с.;[16+]
201920;201940;Авто Плюс;7;Х/ф;ПриветТачка 82 с.;[16+]
201940;201955;Авто Плюс;7;Х/ф;Подержанные автомобили 412 с.;[12+]
201955;202000;Авто Плюс;7;Х/ф;Новости с колес 72 с.;[12+]
202000;202015;Авто Плюс;7;Х/ф;Наши тесты 1114 с.;[12+]
202015;202020;Авто Плюс;7;Х/ф;Автомобили 249 с.;[16+]
202020;202045;Авто Плюс;7;Х/ф;Выбор есть! 97 с.;[16+]
202045;202100;Авто Плюс;7;Х/ф;Подержанные автомобили 414 с.;[12+]
202100;202105;Авто Плюс;7;Х/ф;Автомобили 201 с.;[16+]
202105;202110;Авто Плюс;7;Х/ф;Новости с колес 73 с.;[12+]
202110;202155;Авто Плюс;7;Х/ф;Техногеника 2 с.;[16+]
202155;202200;Авто Плюс;7;Х/ф;Автомобили 249 с.;[16+]
202200;202205;Авто Плюс;7;Х/ф;Новости с колес 74 с.;[12+]
202205;202220;Авто Плюс;7;Х/ф;Два колеса 117 с.;[16+]
202220;202235;Авто Плюс;7;Х/ф;Подержанные автомобили 550 с.;[12+]
202235;202240;Авто Плюс;7;Х/ф;Автомобили 144 с.;[12+]
202240;202255;Авто Плюс;7;Х/ф;Подержанные автомобили 451 с.;[12+]
202255;202305;Авто Плюс;7;Х/ф;Машины прошлого 167 с.;[16+]
202305;202310;Авто Плюс;7;Х/ф;Автомобили 251 с.;[16+]
202310;202315;Авто Плюс;7;Х/ф;Новости с колес 75 с.;[12+]
202315;202340;Авто Плюс;7;Х/ф;Выбор есть!;[16+]
202340;202345;Авто Плюс;7;Х/ф;Автомобили 143 с.;[12+]
202345;202355;Авто Плюс;7;Х/ф;Гаражные записки 1 с.;[16+]
202355;210000;Авто Плюс;7;Х/ф;Автомобили 251 с.;[16+]
210000;210005;Авто Плюс;7;Х/ф;Новости с колес 76 с.;[12+]
210005;210015;Авто Плюс;7;Х/ф;Инженеры: Сухопутный пароход 2 с.;[16+]
210015;210030;Авто Плюс;7;Х/ф;Машины прошлого 188 с.;[16+]
210030;210045;Авто Плюс;7;Х/ф;Два колеса 102 с.;[16+]
210045;210050;Авто Плюс;7;Х/ф;Новости с колес 77 с.;[12+]
210050;210105;Авто Плюс;7;Х/ф;Два колеса 122 с.;[16+]
210105;210130;Авто Плюс;7;Х/ф;СМП РСКГ-2026. "Игора Драйв" 5 с.;[16+]
210130;210155;Авто Плюс;7;Х/ф;Выбор есть! 97 с.;[16+]
210155;210200;Авто Плюс;7;Х/ф;Новости с колес 78 с.;[12+]
210200;210210;Авто Плюс;7;Х/ф;Машины прошлого 185 с.;[16+]
210210;210215;Авто Плюс;7;Х/ф;Автомобили 201 с.;[16+]
210215;210230;Авто Плюс;7;Х/ф;Два колеса 160 с.;[16+]
210230;210245;Авто Плюс;7;Х/ф;Подержанные автомобили 412 с.;[12+]
210245;210255;Авто Плюс;7;Х/ф;ПриветТачка 35 с.;[16+]
210255;210300;Авто Плюс;7;Х/ф;Новости с колес 79 с.;[12+]
210300;210340;Авто Плюс;7;Х/ф;Конструктор №1. История ОКБ Туполева 6 с.;[16+]
210340;210355;Авто Плюс;7;Х/ф;Машины прошлого 113 с.;[16+]
210355;210400;Авто Плюс;7;Х/ф;Новости с колес 80 с.;[12+]
210400;210410;Авто Плюс;7;Х/ф;Два колеса 117 с.;[16+]
210410;210425;Авто Плюс;7;Х/ф;Подержанные автомобили 550 с.;[12+]
210425;210430;Авто Плюс;7;Х/ф;Автомобили 135 с.;[12+]
210430;210445;Авто Плюс;7;Х/ф;Подержанные автомобили 451 с.;[12+]
210445;210500;Авто Плюс;7;Х/ф;Подержанные автомобили 438 с.;[12+]
210500;210505;Авто Плюс;7;Х/ф;Новости с колес 81 с.;[12+]
210505;210520;Авто Плюс;7;Х/ф;Подержанные автомобили 592 с.;[12+]
210520;210530;Авто Плюс;7;Х/ф;Гаражные записки 46 с.;[12+]
210530;210540;Авто Плюс;7;Х/ф;Машины прошлого 167 с.;[16+]
210540;210555;Авто Плюс;7;Х/ф;Наши тесты 1097 с.;[12+]
210555;210600;Авто Плюс;7;Х/ф;Новости с колес 82 с.;[12+]
210600;210605;Авто Плюс;7;Х/ф;Автомобили 133 с.;[12+]
210605;210645;Авто Плюс;7;Х/ф;Автореанимация 3 с.;[16+]
210645;210700;Авто Плюс;7;Х/ф;Два колеса 145 с.;[16+]
210700;210705;Авто Плюс;7;Х/ф;Новости с колес 83 с.;[12+]
210705;210720;Авто Плюс;7;Х/ф;Наши тесты 1144 с.;[16+]
210720;210735;Авто Плюс;7;Х/ф;Машины прошлого 170 с.;[16+]
210735;210750;Авто Плюс;7;Х/ф;Подержанные автомобили 498 с.;[12+]
210750;210800;Авто Плюс;7;Х/ф;Маршрут Построен 12 с.;[12+]
210800;210805;Авто Плюс;7;Х/ф;Новости с колес 84 с.;[12+]
210805;210825;Авто Плюс;7;Х/ф;ПриветТачка 126 с.;[16+]
210825;210830;Авто Плюс;7;Х/ф;Автомобили 141 с.;[12+]
210830;210845;Авто Плюс;7;Х/ф;Советы бывалых 65 с.;[16+]
210845;210900;Авто Плюс;7;Х/ф;Машины прошлого 151 с.;[16+]
210900;210905;Авто Плюс;7;Х/ф;Новости с колес 85 с.;[12+]
210905;210920;Авто Плюс;7;Х/ф;Подержанные автомобили 542 с.;[12+]
210920;210935;Авто Плюс;7;Х/ф;ПриветТачка 12 с.;[16+]
210935;210940;Авто Плюс;7;Х/ф;Автомобили 133 с.;[12+]
210940;210955;Авто Плюс;7;Х/ф;ПриветТачка 12 с.;[16+]
210955;211000;Авто Плюс;7;Х/ф;Новости с колес 86 с.;[12+]
211000;211055;Авто Плюс;7;Х/ф;Уникальная перевозка: путь самолётов 3 с.;[16+]
211055;211100;Авто Плюс;7;Х/ф;Новости с колес 87 с.;[12+]
211100;211115;Авто Плюс;7;Х/ф;Два колеса 141 с.;[16+]
211115;211120;Авто Плюс;7;Х/ф;Автомобили 145 с.;[12+]
211120;211135;Авто Плюс;7;Х/ф;Машины прошлого 79 с.;[16+]
211135;211150;Авто Плюс;7;Х/ф;Советы бывалых 78 с.;[16+]
211150;211155;Авто Плюс;7;Х/ф;Автомобили 134 с.;[12+]
211155;211210;Авто Плюс;7;Х/ф;Подержанные автомобили 414 с.;[12+]
211210;211215;Авто Плюс;7;Х/ф;Новости с колес 88 с.;[12+]
211215;211220;Авто Плюс;7;Х/ф;Автомобили 145 с.;[12+]
211220;211300;Авто Плюс;7;Х/ф;Техногеника 2 с.;[16+]
211300;211310;Авто Плюс;7;Х/ф;Новости с колес 89 с.;[12+]
211310;211325;Авто Плюс;7;Х/ф;Советы бывалых 73 с.;[16+]
211325;211340;Авто Плюс;7;Х/ф;Наши тесты 1160 с.;[16+]
211340;211355;Авто Плюс;7;Х/ф;Два колеса 106 с.;[16+]
211355;211400;Авто Плюс;7;Х/ф;Новости с колес 90 с.;[12+]
211400;211415;Авто Плюс;7;Х/ф;Спецтехника с Иваном Зенкевичем 32 с.;[16+]
211415;211420;Авто Плюс;7;Х/ф;Автомобили 202 с.;[16+]
211420;211430;Авто Плюс;7;Х/ф;ПриветТачка 102 с.;[16+]
211430;211445;Авто Плюс;7;Х/ф;Подержанные автомобили 452 с.;[12+]
211445;211450;Авто Плюс;7;Х/ф;Автомобили 202 с.;[16+]
211450;211505;Авто Плюс;7;Х/ф;Советы бывалых 80 с.;[16+]
211505;211510;Авто Плюс;7;Х/ф;Новости с колес 91 с.;[12+]
211510;211525;Авто Плюс;7;Х/ф;Наши тесты 1046 с.;[12+]
211525;211530;Авто Плюс;7;Х/ф;Автомобили 136 с.;[12+]
211530;211610;Авто Плюс;7;Х/ф;Автореанимация 3 с.;[16+]
211610;211615;Авто Плюс;7;Х/ф;Новости с колес 92 с.;[12+]
211615;211630;Авто Плюс;7;Х/ф;Два колеса 125 с.;[16+]
211630;211635;Авто Плюс;7;Х/ф;Автомобили 246 с.;[16+]
211635;211650;Авто Плюс;7;Х/ф;Подержанные автомобили 434 с.;[12+]
211650;211705;Авто Плюс;7;Х/ф;Подержанные автомобили 457 с.;[12+]
211705;211710;Авто Плюс;7;Х/ф;Новости с колес 93 с.;[12+]
211710;211725;Авто Плюс;7;Х/ф;Наши тесты 1231 с.;[16+]
211725;211730;Авто Плюс;7;Х/ф;Автомобили 251 с.;[16+]
211730;211750;Авто Плюс;7;Х/ф;"Пилоты "КАМАЗ-мастер" 1 с.;[16+]
211750;211755;Авто Плюс;7;Х/ф;Новости с колес 94 с.;[12+]
211755;211800;Авто Плюс;7;Х/ф;Автомобили 128 с.;[12+]
211800;211805;Авто Плюс;7;Х/ф;ТехноГид 23 с.;[16+]
211805;211810;Авто Плюс;7;Х/ф;Автомобили 137 с.;[12+]
211810;211835;Авто Плюс;7;Х/ф;Выбор есть! 109 с.;[16+]
211835;211850;Авто Плюс;7;Х/ф;Подержанные автомобили 463 с.;[12+]
211850;211855;Авто Плюс;7;Х/ф;Автомобили 147 с.;[12+]
211855;211910;Авто Плюс;7;Х/ф;Подержанные автомобили 461 с.;[12+]
211910;211915;Авто Плюс;7;Х/ф;Новости с колес 95 с.;[12+]
211915;211930;Авто Плюс;7;Х/ф;Машины прошлого 142 с.;[16+]
211930;211945;Авто Плюс;7;Х/ф;Наши тесты 1205 с.;[12+]
211945;211950;Авто Плюс;7;Х/ф;Автомобили 137 с.;[12+]
211950;212005;Авто Плюс;7;Х/ф;Два колеса 115 с.;[16+]
212005;212010;Авто Плюс;7;Х/ф;Новости с колес 96 с.;[12+]
212010;212025;Авто Плюс;7;Х/ф;Машины прошлого 108 с.;[16+]
212025;212045;Авто Плюс;7;Х/ф;Подержанные автомобили 484 с.;[12+]
212045;212055;Авто Плюс;7;Х/ф;Подержанные автомобили 557 с.;[12+]
212055;212100;Авто Плюс;7;Х/ф;Новости с колес 97 с.;[12+]
212100;212130;Авто Плюс;7;Х/ф;Retro Legends Garage 9 с.;[16+]
212130;212135;Авто Плюс;7;Х/ф;Автомобили 201 с.;[16+]
212135;212150;Авто Плюс;7;Х/ф;Тюнинг по-русски 17 с.;[16+]
212150;212155;Авто Плюс;7;Х/ф;Новости с колес 98 с.;[12+]
212155;212200;Авто Плюс;7;Х/ф;Автомобили 201 с.;[16+]
212200;212215;Авто Плюс;7;Х/ф;Наши тесты 1230 с.;[16+]
212215;212230;Авто Плюс;7;Х/ф;Машины прошлого 77 с.;[16+]
212230;212235;Авто Плюс;7;Х/ф;Автомобили 131 с.;[12+]
212235;212250;Авто Плюс;7;Х/ф;Подержанные автомобили 579 с.;[12+]
212250;212255;Авто Плюс;7;Х/ф;Новости с колес 99 с.;[12+]
212255;212345;Авто Плюс;7;Х/ф;Люди и лодки: Выставка катеров и яхт в Самаре-2026 2 с.;[16+]
212345;212350;Авто Плюс;7;Х/ф;Автомобили 145 с.;[12+]
212350;212355;Авто Плюс;7;Х/ф;Новости с колес 100 с.;[12+]
212355;220000;Авто Плюс;7;Х/ф;Автомобили 131 с.;[12+]
220000;220035;Авто Плюс;7;Х/ф;Конструктор №1. История ОКБ Туполева 7 с.;[16+]
220035;220040;Авто Плюс;7;Х/ф;Автомобили 145 с.;[12+]
220040;220050;Авто Плюс;7;Х/ф;Машины прошлого 84 с.;[16+]
220050;220055;Авто Плюс;7;Х/ф;Новости с колес 101 с.;[12+]
220055;220110;Авто Плюс;7;Х/ф;Наши тесты 1097 с.;[12+]
220110;220125;Авто Плюс;7;Х/ф;Подержанные автомобили 507 с.;[12+]
220125;220135;Авто Плюс;7;Х/ф;Своими глазами 943 с.;[16+]
220135;220150;Авто Плюс;7;Х/ф;Советы бывалых 78 с.;[16+]
220150;220205;Авто Плюс;7;Х/ф;Подержанные автомобили 484 с.;[12+]
220205;220210;Авто Плюс;7;Х/ф;Новости с колес 102 с.;[12+]
220210;220225;Авто Плюс;7;Х/ф;Подержанные автомобили 414 с.;[12+]
220225;220240;Авто Плюс;7;Х/ф;Подержанные автомобили 463 с.;[12+]
220240;220255;Авто Плюс;7;Х/ф;Два колеса 145 с.;[16+]
220255;220300;Авто Плюс;7;Х/ф;Новости с колес 103 с.;[12+]
220300;220315;Авто Плюс;7;Х/ф;Два колеса 115 с.;[16+]
220315;220400;Авто Плюс;7;Х/ф;Автореанимация 3 с.;[16+]
220400;220405;Авто Плюс;7;Х/ф;Новости с колес 104 с.;[12+]
220405;220420;Авто Плюс;7;Х/ф;Наши тесты 1230 с.;[16+]
220420;220435;Авто Плюс;7;Х/ф;Наши тесты 1160 с.;[16+]
220435;220450;Авто Плюс;7;Х/ф;Машины прошлого 77 с.;[16+]
220450;220505;Авто Плюс;7;Х/ф;Подержанные автомобили 579 с.;[12+]
220505;220510;Авто Плюс;7;Х/ф;Новости с колес 105 с.;[12+]
220510;220525;Авто Плюс;7;Х/ф;Подержанные автомобили 412 с.;[12+]
220525;220540;Авто Плюс;7;Х/ф;Машины прошлого 129 с.;[16+]
220540;220555;Авто Плюс;7;Х/ф;Наши тесты 1114 с.;[12+]
220555;220600;Авто Плюс;7;Х/ф;Новости с колес 106 с.;[12+]
220600;220625;Авто Плюс;7;Х/ф;Подкаст 21 с.;[16+]
220625;220630;Авто Плюс;7;Х/ф;Автомобили 130 с.;[12+]
220630;220645;Авто Плюс;7;Х/ф;"Пилоты "КАМАЗ-мастер" 1 с.;[16+]
220645;220700;Авто Плюс;7;Х/ф;Везучие люди 4 с.;[16+]
220700;220705;Авто Плюс;7;Х/ф;Новости с колес 107 с.;[12+]
220705;220725;Авто Плюс;7;Х/ф;ПриветТачка 126 с.;[16+]
220725;220740;Авто Плюс;7;Х/ф;Подержанные автомобили 555 с.;[12+]
220740;220755;Авто Плюс;7;Х/ф;Два колеса 153 с.;[16+]
220755;220800;Авто Плюс;7;Х/ф;Новости с колес 108 с.;[12+]
220800;220815;Авто Плюс;7;Х/ф;Наши тесты 1181 с.;[12+]
220815;220820;Авто Плюс;7;Х/ф;Автомобили 140 с.;[12+]
220820;220835;Авто Плюс;7;Х/ф;Советы бывалых 111 с.;[16+]
220835;220850;Авто Плюс;7;Х/ф;Подержанные автомобили 512 с.;[12+]
220850;220855;Авто Плюс;7;Х/ф;Автомобили 134 с.;[12+]
220855;220900;Авто Плюс;7;Х/ф;Новости с колес 109 с.;[12+]
220900;220920;Авто Плюс;7;Х/ф;СМП РСКГ-2026. "Игора Драйв" 6 с.;[16+]
220920;220925;Авто Плюс;7;Х/ф;Автомобили 129 с.;[12+]
220925;220935;Авто Плюс;7;Х/ф;ПриветТачка 35 с.;[16+]
220935;220940;Авто Плюс;7;Х/ф;Автомобили 144 с.;[12+]
220940;220950;Авто Плюс;7;Х/ф;Машины прошлого 131 с.;[16+]
220950;220955;Авто Плюс;7;Х/ф;Автомобили 134 с.;[12+]
220955;221000;Авто Плюс;7;Х/ф;Новости с колес 110 с.;[12+]
221000;221045;Авто Плюс;7;Х/ф;Техногеника 2 с.;[16+]
221045;221055;Авто Плюс;7;Х/ф;Новости с колес 111 с.;[12+]
221055;221110;Авто Плюс;7;Х/ф;Два колеса 160 с.;[16+]
221110;221125;Авто Плюс;7;Х/ф;Наши тесты 1230 с.;[16+]
221125;221130;Авто Плюс;7;Х/ф;Автомобили 141 с.;[12+]
221130;221145;Авто Плюс;7;Х/ф;Советы бывалых 127 с.;[16+]
221145;221200;Авто Плюс;7;Х/ф;Подержанные автомобили 557 с.;[12+]
221200;221205;Авто Плюс;7;Х/ф;Автомобили 139 с.;[12+]
221205;221210;Авто Плюс;7;Х/ф;Новости с колес 112 с.;[12+]
221210;221240;Авто Плюс;7;Х/ф;Retro Legends Garage 9 с.;[16+]
221240;221245;Авто Плюс;7;Х/ф;Автомобили 139 с.;[12+]
221245;221300;Авто Плюс;7;Х/ф;ПриветТачка 16 с.;[16+]
221300;221305;Авто Плюс;7;Х/ф;Новости с колес 113 с.;[12+]
221305;221320;Авто Плюс;7;Х/ф;Подержанные автомобили 592 с.;[12+]
221320;221325;Авто Плюс;7;Х/ф;Автомобили 129 с.;[12+]
221325;221335;Авто Плюс;7;Х/ф;Наши тесты 1064 с.;[12+]
221335;221340;Авто Плюс;7;Х/ф;Автомобили 142 с.;[12+]
221340;221400;Авто Плюс;7;Х/ф;ПриветТачка 21 с.;[16+]
221400;221405;Авто Плюс;7;Х/ф;Новости с колес 114 с.;[12+]
221405;221420;Авто Плюс;7;Х/ф;Подержанные автомобили 457 с.;[12+]
221420;221425;Авто Плюс;7;Х/ф;Автомобили 202 с.;[16+]
221425;221440;Авто Плюс;7;Х/ф;Машины прошлого 177 с.;[16+]
221440;221445;Авто Плюс;7;Х/ф;Автомобили 202 с.;[16+]
221445;221500;Авто Плюс;7;Х/ф;Два колеса 125 с.;[16+]
221500;221505;Авто Плюс;7;Х/ф;Новости с колес 115 с.;[12+]
221505;221515;Авто Плюс;7;Х/ф;Советы бывалых 73 с.;[16+]
221515;221520;Авто Плюс;7;Х/ф;Автомобили 141 с.;[12+]
221520;221540;Авто Плюс;7;Х/ф;"Пилоты "КАМАЗ-мастер" 1 с.;[16+]
221540;221550;Авто Плюс;7;Х/ф;ПриветТачка 102 с.;[16+]
221550;221605;Авто Плюс;7;Х/ф;Везучие люди 5 с.;[16+]
221605;221610;Авто Плюс;7;Х/ф;Новости с колес 116 с.;[12+]
221610;221625;Авто Плюс;7;Х/ф;Два колеса 122 с.;[16+]
221625;221640;Авто Плюс;7;Х/ф;Наши тесты 1231 с.;[16+]
221640;221645;Авто Плюс;7;Х/ф;Автомобили 246 с.;[16+]
221645;221655;Авто Плюс;7;Х/ф;Гаражные записки 46 с.;[12+]
221655;221700;Авто Плюс;7;Х/ф;Новости с колес;[12+]
221700;221755;Авто Плюс;7;Х/ф;Уникальная перевозка: путь самолётов 4 с.;[16+]
221755;221800;Авто Плюс;7;Х/ф;Автомобили 251 с.;[16+]
221800;221820;Авто Плюс;7;Х/ф;Новости недели 7 с.;[12+]
221820;221845;Авто Плюс;7;Х/ф;Подкаст 26 с.;[16+]
221845;221850;Авто Плюс;7;Х/ф;Автомобили 135 с.;[12+]
221850;221900;Авто Плюс;7;Х/ф;ТехноГид 23 с.;[16+]
221900;221915;Авто Плюс;7;Х/ф;Наши тесты 1190 с.;[12+]
221915;221925;Авто Плюс;7;Х/ф;Гаражные записки 21 с.;[16+]
221925;221930;Авто Плюс;7;Х/ф;Автомобили 139 с.;[12+]
221930;221945;Авто Плюс;7;Х/ф;Советы бывалых 72 с.;[16+]
221945;222000;Авто Плюс;7;Х/ф;Подержанные автомобили 539 с.;[12+]
222000;222020;Авто Плюс;7;Х/ф;Новости недели 8 с.;[12+]
222020;222025;Авто Плюс;7;Х/ф;Автомобили 249 с.;[16+]
222025;222035;Авто Плюс;7;Х/ф;ПриветТачка 24 с.;[16+]
222035;222050;Авто Плюс;7;Х/ф;Два колеса 150 с.;[16+]
222050;222055;Авто Плюс;7;Х/ф;Автомобили 201 с.;[16+]
222055;222110;Авто Плюс;7;Х/ф;Машины прошлого 111 с.;[16+]
222110;222115;Авто Плюс;7;Х/ф;Автомобили 201 с.;[16+]
222115;222140;Авто Плюс;7;Х/ф;Выбор есть! 110 с.;[16+]
222140;222155;Авто Плюс;7;Х/ф;Инженеры: Волшебная лампа Лодыгина 3 с.;[16+]
222155;222200;Авто Плюс;7;Х/ф;Автомобили 201 с.;[16+]
222200;222220;Авто Плюс;7;Х/ф;Новости недели 9 с.;[12+]
222220;222240;Авто Плюс;7;Х/ф;ПриветТачка 75 с.;[16+]
222240;222255;Авто Плюс;7;Х/ф;ПриветТачка 85 с.;[16+]
222255;222325;Авто Плюс;7;Х/ф;Выбор есть! 73 с.;[16+]
222325;222335;Авто Плюс;7;Х/ф;Гаражные записки 3 с.;[16+]
222335;222340;Авто Плюс;7;Х/ф;Автомобили 130 с.;[12+]
222340;230000;Авто Плюс;7;Х/ф;Машины прошлого 67 с.;[16+]
230000;230020;Авто Плюс;7;Х/ф;Новости недели 10 с.;[12+]
230020;230100;Авто Плюс;7;Х/ф;Автореанимация 3 с.;[16+]
230100;230110;Авто Плюс;7;Х/ф;Гаражные записки 46 с.;[12+]
230110;230125;Авто Плюс;7;Х/ф;Наши тесты 1230 с.;[16+]
230125;230130;Авто Плюс;7;Х/ф;Автомобили 131 с.;[12+]
230130;230145;Авто Плюс;7;Х/ф;Машины прошлого 111 с.;[16+]
230145;230200;Авто Плюс;7;Х/ф;Подержанные автомобили 557 с.;[12+]
230200;230220;Авто Плюс;7;Х/ф;Новости недели 11 с.;[12+]
230220;230225;Авто Плюс;7;Х/ф;Автомобили 201 с.;[16+]
230225;230245;Авто Плюс;7;Х/ф;ПриветТачка 128 с.;[16+]
230245;230300;Авто Плюс;7;Х/ф;Наши тесты 1190 с.;[12+]
230300;230315;Авто Плюс;7;Х/ф;Подержанные автомобили 539 с.;[12+]
230315;230335;Авто Плюс;7;Х/ф;"Пилоты "КАМАЗ-мастер" 1 с.;[16+]
230335;230340;Авто Плюс;7;Х/ф;Автомобили 202 с.;[16+]
230340;230350;Авто Плюс;7;Х/ф;Везучие люди;[16+]
230350;230410;Авто Плюс;7;Х/ф;Новости недели 12 с.;[12+]
230410;230415;Авто Плюс;7;Х/ф;Автомобили 130 с.;[12+]
230415;230430;Авто Плюс;7;Х/ф;ПриветТачка 75 с.;[16+]
230430;230445;Авто Плюс;7;Х/ф;ПриветТачка 85 с.;[16+]
230445;230500;Авто Плюс;7;Х/ф;Подержанные автомобили 445 с.;[12+]
230500;230515;Авто Плюс;7;Х/ф;Наши тесты 1205 с.;[12+]
230515;230520;Авто Плюс;7;Х/ф;Автомобили 130 с.;[12+]
230520;230540;Авто Плюс;7;Х/ф;ПриветТачка 21 с.;[16+]
230540;230555;Авто Плюс;7;Х/ф;Retro Legends Garage 18 с.;[16+]
230555;230615;Авто Плюс;7;Х/ф;Новости недели 13 с.;[12+]
230615;230620;Авто Плюс;7;Х/ф;Автомобили 144 с.;[12+]
230620;230710;Авто Плюс;7;Х/ф;Уникальная перевозка: путь самолётов 5 с.;[16+]
230710;230725;Авто Плюс;7;Х/ф;Подержанные автомобили 427 с.;[12+]
230725;230740;Авто Плюс;7;Х/ф;Наши тесты 1230 с.;[16+]
230740;230745;Авто Плюс;7;Х/ф;Автомобили 138 с.;[12+]
230745;230810;Авто Плюс;7;Х/ф;Подкаст 21 с.;[16+]
230810;230815;Авто Плюс;7;Х/ф;Автомобили 143 с.;[12+]
230815;230835;Авто Плюс;7;Х/ф;Новости недели 14 с.;[12+]
230835;230850;Авто Плюс;7;Х/ф;Советы бывалых 61 с.;[16+]
230850;230855;Авто Плюс;7;Х/ф;Автомобили 129 с.;[12+]
230855;230910;Авто Плюс;7;Х/ф;Подержанные автомобили 413 с.;[12+]
230910;230915;Авто Плюс;7;Х/ф;Автомобили 137 с.;[12+]
230915;230920;Авто Плюс;7;Х/ф;ПриветТачка 102 с.;[16+]
230920;230925;Авто Плюс;7;Х/ф;Автомобили 147 с.;[12+]
230925;230940;Авто Плюс;7;Х/ф;Машины прошлого 129 с.;[16+]
230940;230955;Авто Плюс;7;Х/ф;Советы бывалых 73 с.;[16+]
230955;231000;Авто Плюс;7;Х/ф;Автомобили 136 с.;[12+]
231000;231025;Авто Плюс;7;Х/ф;Новости недели 15 с.;[12+]
231025;231055;Авто Плюс;7;Х/ф;Retro Legends Garage 9 с.;[16+]
231055;231120;Авто Плюс;7;Х/ф;Выбор есть! 97 с.;[16+]
231120;231125;Авто Плюс;7;Х/ф;Автомобили 142 с.;[12+]
231125;231140;Авто Плюс;7;Х/ф;Два колеса 150 с.;[16+]
231140;231155;Авто Плюс;7;Х/ф;Подержанные автомобили 463 с.;[12+]
231155;231200;Авто Плюс;7;Х/ф;Автомобили 145 с.;[12+]
231200;231220;Авто Плюс;7;Х/ф;Новости недели 16 с.;[12+]
231220;231235;Авто Плюс;7;Х/ф;Наши тесты 1230 с.;[16+]
231235;231240;Авто Плюс;7;Х/ф;Автомобили 129 с.;[12+]
231240;231250;Авто Плюс;7;Х/ф;Инженеры: Волшебная лампа Лодыгина 3 с.;[16+]
231250;231255;Авто Плюс;7;Х/ф;Автомобили 136 с.;[12+]
231255;231320;Авто Плюс;7;Х/ф;СМП РСКГ-2026. "Игора Драйв" 6 с.;[16+]
231320;231335;Авто Плюс;7;Х/ф;Спецтехника с Иваном Зенкевичем 32 с.;[16+]
231335;231340;Авто Плюс;7;Х/ф;Автомобили 139 с.;[12+]
231340;231355;Авто Плюс;7;Х/ф;Наши тесты 1231 с.;[16+]
231355;231415;Авто Плюс;7;Х/ф;Новости недели 17 с.;[12+]
231415;231420;Авто Плюс;7;Х/ф;Автомобили 202 с.;[16+]
231420;231435;Авто Плюс;7;Х/ф;Два колеса 145 с.;[16+]
231435;231440;Авто Плюс;7;Х/ф;Автомобили 202 с.;[16+]
231440;231455;Авто Плюс;7;Х/ф;Два колеса 122 с.;[16+]
231455;231510;Авто Плюс;7;Х/ф;Машины прошлого 188 с.;[16+]
231510;231515;Авто Плюс;7;Х/ф;Автомобили 134 с.;[12+]
231515;231605;Авто Плюс;7;Х/ф;Уникальная перевозка: путь самолётов;[16+]
231605;231610;Авто Плюс;7;Х/ф;Автомобили 246 с.;[16+]
231610;231630;Авто Плюс;7;Х/ф;Новости недели 18 с.;[12+]
231630;231635;Авто Плюс;7;Х/ф;Автомобили 202 с.;[16+]
231635;231645;Авто Плюс;7;Х/ф;Машины прошлого 177 с.;[16+]
231645;231650;Авто Плюс;7;Х/ф;Автомобили 202 с.;[16+]
231650;231705;Авто Плюс;7;Х/ф;Советы бывалых 78 с.;[16+]
231705;231710;Авто Плюс;7;Х/ф;Автомобили 251 с.;[16+]
231710;231725;Авто Плюс;7;Х/ф;Подержанные автомобили 592 с.;[12+]
231725;231810;Авто Плюс;7;Х/ф;Техногеника 2 с.;[16+]
231810;231815;Авто Плюс;7;Х/ф;Автомобили 137 с.;[12+]
231815;231825;Авто Плюс;7;Х/ф;Машины прошлого 138 с.;[16+]
231825;231830;Авто Плюс;7;Х/ф;Автомобили 129 с.;[12+]
231830;231845;Авто Плюс;7;Х/ф;Подержанные автомобили 462 с.;[12+]
231845;231900;Авто Плюс;7;Х/ф;Подержанные автомобили 532 с.;[12+]
231900;231905;Авто Плюс;7;Х/ф;Автомобили 128 с.;[12+]
231905;231925;Авто Плюс;7;Х/ф;Новости недели 19 с.;[12+]
231925;231930;Авто Плюс;7;Х/ф;Автомобили 146 с.;[12+]
231930;231940;Авто Плюс;7;Х/ф;Машины прошлого 182 с.;[16+]
231940;231945;Авто Плюс;7;Х/ф;Автомобили 136 с.;[12+]
231945;232000;Авто Плюс;7;Х/ф;Подержанные автомобили 551 с.;[12+]
232000;232015;Авто Плюс;7;Х/ф;ПриветТачка 103 с.;[16+]
232015;232030;Авто Плюс;7;Х/ф;Машины прошлого 186 с.;[16+]
232030;232035;Авто Плюс;7;Х/ф;Автомобили 249 с.;[16+]
232035;232050;Авто Плюс;7;Х/ф;Подержанные автомобили 563 с.;[12+]
232050;232110;Авто Плюс;7;Х/ф;Новости недели 20 с.;[12+]
232110;232115;Авто Плюс;7;Х/ф;Автомобили 201 с.;[16+]
232115;232155;Авто Плюс;7;Х/ф;Конструктор №1. История ОКБ Туполева;[16+]
232155;232200;Авто Плюс;7;Х/ф;Автомобили 201 с.;[16+]
232200;232215;Авто Плюс;7;Х/ф;Машины прошлого 118 с.;[16+]
232215;232230;Авто Плюс;7;Х/ф;Советы бывалых 82 с.;[16+]
232230;232235;Авто Плюс;7;Х/ф;Автомобили 136 с.;[12+]
232235;232250;Авто Плюс;7;Х/ф;Подержанные автомобили 581 с.;[12+]
232250;232310;Авто Плюс;7;Х/ф;Новости недели;[12+]
232310;232315;Авто Плюс;7;Х/ф;Автомобили 130 с.;[12+]
232315;232330;Авто Плюс;7;Х/ф;Советы бывалых 97 с.;[16+]
232330;232345;Авто Плюс;7;Х/ф;Подержанные автомобили 456 с.;[12+]
232345;232350;Авто Плюс;7;Х/ф;Автомобили 131 с.;[12+]
232350;232355;Авто Плюс;7;Х/ф;ТехноГид 23 с.;[16+]
232355;240000;Авто Плюс;7;Х/ф;Автомобили 135 с.;[12+]
