Start;Stop;Chanel;Num;Ctg;NameSer;Ratio
170445;170705;Киносвидание;38;Х/ф;Римские свидания;[16+]
170705;171015;Киносвидание;38;Х/ф;Граф Монте-Кристо;[18+]
171015;171220;Киносвидание;38;Х/ф;Сисси - молодая императрица;[16+]
171220;171430;Киносвидание;38;Х/ф;Сисси: Трудные годы императрицы;[16+]
171430;171625;Киносвидание;38;Х/ф;Начни сначала;[16+]
171625;171840;Киносвидание;38;Х/ф;Паутина страсти;[18+]
171840;172015;Киносвидание;38;Х/ф;Цена соблазна;[18+]
172015;172150;Киносвидание;38;Х/ф;Сестра жениха;[18+]
172150;172330;Киносвидание;38;Х/ф;Случайный муж;[18+]
172330;180105;Киносвидание;38;Х/ф;Пленница любви;[18+]
180105;180310;Киносвидание;38;Х/ф;Греческие каникулы;[18+]
180310;180515;Киносвидание;38;Х/ф;Анжелика, маркиза ангелов;[16+]
180515;180720;Киносвидание;38;Х/ф;Красавица и миллионер;[16+]
180720;180925;Киносвидание;38;Х/ф;9 1/2 недель;[18+]
180925;181120;Киносвидание;38;Х/ф;После;[18+]
181120;181315;Киносвидание;38;Х/ф;После. Глава 2;[18+]
181315;181520;Киносвидание;38;Х/ф;Теща в загуле;[18+]
181520;181730;Киносвидание;38;Х/ф;Материалистка;[18+]
181730;181920;Киносвидание;38;Х/ф;В гостях у Элис;[18+]
181920;182100;Киносвидание;38;Х/ф;Пленница любви;[18+]
182100;182330;Киносвидание;38;Х/ф;Сабрина;[16+]
182330;190105;Киносвидание;38;Х/ф;Заснеженная магия;[12+]
190105;190305;Киносвидание;38;Х/ф;Эйфель;[18+]
190305;190450;Киносвидание;38;Х/ф;128 ударов сердца в минуту;[18+]
190450;190700;Киносвидание;38;Х/ф;Рождественское меню;[12+]
190700;190850;Киносвидание;38;Х/ф;Начни сначала;[16+]
190850;191040;Киносвидание;38;Х/ф;Эммануэль;[18+]
191040;191355;Киносвидание;38;Х/ф;Граф Монте-Кристо;[18+]
191355;191545;Киносвидание;38;Х/ф;В гостях у Элис;[18+]
191545;191750;Киносвидание;38;Х/ф;Анжелика, маркиза ангелов;[16+]
191750;191930;Киносвидание;38;Х/ф;Случайный муж;[18+]
191930;192110;Киносвидание;38;Х/ф;Заснеженная магия;[12+]
192110;192330;Киносвидание;38;Х/ф;Сердцеедки;[18+]
192330;200230;Киносвидание;38;Х/ф;Александр;[18+]
200230;200445;Киносвидание;38;Х/ф;Неукротимая страсть;[18+]
200445;200700;Киносвидание;38;Х/ф;Сабрина;[16+]
200700;200840;Киносвидание;38;Х/ф;Женщины в бегах;[18+]
200840;201030;Киносвидание;38;Х/ф;Красавица и миллионер;[16+]
201030;201245;Киносвидание;38;Х/ф;Паутина страсти;[18+]
201245;201455;Киносвидание;38;Х/ф;Материалистка;[18+]
201455;201635;Киносвидание;38;Х/ф;Случайный муж;[18+]
201635;201815;Киносвидание;38;Х/ф;Пленница любви;[18+]
201815;202125;Киносвидание;38;Х/ф;Александр;[18+]
202125;202330;Киносвидание;38;Х/ф;Купи меня;[18+]
202330;210155;Киносвидание;38;Х/ф;Субстанция;[18+]
210155;210350;Киносвидание;38;Х/ф;Подарок;[18+]
210350;210545;Киносвидание;38;Х/ф;Начни сначала;[16+]
210545;210830;Киносвидание;38;Х/ф;Анжелика, маркиза ангелов;[16+]
210830;211030;Киносвидание;38;Х/ф;Теща в загуле;[18+]
211030;211245;Киносвидание;38;Х/ф;9 1/2 недель;[18+]
211245;211450;Киносвидание;38;Х/ф;Греческие каникулы;[18+]
211450;211635;Киносвидание;38;Х/ф;Красавица и миллионер;[16+]
211635;211900;Киносвидание;38;Х/ф;Сабрина;[16+]
211900;212120;Киносвидание;38;Х/ф;Сердцеедки;[18+]
212120;212330;Киносвидание;38;Х/ф;Побег;[18+]
212330;220125;Киносвидание;38;Х/ф;Холоп из Парижа;[16+]
220125;220325;Киносвидание;38;Х/ф;Сердцеед;[18+]
220325;220505;Киносвидание;38;Х/ф;Заснеженная магия;[12+]
220505;220710;Киносвидание;38;Х/ф;Рождественское меню;[12+]
220710;220900;Киносвидание;38;Х/ф;После;[18+]
220900;221055;Киносвидание;38;Х/ф;После. Глава 2;[18+]
221055;221240;Киносвидание;38;Х/ф;Эммануэль;[18+]
221240;221455;Киносвидание;38;Х/ф;Паутина страсти;[18+]
221455;221700;Киносвидание;38;Х/ф;Купи меня;[18+]
221700;222015;Киносвидание;38;Х/ф;Граф Монте-Кристо;[18+]
222015;222330;Киносвидание;38;Х/ф;Александр;[18+]
222330;230105;Киносвидание;38;Х/ф;Пленница любви;[18+]
230105;230340;Киносвидание;38;Х/ф;Субстанция;[18+]
230340;230600;Киносвидание;38;Х/ф;Сабрина;[16+]
230600;230735;Киносвидание;38;Х/ф;Принц из рая;[16+]
230735;230905;Киносвидание;38;Х/ф;Принц из рая-2. Королевское предложение;[18+]
230905;231050;Киносвидание;38;Х/ф;В гостях у Элис;[18+]
231050;231245;Киносвидание;38;Х/ф;Начни сначала;[16+]
231245;231430;Киносвидание;38;Х/ф;Красавица и миллионер;[16+]
231430;231640;Киносвидание;38;Х/ф;Теща в загуле;[18+]
231640;231855;Киносвидание;38;Х/ф;Сердцеедки;[18+]
231855;232120;Киносвидание;38;Х/ф;Сабрина;[16+]
232120;232330;Киносвидание;38;Х/ф;Холоп из Парижа;[16+]
232330;240105;Киносвидание;38;Х/ф;Заснеженная магия;[12+]
240105;240310;Киносвидание;38;Х/ф;Анжелика, маркиза ангелов;[16+]
240310;240445;Киносвидание;38;Х/ф;Случайный муж;[18+]
170445;170605;Родное кино;54;Х/ф;Теща;[16+]
170605;170815;Родное кино;54;Х/ф;Каникулы строгого режима;[16+]
170815;170930;Родное кино;54;Х/ф;Кащей Бессмертный;[6+]
170930;171110;Родное кино;54;Х/ф;Жили-были;[16+]
171110;171310;Родное кино;54;Х/ф;Классик;[16+]
171310;171455;Родное кино;54;Х/ф;Крокодил Данди;[16+]
171455;171555;Родное кино;54;Т/с;Улицы разбитых фонарей 10 с.;[16+]
171555;171655;Родное кино;54;Т/с;Улицы разбитых фонарей 11 с.;[16+]
171655;171755;Родное кино;54;Т/с;Улицы разбитых фонарей 12 с.;[16+]
171755;171950;Родное кино;54;Х/ф;Ягуар;[16+]
171950;172050;Родное кино;54;Т/с;Улицы разбитых фонарей 16 с.;[16+]
172050;172155;Родное кино;54;Т/с;Улицы разбитых фонарей 17 с.;[16+]
172155;172300;Родное кино;54;Т/с;Улицы разбитых фонарей 18 с.;[16+]
172300;180015;Родное кино;54;Х/ф;За прекрасных дам;[16+]
180015;180115;Родное кино;54;Т/с;Агент национальной безопасности-3 7 с.;[16+]
180115;180215;Родное кино;54;Т/с;Агент национальной безопасности-3 8 с.;[16+]
180215;180315;Родное кино;54;Т/с;Агент национальной безопасности-3 9 с.;[16+]
180315;180430;Родное кино;54;Т/с;Улицы разбитых фонарей 1 с.;[16+]
180430;180530;Родное кино;54;Т/с;Улицы разбитых фонарей 2 с.;[16+]
180530;180630;Родное кино;54;Т/с;Улицы разбитых фонарей 3 с.;[16+]
180630;180855;Родное кино;54;Х/ф;Меня зовут Арлекино;[16+]
180855;181045;Родное кино;54;Х/ф;Ворошиловский стрелок;[18+]
181045;181205;Родное кино;54;Х/ф;Теща;[16+]
181205;181410;Родное кино;54;Х/ф;Крокодил Данди-2;[16+]
181410;181525;Родное кино;54;Т/с;Улицы разбитых фонарей 13 с.;[16+]
181525;181630;Родное кино;54;Т/с;Улицы разбитых фонарей 14 с.;[16+]
181630;181735;Родное кино;54;Т/с;Улицы разбитых фонарей 15 с.;[16+]
181735;181940;Родное кино;54;Х/ф;Принцесса на бобах;[16+]
181940;182045;Родное кино;54;Т/с;Улицы разбитых фонарей 19 с.;[16+]
182045;182155;Родное кино;54;Т/с;Улицы разбитых фонарей 20 с.;[16+]
182155;182300;Родное кино;54;Т/с;Улицы разбитых фонарей 21 с.;[16+]
182300;190105;Родное кино;54;Х/ф;Барышня-крестьянка;[12+]
190105;190200;Родное кино;54;Т/с;Агент национальной безопасности-3 10 с.;[16+]
190200;190250;Родное кино;54;Т/с;Агент национальной безопасности-3 11 с.;[16+]
190250;190350;Родное кино;54;Т/с;Агент национальной безопасности-3 12 с.;[16+]
190350;190450;Родное кино;54;Т/с;Улицы разбитых фонарей 4 с.;[16+]
190450;190550;Родное кино;54;Т/с;Улицы разбитых фонарей 5 с.;[16+]
190550;190645;Родное кино;54;Т/с;Улицы разбитых фонарей 6 с.;[16+]
190645;190755;Родное кино;54;Т/с;Улицы разбитых фонарей 7 с.;[16+]
190755;190955;Родное кино;54;Х/ф;Классик;[16+]
190955;191145;Родное кино;54;Х/ф;Крокодил Данди;[16+]
191145;191340;Родное кино;54;Х/ф;Ягуар;[16+]
191340;191530;Родное кино;54;Х/ф;Ворошиловский стрелок;[18+]
191530;191635;Родное кино;54;Т/с;Улицы разбитых фонарей 16 с.;[16+]
191635;191735;Родное кино;54;Т/с;Улицы разбитых фонарей 17 с.;[16+]
191735;191840;Родное кино;54;Т/с;Улицы разбитых фонарей 18 с.;[16+]
191840;192000;Родное кино;54;Х/ф;За прекрасных дам;[16+]
192000;192100;Родное кино;54;Т/с;Улицы разбитых фонарей 22 с.;[16+]
192100;192200;Родное кино;54;Т/с;Улицы разбитых фонарей 23 с.;[16+]
192200;192300;Родное кино;54;Т/с;Улицы разбитых фонарей 24 с.;[16+]
192300;200035;Родное кино;54;Х/ф;ДМБ;[16+]
200035;200250;Родное кино;54;Х/ф;Три мушкетера;[12+]
200250;200400;Родное кино;54;Т/с;Улицы разбитых фонарей 7 с.;[16+]
200400;200500;Родное кино;54;Т/с;Улицы разбитых фонарей 8 с.;[16+]
200500;200600;Родное кино;54;Т/с;Улицы разбитых фонарей 9 с.;[16+]
200600;200655;Родное кино;54;Т/с;Улицы разбитых фонарей 10 с.;[16+]
200655;200855;Родное кино;54;Х/ф;Караси;[16+]
200855;201100;Родное кино;54;Х/ф;Крокодил Данди-2;[16+]
201100;201310;Родное кино;54;Х/ф;Принцесса на бобах;[16+]
201310;201430;Родное кино;54;Х/ф;За прекрасных дам;[16+]
201430;201530;Родное кино;54;Т/с;Улицы разбитых фонарей 19 с.;[16+]
201530;201645;Родное кино;54;Т/с;Улицы разбитых фонарей 20 с.;[16+]
201645;201745;Родное кино;54;Т/с;Улицы разбитых фонарей 21 с.;[16+]
201745;201950;Родное кино;54;Х/ф;Барышня-крестьянка;[12+]
201950;202100;Родное кино;54;Т/с;Улицы разбитых фонарей 25 с.;[16+]
202100;202200;Родное кино;54;Т/с;Улицы разбитых фонарей 26 с.;[16+]
202200;202300;Родное кино;54;Т/с;Улицы разбитых фонарей 27 с.;[16+]
202300;210315;Родное кино;54;Х/ф;Унесённые ветром;[18+]
210315;210505;Родное кино;54;Х/ф;Заяц над бездной;[16+]
210505;210600;Родное кино;54;Т/с;Улицы разбитых фонарей 11 с.;[16+]
210600;210710;Родное кино;54;Т/с;Улицы разбитых фонарей 12 с.;[16+]
210710;210915;Родное кино;54;Х/ф;Игра всерьез;[16+]
210915;211130;Родное кино;54;Х/ф;Три мушкетера;[12+]
211130;211325;Родное кино;54;Х/ф;Ворошиловский стрелок;[18+]
211325;211520;Родное кино;54;Х/ф;Ягуар;[16+]
211520;211620;Родное кино;54;Т/с;Улицы разбитых фонарей 22 с.;[16+]
211620;211720;Родное кино;54;Т/с;Улицы разбитых фонарей 23 с.;[16+]
211720;211820;Родное кино;54;Т/с;Улицы разбитых фонарей 24 с.;[16+]
211820;211955;Родное кино;54;Х/ф;ДМБ;[16+]
211955;212055;Родное кино;54;Т/с;Улицы разбитых фонарей 28 с.;[16+]
212055;212155;Родное кино;54;Т/с;Улицы разбитых фонарей 29 с.;[16+]
212155;212300;Родное кино;54;Т/с;Улицы разбитых фонарей 30 с.;[16+]
212300;220025;Родное кино;54;Х/ф;Мама, я жив;[12+]
220025;220245;Родное кино;54;Х/ф;Небеса обетованные;[16+]
220245;220400;Родное кино;54;Т/с;Улицы разбитых фонарей 13 с.;[16+]
220400;220505;Родное кино;54;Т/с;Улицы разбитых фонарей 14 с.;[16+]
220505;220605;Родное кино;54;Т/с;Улицы разбитых фонарей 15 с.;[16+]
220605;220810;Родное кино;54;Х/ф;Заяц над бездной;[16+]
220810;220910;Родное кино;54;Т/с;Улицы разбитых фонарей 16 с.;[16+]
220910;221015;Родное кино;54;Т/с;Улицы разбитых фонарей 17 с.;[16+]
221015;221115;Родное кино;54;Т/с;Улицы разбитых фонарей 18 с.;[16+]
221115;221220;Родное кино;54;Т/с;Улицы разбитых фонарей 19 с.;[16+]
221220;221330;Родное кино;54;Т/с;Улицы разбитых фонарей 20 с.;[16+]
221330;221430;Родное кино;54;Т/с;Улицы разбитых фонарей 21 с.;[16+]
221430;221530;Родное кино;54;Т/с;Улицы разбитых фонарей 22 с.;[16+]
221530;221945;Родное кино;54;Х/ф;Унесённые ветром;[18+]
221945;222140;Родное кино;54;Х/ф;Ворошиловский стрелок;[18+]
222140;222300;Родное кино;54;Х/ф;За прекрасных дам;[16+]
222300;230105;Родное кино;54;Х/ф;Барышня-крестьянка;[12+]
230105;230315;Родное кино;54;Х/ф;Принцесса на бобах;[16+]
230315;230535;Родное кино;54;Х/ф;Небеса обетованные;[16+]
230535;230750;Родное кино;54;Х/ф;Три мушкетера;[12+]
230750;230850;Родное кино;54;Т/с;Улицы разбитых фонарей 22 с.;[16+]
230850;230950;Родное кино;54;Т/с;Улицы разбитых фонарей 23 с.;[16+]
230950;231050;Родное кино;54;Т/с;Улицы разбитых фонарей 24 с.;[16+]
231050;231155;Родное кино;54;Т/с;Улицы разбитых фонарей 25 с.;[16+]
231155;231300;Родное кино;54;Т/с;Улицы разбитых фонарей 26 с.;[16+]
231300;231355;Родное кино;54;Т/с;Улицы разбитых фонарей 27 с.;[16+]
231355;231455;Родное кино;54;Т/с;Улицы разбитых фонарей 28 с.;[16+]
231455;231555;Родное кино;54;Т/с;Улицы разбитых фонарей 29 с.;[16+]
231555;231655;Родное кино;54;Т/с;Улицы разбитых фонарей 30 с.;[16+]
231655;231905;Родное кино;54;Х/ф;Барышня-крестьянка;[12+]
231905;232050;Родное кино;54;Х/ф;Крокодил Данди;[16+]
232050;232300;Родное кино;54;Х/ф;Крокодил Данди-2;[16+]
232300;240035;Родное кино;54;Х/ф;ДМБ;[16+]
240035;240200;Родное кино;54;Х/ф;Мама, я жив;[12+]
240200;240320;Родное кино;54;Х/ф;За прекрасных дам;[16+]
240320;240445;Родное кино;54;Х/ф;Заяц над бездной;[16+]
170945;171105;TV1000;46;М/ф;Семейка Бигфутов;[12+]
171105;171250;TV1000;46;М/ф;Стань легендой! Бигфут Младший;[12+]
171250;171350;TV1000;46;Т/с;Напарницы: Астрид и Рафаэлла 5 с.;[16+]
171350;171455;TV1000;46;Т/с;Напарницы: Астрид и Рафаэлла 6 с.;[16+]
171455;171720;TV1000;46;Х/ф;Достать ножи;[16+]
171720;171820;TV1000;46;Т/с;Клон 31 с.;[16+]
171820;171915;TV1000;46;Т/с;Клон 32 с.;[16+]
171915;172100;TV1000;46;Х/ф;Бандитки;[16+]
172100;172300;TV1000;46;Х/ф;Козырные тузы;[16+]
172300;180050;TV1000;46;Х/ф;Моя пиратская свадьба;[16+]
180050;180245;TV1000;46;Х/ф;Шпионская свадьба;[16+]
180245;180340;TV1000;46;Т/с;Напарницы: Астрид и Рафаэлла 7 с.;[16+]
180340;180450;TV1000;46;Т/с;Напарницы: Астрид и Рафаэлла 8 с.;[16+]
180450;180645;TV1000;46;М/ф;Унесённые призраками;[12+]
180645;180850;TV1000;46;Х/ф;Реальная любовь;[16+]
180850;181000;TV1000;46;Х/ф;Приключения Тедди;[6+]
181000;181130;TV1000;46;Х/ф;После;[16+]
181130;181315;TV1000;46;Х/ф;После. Глава 2;[16+]
181315;181410;TV1000;46;Т/с;Напарницы: Астрид и Рафаэлла 7 с.;[16+]
181410;181520;TV1000;46;Т/с;Напарницы: Астрид и Рафаэлла 8 с.;[16+]
181520;181710;TV1000;46;Х/ф;Шпионская свадьба;[16+]
181710;181810;TV1000;46;Т/с;Клон 33 с.;[16+]
181810;181905;TV1000;46;Т/с;Клон 34 с.;[16+]
181905;182100;TV1000;46;Х/ф;Дьявол и Дэниэл Уэбстер;[16+]
182100;182310;TV1000;46;Х/ф;Типа крутые легавые;[16+]
182310;190100;TV1000;46;Х/ф;Моя супер-бывшая;[16+]
190100;190240;TV1000;46;Х/ф;Всё могу;[16+]
190240;190335;TV1000;46;Т/с;Напарницы: Астрид и Рафаэлла 1 с.;[16+]
190335;190430;TV1000;46;Т/с;Напарницы: Астрид и Рафаэлла 2 с.;[16+]
190430;190620;TV1000;46;Х/ф;Красотка на всю голову;[16+]
190620;190740;TV1000;46;Х/ф;Случайный муж;[16+]
190740;190855;TV1000;46;М/ф;Королевские каникулы;[6+]
190855;191010;TV1000;46;М/ф;Эмма в мире лам;[12+]
191010;191135;TV1000;46;Х/ф;После. Глава 3;[16+]
191135;191315;TV1000;46;Х/ф;После. Навсегда;[16+]
191315;191410;TV1000;46;Т/с;Напарницы: Астрид и Рафаэлла 1 с.;[16+]
191410;191510;TV1000;46;Т/с;Напарницы: Астрид и Рафаэлла 2 с.;[16+]
191510;191730;TV1000;46;Х/ф;Три метра над уровнем неба;[16+]
191730;191825;TV1000;46;Т/с;Клон 35 с.;[16+]
191825;191920;TV1000;46;Т/с;Клон 36 с.;[16+]
191920;192110;TV1000;46;Х/ф;Моя супер-бывшая;[16+]
192110;192300;TV1000;46;Х/ф;Дикая парочка;[16+]
192300;200050;TV1000;46;Х/ф;Дневник Бриджит Джонс;[16+]
200050;200245;TV1000;46;Х/ф;Бриджит Джонс: Грани разумного;[16+]
200245;200345;TV1000;46;Т/с;Напарницы: Астрид и Рафаэлла 3 с.;[16+]
200345;200455;TV1000;46;Т/с;Напарницы: Астрид и Рафаэлла 4 с.;[16+]
200455;200620;TV1000;46;Х/ф;Материнский инстинкт;[16+]
200620;200805;TV1000;46;Х/ф;Век Адалин;[16+]
200805;200935;TV1000;46;Х/ф;Колдунья приходит ночью;[12+]
200935;201100;TV1000;46;Х/ф;Случайный муж;[16+]
201100;201255;TV1000;46;Х/ф;Осень в Нью-Йорке;[16+]
201255;201355;TV1000;46;Т/с;Напарницы: Астрид и Рафаэлла 3 с.;[16+]
201355;201505;TV1000;46;Т/с;Напарницы: Астрид и Рафаэлла 4 с.;[16+]
201505;201715;TV1000;46;Х/ф;Три метра над уровнем неба: Я тебя хочу;[16+]
201715;201810;TV1000;46;Т/с;Клон 37 с.;[16+]
201810;201905;TV1000;46;Т/с;Клон 38 с.;[16+]
201905;202055;TV1000;46;Х/ф;Замерзшая из Майами;[16+]
202055;202300;TV1000;46;Х/ф;Век Адалин;[16+]
202300;210115;TV1000;46;Х/ф;Бриджит Джонс-3;[16+]
210115;210345;TV1000;46;Х/ф;Реальная любовь;[16+]
210345;210440;TV1000;46;Т/с;Напарницы: Астрид и Рафаэлла 5 с.;[16+]
210440;210535;TV1000;46;Т/с;Напарницы: Астрид и Рафаэлла 6 с.;[16+]
210535;210730;TV1000;46;Х/ф;Чего хотят женщины;[16+]
210730;210910;TV1000;46;Х/ф;Дьявол и Дэниэл Уэбстер;[16+]
210910;211050;TV1000;46;Х/ф;Шпионская свадьба;[16+]
211050;211310;TV1000;46;М/ф;Унесённые призраками;[12+]
211310;211405;TV1000;46;Т/с;Напарницы: Астрид и Рафаэлла 5 с.;[16+]
211405;211510;TV1000;46;Т/с;Напарницы: Астрид и Рафаэлла 6 с.;[16+]
211510;211715;TV1000;46;Х/ф;Красивый, плохой, злой;[16+]
211715;211810;TV1000;46;Т/с;Клон 39 с.;[16+]
211810;211905;TV1000;46;Т/с;Клон 40 с.;[16+]
211905;212055;TV1000;46;Х/ф;Свидание с монстром;[16+]
212055;212300;TV1000;46;Х/ф;Славные парни;[16+]
212300;220105;TV1000;46;Х/ф;"Операция "Фортуна": Искусство побеждать";[16+]
220105;220320;TV1000;46;Х/ф;Паркер;[16+]
220320;220415;TV1000;46;Т/с;Напарницы: Астрид и Рафаэлла 7 с.;[16+]
220415;220525;TV1000;46;Т/с;Напарницы: Астрид и Рафаэлла 8 с.;[16+]
220525;220650;TV1000;46;Х/ф;Бандитки;[16+]
220650;220830;TV1000;46;Х/ф;Банда Келли;[16+]
220830;221115;TV1000;46;Х/ф;Горизонт: Американская сага:;[16+]
221115;221305;TV1000;46;Х/ф;Моя пиратская свадьба;[16+]
221305;221455;TV1000;46;Х/ф;Моя супер-бывшая;[16+]
221455;221555;TV1000;46;Т/с;Комиссар Рекс 6 с.;[16+]
221555;221645;TV1000;46;Т/с;Комиссар Рекс 7 с.;[16+]
221645;221745;TV1000;46;Т/с;Комиссар Рекс 8 с.;[16+]
221745;221840;TV1000;46;Т/с;Комиссар Рекс 9 с.;[16+]
221840;222050;TV1000;46;Х/ф;Паркер;[16+]
222050;222300;TV1000;46;Х/ф;"Операция "Фортуна": Искусство побеждать";[16+]
222300;230300;TV1000;46;Х/ф;Однажды в Америке;[16+]
230300;230520;TV1000;46;Х/ф;Вдовы;[16+]
230520;230720;TV1000;46;Х/ф;Опасная игра Слоун;[16+]
230720;230930;TV1000;46;Х/ф;Большая игра;[16+]
230930;231050;TV1000;46;М/ф;Эмма в мире лам;[12+]
231050;231445;TV1000;46;Х/ф;Однажды в Америке;[16+]
231445;231540;TV1000;46;Т/с;Комиссар Рекс 10 с.;[16+]
231540;231640;TV1000;46;Т/с;Комиссар Рекс 11 с.;[16+]
231640;231730;TV1000;46;Т/с;Комиссар Рекс 12 с.;[16+]
231730;231830;TV1000;46;Т/с;Комиссар Рекс 13 с.;[16+]
231830;232050;TV1000;46;Х/ф;Вдовы;[16+]
232050;232315;TV1000;46;Х/ф;Зелёная книга;[16+]
232315;240120;TV1000;46;Х/ф;1+1;[16+]
240120;240305;TV1000;46;Х/ф;Шутки в сторону;[16+]
240305;240510;TV1000;46;Х/ф;Шутки в сторону-2: Миссия в Майами;[16+]
240510;240705;TV1000;46;Х/ф;Типа крутые легавые;[16+]
240705;240835;TV1000;46;Х/ф;Всё могу;[16+]
240835;240945;TV1000;46;Х/ф;Уличные танцы 3D;[12+]
171100;171305;ТВ21;45;Х/ф;Лев Яшин: Вратарь моей мечты;[16+]
171305;171510;ТВ21;45;Х/ф;Гагарин. Первый в космосе;[16+]
171510;171700;ТВ21;45;Х/ф;Рядовой Чээрин;[16+]
171700;171840;ТВ21;45;Х/ф;Солдатик;[16+]
171840;172025;ТВ21;45;Х/ф;Особенности национальной охоты;[18+]
172025;172210;ТВ21;45;Х/ф;Особенности национальной рыбалки;[18+]
172210;180020;ТВ21;45;Х/ф;Ржев;[16+]
180020;180240;ТВ21;45;Х/ф;28 панфиловцев;[18+]
180240;180505;ТВ21;45;Х/ф;9 рота;[18+]
180505;180655;ТВ21;45;Х/ф;Аритмия;[18+]
180655;180830;ТВ21;45;Х/ф;Брат;[18+]
180830;181100;ТВ21;45;Х/ф;Балканский рубеж;[18+]
181100;181245;ТВ21;45;Х/ф;Хороший мальчик;[16+]
181245;181440;ТВ21;45;Х/ф;Мамы;[16+]
181440;181610;ТВ21;45;Х/ф;Мужчина с гарантией;[18+]
181610;181755;ТВ21;45;Х/ф;30 свиданий;[18+]
181755;181950;ТВ21;45;Х/ф;Срочно выйду замуж;[18+]
181950;182140;ТВ21;45;Х/ф;Я худею;[16+]
182140;182350;ТВ21;45;Х/ф;Маме снова 17;[18+]
182350;190115;ТВ21;45;Х/ф;Родители строгого режима;[16+]
190115;190320;ТВ21;45;Х/ф;Каникулы строгого режима;[16+]
190320;190510;ТВ21;45;Х/ф;Хэппи-энд;[16+]
190510;190635;ТВ21;45;Х/ф;Свингеры;[18+]
190635;190805;ТВ21;45;Х/ф;"Курьер из "Рая";[16+]
190805;190935;ТВ21;45;Х/ф;Семейный переполох;[12+]
190935;191100;ТВ21;45;Х/ф;Календарь ма(й)я;[12+]
191100;191240;ТВ21;45;Х/ф;Напарник;[18+]
191240;191405;ТВ21;45;Х/ф;Не одна дома;[6+]
191405;191540;ТВ21;45;Х/ф;Добро пожаловать в семью;[16+]
191540;191725;ТВ21;45;Х/ф;Давай разведемся!;[18+]
191725;191905;ТВ21;45;Х/ф;Осьминог;[18+]
191905;192110;ТВ21;45;Х/ф;Селфи;[16+]
192110;192300;ТВ21;45;Х/ф;Духless;[18+]
192300;200100;ТВ21;45;Х/ф;Духless 2;[18+]
200100;200250;ТВ21;45;Х/ф;Купи меня;[18+]
200250;200405;ТВ21;45;Х/ф;Коллектор;[18+]
200405;200555;ТВ21;45;Х/ф;Спутник;[18+]
200555;200725;ТВ21;45;Х/ф;Настоящее будущее;[18+]
200725;200915;ТВ21;45;Х/ф;Молодой человек;[18+]
200915;201100;ТВ21;45;Х/ф;Хочу замуж;[18+]
201100;201300;ТВ21;45;Х/ф;Код апокалипсиса;[16+]
201300;201445;ТВ21;45;Х/ф;Турист;[18+]
201445;201635;ТВ21;45;Х/ф;Гранит;[18+]
201635;201905;ТВ21;45;Х/ф;9 рота;[18+]
201905;202055;ТВ21;45;Х/ф;Шугалей;[18+]
202055;202310;ТВ21;45;Х/ф;Шугалей-2;[18+]
202310;210100;ТВ21;45;Х/ф;Шугалей-3;[18+]
210100;210350;ТВ21;45;Х/ф;Балканский рубеж;[18+]
210350;210535;ТВ21;45;Х/ф;Бык;[18+]
210535;210800;ТВ21;45;Х/ф;Территория;[18+]
210800;210930;ТВ21;45;Х/ф;Как я стал русским;[18+]
210930;211100;ТВ21;45;Х/ф;Марафон желаний;[18+]
211100;211230;ТВ21;45;Х/ф;Мама не горюй;[18+]
211230;211425;ТВ21;45;Х/ф;Мама не горюй 2;[18+]
211425;211610;ТВ21;45;Х/ф;Особенности национальной охоты;[18+]
211610;211800;ТВ21;45;Х/ф;Особенности национальной рыбалки;[18+]
211800;211940;ТВ21;45;Х/ф;Как Витька Чеснок вез Леху Штыря в дом инвалидов;[18+]
211940;212135;ТВ21;45;Х/ф;Брат;[18+]
212135;212355;ТВ21;45;Х/ф;Брат 2;[18+]
212355;220200;ТВ21;45;Х/ф;Бумер;[18+]
220200;220405;ТВ21;45;Х/ф;Бумер;[18+]
220405;220620;ТВ21;45;Х/ф;Левиафан;[18+]
220620;220820;ТВ21;45;Х/ф;Нелюбовь;[18+]
220820;220935;ТВ21;45;Х/ф;Сестры;[18+]
220935;221100;ТВ21;45;Х/ф;Напарник;[18+]
221100;221255;ТВ21;45;Х/ф;Сказ про Федота-стрельца;[12+]
221255;221500;ТВ21;45;Х/ф;Призрак;[16+]
221500;221635;ТВ21;45;Х/ф;Девушки бывают разные;[18+]
221635;221815;ТВ21;45;Х/ф;Семейный переполох;[12+]
221815;221955;ТВ21;45;Х/ф;Водитель-олигарх;[16+]
221955;222210;ТВ21;45;Х/ф;Олигарх;[18+]
222210;230010;ТВ21;45;Х/ф;Жмурки;[18+]
230010;230210;ТВ21;45;Х/ф;Дуэлянт;[18+]
230210;230435;ТВ21;45;Х/ф;Высоцкий. Спасибо, что живой;[18+]
230435;230630;ТВ21;45;Х/ф;Снегирь;[18+]
230630;230815;ТВ21;45;Х/ф;Гагарин. Первый в космосе;[16+]
230815;230945;ТВ21;45;Х/ф;Коробка;[16+]
230945;231100;ТВ21;45;Х/ф;Родители строгого режима;[16+]
231100;231240;ТВ21;45;Х/ф;Хоттабыч;[18+]
231240;231425;ТВ21;45;Х/ф;Авантюристы;[16+]
231425;231610;ТВ21;45;Х/ф;Как я стал русским;[18+]
231610;231805;ТВ21;45;Х/ф;Любовь с ограничениями;[16+]
231805;231945;ТВ21;45;Х/ф;Бармен;[18+]
231945;232150;ТВ21;45;Х/ф;Молодой человек;[18+]
232150;232340;ТВ21;45;Х/ф;Я худею;[16+]
232340;240150;ТВ21;45;Х/ф;Каникулы строгого режима;[16+]
240150;240335;ТВ21;45;Х/ф;О чем говорят мужчины;[18+]
240335;240525;ТВ21;45;Х/ф;О чем еще говорят мужчины;[18+]
240525;240650;ТВ21;45;Х/ф;30 свиданий;[18+]
240650;240810;ТВ21;45;Х/ф;Мужчина с гарантией;[18+]
240810;240945;ТВ21;45;Х/ф;Пурга;[16+]
240945;241100;ТВ21;45;Х/ф;Не одна дома;[6+]
170445;170645;Кинокомедия;64;Х/ф;Грозный папа;[6+]
170645;170910;Кинокомедия;64;Х/ф;Плагиатор;[18+]
170910;171100;Кинокомедия;64;Х/ф;7 дней, 7 ночей;[12+]
171100;171235;Кинокомедия;64;Х/ф;Дракулов;[16+]
171235;171430;Кинокомедия;64;Х/ф;Тайна затерянных сокровищ;[16+]
171430;171620;Кинокомедия;64;Х/ф;Я богиня;[16+]
171620;171810;Кинокомедия;64;Х/ф;Сводишь с ума;[16+]
171810;172010;Кинокомедия;64;Х/ф;Летучий корабль;[6+]
172010;172140;Кинокомедия;64;Х/ф;Один хороший день;[16+]
172140;172330;Кинокомедия;64;Х/ф;Мое любимое привидение;[18+]
172330;180115;Кинокомедия;64;Х/ф;Васаби;[18+]
180115;180245;Кинокомедия;64;Х/ф;Мужские правила моего деда;[16+]
180245;180430;Кинокомедия;64;Х/ф;Дедушка легкого поведения;[18+]
180430;180600;Кинокомедия;64;Х/ф;Где наши деньги?;[18+]
180600;180755;Кинокомедия;64;Х/ф;Фантоцци;[16+]
180755;181000;Кинокомедия;64;Х/ф;Фантоцци Второй Трагический;[16+]
181000;181145;Кинокомедия;64;Х/ф;Ждун;[6+]
181145;181335;Кинокомедия;64;Х/ф;Культурная комедия;[18+]
181335;181510;Кинокомедия;64;Х/ф;Наша Russia. Яйца судьбы;[18+]
181510;181640;Кинокомедия;64;Х/ф;Попутчики;[16+]
181640;181830;Кинокомедия;64;Х/ф;На деревню дедушке;[6+]
181830;182010;Кинокомедия;64;Х/ф;Добрый доктор;[16+]
182010;182200;Кинокомедия;64;Х/ф;Васаби;[18+]
182200;182330;Кинокомедия;64;Х/ф;Батя;[16+]
182330;190110;Кинокомедия;64;Х/ф;Батя-2. Дед;[12+]
190110;190305;Кинокомедия;64;Х/ф;Тайна затерянных сокровищ;[16+]
190305;190435;Кинокомедия;64;Х/ф;Любит не любит;[18+]
190435;190620;Кинокомедия;64;Х/ф;Дракулов;[16+]
190620;190750;Кинокомедия;64;Х/ф;Один хороший день;[16+]
190750;190925;Кинокомедия;64;Х/ф;Мужские правила моего деда;[16+]
190925;191110;Кинокомедия;64;Х/ф;Грозный папа;[6+]
191110;191300;Кинокомедия;64;Х/ф;Как я стал русским;[16+]
191300;191450;Кинокомедия;64;Х/ф;Сводишь с ума;[16+]
191450;191650;Кинокомедия;64;Х/ф;Летучий корабль;[6+]
191650;191820;Кинокомедия;64;Х/ф;Один хороший день;[16+]
191820;192005;Кинокомедия;64;Х/ф;Мое любимое привидение;[18+]
192005;192145;Кинокомедия;64;Х/ф;Батя-2. Дед;[12+]
192145;192330;Кинокомедия;64;Х/ф;Клёвый УLove;[16+]
192330;200105;Кинокомедия;64;Х/ф;Водитель-олигарх;[16+]
200105;200240;Кинокомедия;64;Х/ф;Наша Russia. Яйца судьбы;[18+]
200240;200420;Кинокомедия;64;Х/ф;"Операция "Холодно";[18+]
200420;200545;Кинокомедия;64;Х/ф;Попутчики;[16+]
200545;200730;Кинокомедия;64;Х/ф;Культурная комедия;[18+]
200730;200920;Кинокомедия;64;Х/ф;Тайна затерянных сокровищ;[16+]
200920;201135;Кинокомедия;64;Х/ф;Зачетная принцесса;[16+]
201135;201325;Кинокомедия;64;Х/ф;Я богиня;[16+]
201325;201500;Кинокомедия;64;Х/ф;Мужские правила моего деда;[16+]
201500;201645;Кинокомедия;64;Х/ф;На деревню дедушке;[6+]
201645;201830;Кинокомедия;64;Х/ф;Васаби;[18+]
201830;202000;Кинокомедия;64;Х/ф;Батя;[16+]
202000;202140;Кинокомедия;64;Х/ф;Водитель-олигарх;[16+]
202140;202330;Кинокомедия;64;Х/ф;Как выйти замуж за миллиардера;[18+]
202330;210105;Кинокомедия;64;Х/ф;Постучись в мою Тверь;[12+]
210105;210300;Кинокомедия;64;Х/ф;Сводишь с ума;[16+]
210300;210440;Кинокомедия;64;Х/ф;Дети-шпионы;[12+]
210440;210620;Кинокомедия;64;Х/ф;Дедушка легкого поведения;[18+]
210620;210755;Кинокомедия;64;Х/ф;Любит не любит;[18+]
210755;210940;Кинокомедия;64;Х/ф;Шестой элемент;[18+]
210940;211115;Кинокомедия;64;Х/ф;Попутчики;[16+]
211115;211250;Кинокомедия;64;Х/ф;Наша Russia. Яйца судьбы;[18+]
211250;211435;Кинокомедия;64;Х/ф;Как я стал русским;[16+]
211435;211610;Кинокомедия;64;Х/ф;Один хороший день;[16+]
211610;211755;Кинокомедия;64;Х/ф;Мое любимое привидение;[18+]
211755;211935;Кинокомедия;64;Х/ф;Батя-2. Дед;[12+]
211935;212115;Кинокомедия;64;Х/ф;Клёвый УLove;[16+]
212115;212330;Кинокомедия;64;Х/ф;Соловей против Муромца;[6+]
212330;220120;Кинокомедия;64;Х/ф;Олень;[16+]
220120;220310;Кинокомедия;64;Х/ф;На деревню дедушке;[6+]
220310;220455;Кинокомедия;64;Х/ф;Вася не в себе;[16+]
220455;220705;Кинокомедия;64;Х/ф;Зачетная принцесса;[16+]
220705;220850;Кинокомедия;64;Х/ф;Не все дома;[16+]
220850;221040;Кинокомедия;64;Х/ф;7 дней, 7 ночей;[12+]
221040;221230;Кинокомедия;64;Х/ф;Грозный папа;[6+]
221230;221420;Кинокомедия;64;Х/ф;Я богиня;[16+]
221420;221615;Кинокомедия;64;Х/ф;Летучий корабль;[6+]
221615;221805;Кинокомедия;64;Х/ф;Сводишь с ума;[16+]
221805;222000;Кинокомедия;64;Х/ф;Тайна затерянных сокровищ;[16+]
222000;222150;Кинокомедия;64;Х/ф;Как выйти замуж за миллиардера;[18+]
222150;222330;Кинокомедия;64;Х/ф;Водитель-олигарх;[16+]
222330;230115;Кинокомедия;64;Х/ф;Васаби;[18+]
230115;230255;Кинокомедия;64;Х/ф;Постучись в мою Тверь;[12+]
230255;230430;Кинокомедия;64;Х/ф;"Операция "Холодно";[18+]
230430;230610;Кинокомедия;64;Х/ф;Любит не любит;[18+]
230610;230800;Кинокомедия;64;Х/ф;Вася не в себе;[16+]
230800;230945;Кинокомедия;64;Х/ф;Культурная комедия;[18+]
230945;231135;Кинокомедия;64;Х/ф;Как я стал русским;[16+]
231135;231305;Кинокомедия;64;Х/ф;Попутчики;[16+]
231305;231435;Кинокомедия;64;Х/ф;Один хороший день;[16+]
231435;231625;Кинокомедия;64;Х/ф;На деревню дедушке;[6+]
231625;231835;Кинокомедия;64;Х/ф;Соловей против Муромца;[6+]
231835;232025;Кинокомедия;64;Х/ф;Мое любимое привидение;[18+]
232025;232200;Кинокомедия;64;Х/ф;Наша Russia. Яйца судьбы;[18+]
232200;232330;Кинокомедия;64;Х/ф;Батя;[16+]
232330;240110;Кинокомедия;64;Х/ф;Батя-2. Дед;[12+]
240110;240300;Кинокомедия;64;Х/ф;Олень;[16+]
240300;240445;Кинокомедия;64;Х/ф;Клёвый УLove;[16+]
170515;170720;Кинохит;40;Х/ф;Рэмбо: Первая кровь;[18+]
170720;170905;Кинохит;40;Х/ф;Заложник;[18+]
170905;171045;Кинохит;40;Х/ф;Вкус жизни;[16+]
171045;171225;Кинохит;40;Х/ф;Рэмбо III;[16+]
171225;171435;Кинохит;40;Х/ф;Голодные игры: И вспыхнет пламя;[16+]
171435;171610;Кинохит;40;Х/ф;Лжец;[18+]
171610;171805;Кинохит;40;Х/ф;Никита;[18+]
171805;172010;Кинохит;40;Х/ф;Леон;[18+]
172010;172140;Кинохит;40;Х/ф;Няньки;[16+]
172140;172300;Кинохит;40;Х/ф;Жених напрокат;[16+]
172300;180030;Кинохит;40;Х/ф;Идеальный муж;[12+]
180030;180215;Кинохит;40;Х/ф;Герцогиня;[16+]
180215;180420;Кинохит;40;Х/ф;Стальная хватка;[18+]
180420;180625;Кинохит;40;Х/ф;Легенда Багера Ванса;[16+]
180625;180800;Кинохит;40;Х/ф;Рэмбо: Первая кровь-2;[16+]
180800;181005;Кинохит;40;Х/ф;Царство;[18+]
181005;181135;Кинохит;40;Х/ф;Рэмбо IV;[18+]
181135;181305;Кинохит;40;Х/ф;В плену стихии;[16+]
181305;181455;Кинохит;40;Х/ф;Голодные игры: Сойка-пересмешница. Часть I;[16+]
181455;181640;Кинохит;40;Х/ф;Иностранец;[18+]
181640;181820;Кинохит;40;Х/ф;Цена искупления;[16+]
181820;181935;Кинохит;40;Х/ф;Жених напрокат;[16+]
181935;182125;Кинохит;40;Х/ф;Заложник;[18+]
182125;182300;Кинохит;40;Х/ф;Пятнадцать минут войны;[18+]
182300;190045;Кинохит;40;Х/ф;Кулак ярости;[18+]
190045;190250;Кинохит;40;Х/ф;Не говори никому;[18+]
190250;190435;Кинохит;40;Х/ф;Вальдо;[16+]
190435;190600;Кинохит;40;Х/ф;Битва шефов;[18+]
190600;190745;Кинохит;40;Х/ф;Рэмбо III;[16+]
190745;190915;Кинохит;40;Х/ф;"Гонки "Пушечное ядро";[16+]
190915;191110;Кинохит;40;Х/ф;Никита;[18+]
191110;191255;Кинохит;40;Х/ф;Достучаться до небес-2;[18+]
191255;191435;Кинохит;40;Х/ф;Лжец;[18+]
191435;191605;Кинохит;40;Х/ф;Няньки;[16+]
191605;191810;Кинохит;40;Х/ф;Леон;[18+]
191810;191945;Кинохит;40;Х/ф;Пятнадцать минут войны;[18+]
191945;192125;Кинохит;40;Х/ф;Герцогиня;[16+]
192125;192300;Кинохит;40;Х/ф;Идеальный муж;[12+]
192300;200035;Кинохит;40;Х/ф;Области тьмы;[16+]
200035;200215;Кинохит;40;Х/ф;Крушение;[16+]
200215;200355;Кинохит;40;Х/ф;Вкус жизни;[16+]
200355;200540;Кинохит;40;Х/ф;Иностранец;[18+]
200540;200720;Кинохит;40;Х/ф;Рэмбо IV;[18+]
200720;200925;Кинохит;40;Х/ф;Леон;[18+]
200925;201125;Кинохит;40;Х/ф;Легенда Багера Ванса;[16+]
201125;201255;Кинохит;40;Х/ф;Рэмбо: Первая кровь;[18+]
201255;201430;Кинохит;40;Х/ф;Рэмбо: Первая кровь-2;[16+]
201430;201550;Кинохит;40;Х/ф;Жених напрокат;[16+]
201550;201735;Кинохит;40;Х/ф;Заложник;[18+]
201735;201905;Кинохит;40;Х/ф;Идеальный муж;[12+]
201905;202110;Кинохит;40;Х/ф;Не говори никому;[18+]
202110;202300;Кинохит;40;Х/ф;Кулак ярости;[18+]
202300;210030;Кинохит;40;Х/ф;Идеальный побег;[18+]
210030;210205;Кинохит;40;Х/ф;Хористы;[18+]
210205;210350;Кинохит;40;Х/ф;Восхитительно!;[18+]
210350;210525;Кинохит;40;Х/ф;Лжец;[18+]
210525;210700;Кинохит;40;Х/ф;В плену стихии;[16+]
210700;210830;Кинохит;40;Х/ф;Битва шефов;[18+]
210830;211000;Кинохит;40;Х/ф;Няньки;[16+]
211000;211135;Кинохит;40;Х/ф;Цена искупления;[16+]
211135;211315;Кинохит;40;Х/ф;Рэмбо III;[16+]
211315;211440;Кинохит;40;Х/ф;Рэмбо IV;[18+]
211440;211615;Кинохит;40;Х/ф;Пятнадцать минут войны;[18+]
211615;211755;Кинохит;40;Х/ф;Герцогиня;[16+]
211755;211940;Кинохит;40;Х/ф;Кулак ярости;[18+]
211940;212120;Кинохит;40;Х/ф;Крушение;[16+]
212120;212300;Кинохит;40;Х/ф;Области тьмы;[16+]
212300;220035;Кинохит;40;Х/ф;Универсальный солдат;[18+]
220035;220225;Кинохит;40;Х/ф;Незаконное вторжение;[18+]
220225;220405;Кинохит;40;Х/ф;Красные огни;[16+]
220405;220520;Кинохит;40;Х/ф;Жених напрокат;[16+]
220520;220645;Кинохит;40;М/ф;Мой сосед Тоторо;[16+]
220645;220825;Кинохит;40;М/ф;Ведьмина служба доставки;[16+]
220825;221020;Кинохит;40;М/ф;Унесённые призраками;[16+]
221020;221150;Кинохит;40;Х/ф;В плену стихии;[16+]
221150;221325;Кинохит;40;Х/ф;Вкус жизни;[16+]
221325;221510;Кинохит;40;Х/ф;Заложник;[18+]
221510;221705;Кинохит;40;Х/ф;Никита;[18+]
221705;221850;Кинохит;40;Х/ф;Иностранец;[18+]
221850;222055;Кинохит;40;Х/ф;Леон;[18+]
222055;222230;Кинохит;40;Х/ф;Хористы;[18+]
222230;230000;Кинохит;40;Х/ф;Идеальный муж;[12+]
230000;230135;Кинохит;40;Х/ф;Идеальный побег;[18+]
230135;230340;Кинохит;40;Х/ф;Не говори никому;[18+]
230340;230525;Кинохит;40;Х/ф;Незаконное вторжение;[18+]
230525;230720;Кинохит;40;М/ф;Ходячий замок;[6+]
230720;230925;Кинохит;40;М/ф;Рыбка Поньо на утесе;[16+]
230925;231110;Кинохит;40;Х/ф;Восхитительно!;[18+]
231110;231230;Кинохит;40;Х/ф;Жених напрокат;[16+]
231230;231415;Кинохит;40;Х/ф;Красные огни;[16+]
231415;231555;Кинохит;40;Х/ф;Цена искупления;[16+]
231555;231730;Кинохит;40;Х/ф;Пятнадцать минут войны;[18+]
231730;231905;Кинохит;40;Х/ф;Лжец;[18+]
231905;232045;Кинохит;40;Х/ф;Крушение;[16+]
232045;232230;Кинохит;40;Х/ф;Герцогиня;[16+]
232230;240015;Кинохит;40;Х/ф;Кулак ярости;[18+]
240015;240150;Кинохит;40;Х/ф;Области тьмы;[16+]
240150;240330;Кинохит;40;Х/ф;Универсальный солдат;[18+]
240330;240515;Кинохит;40;Х/ф;Няньки;[16+]
171050;171220;Ретро;65;Х/ф;Красные листья;[16+]
171220;171240;Ретро;65;М/ф;Волшебная птица;[16+]
171240;171440;Ретро;65;Х/ф;Кубанские казаки;[16+]
171440;171615;Ретро;65;Х/ф;Свинарка и пастух;[16+]
171615;171640;Ретро;65;М/ф;Серая шейка;[6+]
171640;171745;Ретро;65;Х/ф;Испытание верности 1 с.;[16+]
171745;171835;Ретро;65;Х/ф;Испытание верности 2 с.;[16+]
171835;172010;Ретро;65;Х/ф;Трактористы;[16+]
172010;172120;Ретро;65;Х/ф;Чудак-человек;[16+]
172120;172235;Ретро;65;Х/ф;По улицам комод водили;[16+]
172235;172300;Ретро;65;М/ф;Цветик-cемицвeтик;[16+]
172300;180045;Ретро;65;Х/ф;Дерзость;[16+]
180045;180100;Ретро;65;М/ф;Мойдодыр;[16+]
180100;180255;Ретро;65;Х/ф;Дежа Вю;[16+]
180255;180405;Ретро;65;Х/ф;Мудромер 1 с.;[16+]
180405;180450;Ретро;65;М/ф;Заколдованный мальчик;[16+]
180450;180555;Ретро;65;Х/ф;Мудромер 2 с.;[16+]
180555;180700;Ретро;65;Х/ф;Теща;[16+]
180700;180810;Ретро;65;Х/ф;Подкидыш;[16+]
180810;180840;Ретро;65;М/ф;Сказка о рыбаке и рыбке;[16+]
180840;180900;Ретро;65;М/ф;Цветик-cемицвeтик;[16+]
180900;181005;Ретро;65;Х/ф;Чудак-человек;[16+]
181005;181030;Ретро;65;М/ф;Братья Лю;[16+]
181030;181050;Ретро;65;М/ф;Дедушка и внучек;[16+]
181050;181200;Ретро;65;Х/ф;По улицам комод водили;[16+]
181200;181210;Ретро;65;М/ф;Сестрица Алёнушка и братец Иванушка;[16+]
181210;181245;Ретро;65;М/ф;Волшебный магазин;[16+]
181245;181345;Ретро;65;Х/ф;Испытание верности 1 с.;[16+]
181345;181440;Ретро;65;Х/ф;Испытание верности 2 с.;[16+]
181440;181615;Ретро;65;Х/ф;Трактористы;[16+]
181615;181635;Ретро;65;М/ф;Гуси-лебеди;[16+]
181635;181825;Ретро;65;Х/ф;Дерзость;[16+]
181825;182020;Ретро;65;Х/ф;Дежа Вю;[16+]
182020;182135;Ретро;65;Х/ф;Мудромер 1 с.;[16+]
182135;182300;Ретро;65;Х/ф;Мудромер 2 с.;[16+]
182300;190025;Ретро;65;Х/ф;Внимание, цунами!;[16+]
190025;190055;Ретро;65;М/ф;Братья Лю;[16+]
190055;190220;Ретро;65;Х/ф;Поезд вне расписания;[16+]
190220;190300;Ретро;65;М/ф;Aленький цветочек;[16+]
190300;190455;Ретро;65;Х/ф;Кубанские казаки;[16+]
190455;190620;Ретро;65;Х/ф;Свинарка и пастух;[16+]
190620;190750;Ретро;65;Х/ф;Чужая родня;[16+]
190750;190920;Ретро;65;Х/ф;Красные листья;[16+]
190920;191025;Ретро;65;Х/ф;Мудромер 1 с.;[16+]
191025;191050;Ретро;65;М/ф;Остров ошибок;[6+]
191050;191200;Ретро;65;Х/ф;Мудромер 2 с.;[16+]
191200;191215;Ретро;65;М/ф;Сказка старого дуба;[16+]
191215;191400;Ретро;65;Х/ф;Дерзость;[16+]
191400;191555;Ретро;65;Х/ф;Дежа Вю;[16+]
191555;191635;Ретро;65;М/ф;Сказка о рыбаке и рыбке;[16+]
191635;191800;Ретро;65;Х/ф;Внимание, цунами!;[16+]
191800;191930;Ретро;65;Х/ф;Поезд вне расписания;[16+]
191930;192125;Ретро;65;Х/ф;Кубанские казаки;[16+]
192125;192300;Ретро;65;Х/ф;Свинарка и пастух;[16+]
192300;200035;Ретро;65;Х/ф;Сезон чудес;[16+]
200035;200045;Ретро;65;М/ф;Лесной концерт;[16+]
200045;200200;Ретро;65;Х/ф;Хотите - любите, хотите - нет...;[16+]
200200;200230;Ретро;65;М/ф;Каштанка;[16+]
200230;200300;Ретро;65;М/ф;Братья Лю;[16+]
200300;200400;Ретро;65;Х/ф;Испытание верности 1 с.;[16+]
200400;200450;Ретро;65;Х/ф;Испытание верности 2 с.;[16+]
200450;200610;Ретро;65;Х/ф;Трактористы;[16+]
200610;200715;Ретро;65;Х/ф;Чудак-человек;[16+]
200715;200735;Ретро;65;М/ф;Мойдодыр;[16+]
200735;200800;Ретро;65;М/ф;Остров ошибок;[6+]
200800;200905;Ретро;65;Х/ф;По улицам комод водили;[16+]
200905;201055;Ретро;65;Х/ф;Кубанские казаки;[16+]
201055;201225;Ретро;65;Х/ф;Свинарка и пастух;[16+]
201225;201245;Ретро;65;М/ф;Высокая горка;[16+]
201245;201420;Ретро;65;Х/ф;Внимание, цунами!;[16+]
201420;201545;Ретро;65;Х/ф;Поезд вне расписания;[16+]
201545;201600;Ретро;65;М/ф;Таежная сказка;[16+]
201600;201645;Ретро;65;М/ф;Заколдованный мальчик;[16+]
201645;201825;Ретро;65;Х/ф;Сезон чудес;[16+]
201825;201940;Ретро;65;Х/ф;Хотите - любите, хотите - нет...;[16+]
201940;202040;Ретро;65;Х/ф;Испытание верности 1 с.;[16+]
202040;202130;Ретро;65;Х/ф;Испытание верности 2 с.;[16+]
202130;202305;Ретро;65;Х/ф;Трактористы;[16+]
202305;210040;Ретро;65;Х/ф;Куда он денется!;[16+]
210040;210050;Ретро;65;М/ф;Юля-капризуля;[6+]
210050;210220;Ретро;65;Х/ф;Повесть о первой любви;[16+]
210220;210305;Ретро;65;М/ф;Заколдованный мальчик;[16+]
210305;210445;Ретро;65;Х/ф;Дерзость;[16+]
210445;210630;Ретро;65;Х/ф;Дежа Вю;[16+]
210630;210650;Ретро;65;М/ф;Дедушка и внучек;[16+]
210650;210755;Ретро;65;Х/ф;Мудромер 1 с.;[16+]
210755;210900;Ретро;65;Х/ф;Мудромер 2 с.;[16+]
210900;211000;Ретро;65;Х/ф;Испытание верности 1 с.;[16+]
211000;211050;Ретро;65;Х/ф;Испытание верности 2 с.;[16+]
211050;211220;Ретро;65;Х/ф;Трактористы;[16+]
211220;211235;Ретро;65;М/ф;Чемпион;[16+]
211235;211415;Ретро;65;Х/ф;Сезон чудес;[16+]
211415;211530;Ретро;65;Х/ф;Хотите - любите, хотите - нет...;[16+]
211530;211600;Ретро;65;М/ф;Братья Лю;[16+]
211600;211620;Ретро;65;М/ф;Гуси-лебеди;[16+]
211620;211800;Ретро;65;Х/ф;Куда он денется!;[16+]
211800;211935;Ретро;65;Х/ф;Повесть о первой любви;[16+]
211935;212120;Ретро;65;Х/ф;Дерзость;[16+]
212120;212315;Ретро;65;Х/ф;Дежа Вю;[16+]
212315;220050;Ретро;65;Х/ф;Двое под одним зонтом;[16+]
220050;220220;Ретро;65;Х/ф;Если можешь, прости...;[16+]
220220;220230;Ретро;65;М/ф;Непослушный котенок;[16+]
220230;220240;Ретро;65;М/ф;Сестрица Алёнушка и братец Иванушка;[16+]
220240;220300;Ретро;65;М/ф;Весенняя сказкa;[16+]
220300;220420;Ретро;65;Х/ф;Внимание, цунами!;[16+]
220420;220445;Ретро;65;М/ф;Стёпа-моряк;[16+]
220445;220600;Ретро;65;Х/ф;Поезд вне расписания;[16+]
220600;220750;Ретро;65;Х/ф;Кубанские казаки;[16+]
220750;220915;Ретро;65;Х/ф;Свинарка и пастух;[16+]
220915;221050;Ретро;65;Х/ф;Дерзость;[16+]
221050;221245;Ретро;65;Х/ф;Дежа Вю;[16+]
221245;221255;Ретро;65;М/ф;Два жадных медвежонка;[16+]
221255;221435;Ретро;65;Х/ф;Куда он денется!;[16+]
221435;221605;Ретро;65;Х/ф;Повесть о первой любви;[16+]
221605;221630;Ретро;65;М/ф;Чудесный колокольчик;[16+]
221630;221640;Ретро;65;М/ф;Зай и Чик;[6+]
221640;221650;Ретро;65;М/ф;Это что за птица?;[16+]
221650;221705;Ретро;65;М/ф;Олень и волк;[16+]
221705;221840;Ретро;65;Х/ф;Двое под одним зонтом;[16+]
221840;222010;Ретро;65;Х/ф;Если можешь, прости...;[16+]
222010;222140;Ретро;65;Х/ф;Внимание, цунами!;[16+]
222140;222305;Ретро;65;Х/ф;Поезд вне расписания;[16+]
222305;230015;Ретро;65;Х/ф;Узник замка Иф 1 с.;[16+]
230015;230125;Ретро;65;Х/ф;Узник замка Иф 2 с.;[16+]
230125;230305;Ретро;65;Х/ф;Узник замка Иф 3 с.;[16+]
230305;230435;Ретро;65;Х/ф;Сезон чудес;[16+]
230435;230450;Ретро;65;М/ф;Мойдодыр;[16+]
230450;230600;Ретро;65;Х/ф;Хотите - любите, хотите - нет...;[16+]
230600;230700;Ретро;65;Х/ф;Испытание верности 1 с.;[16+]
230700;230750;Ретро;65;Х/ф;Испытание верности 2 с.;[16+]
230750;230910;Ретро;65;Х/ф;Трактористы;[16+]
230910;231030;Ретро;65;Х/ф;Внимание, цунами!;[16+]
231030;231155;Ретро;65;Х/ф;Поезд вне расписания;[16+]
231155;231205;Ретро;65;М/ф;Юля-капризуля;[6+]
231205;231215;Ретро;65;М/ф;Полкан и шавка;[16+]
231215;231225;Ретро;65;М/ф;Машенькин концерт;[16+]
231225;231235;Ретро;65;М/ф;Два жадных медвежонка;[16+]
231235;231245;Ретро;65;М/ф;Мишка-задира;[16+]
231245;231255;Ретро;65;М/ф;Первый урок;[16+]
231255;231435;Ретро;65;Х/ф;Двое под одним зонтом;[16+]
231435;231605;Ретро;65;Х/ф;Если можешь, прости...;[16+]
231605;231620;Ретро;65;М/ф;Соломенный бычок;[16+]
231620;231735;Ретро;65;Х/ф;Узник замка Иф 1 с.;[16+]
231735;231845;Ретро;65;Х/ф;Узник замка Иф 2 с.;[16+]
231845;232025;Ретро;65;Х/ф;Узник замка Иф 3 с.;[16+]
232025;232205;Ретро;65;Х/ф;Сезон чудес;[16+]
232205;232315;Ретро;65;Х/ф;Хотите - любите, хотите - нет...;[16+]
232315;240045;Ретро;65;Х/ф;Опасные гастроли;[16+]
240045;240230;Ретро;65;Х/ф;Инспектор-разиня;[16+]
240230;240250;Ретро;65;М/ф;Сказка о храбром солдате;[16+]
240250;240300;Ретро;65;М/ф;Лев и заяц;[16+]
240300;240435;Ретро;65;Х/ф;Куда он денется!;[16+]
240435;240600;Ретро;65;Х/ф;Повесть о первой любви;[16+]
240600;240735;Ретро;65;Х/ф;Дерзость;[16+]
240735;240750;Ретро;65;М/ф;Храбрый заяц;[16+]
240750;240935;Ретро;65;Х/ф;Дежа Вю;[16+]
240935;241050;Ретро;65;Х/ф;Сезон чудес;[16+]
170500;170545;СТС;13;;100 мест, где поесть;[16+]
170545;170700;СТС;13;;Премьера. С лёгким утром!;[16+]
170700;170830;СТС;13;;ПроСТО кухня. Лучшее;[12+]
170830;170855;СТС;13;;Премьера. Клуб обаятельных животных;[16+]
170855;170945;СТС;13;;100 мест, где поесть;[16+]
170945;171150;СТС;13;Х/ф;Элла и чёрный ягуар;[12+]
171150;171350;СТС;13;Х/ф;Девочка Миа и белый лев;[6+]
171350;171600;СТС;13;Т/с;Плакса;[16+]
171600;171800;СТС;13;Т/с;Плакса-2;[16+]
171800;172100;СТС;13;Т/с;Мама будет против;[16+]
172100;172305;СТС;13;Х/ф;Лотерея;[16+]
172305;180100;СТС;13;Х/ф;Бармен;[16+]
180100;180240;СТС;13;Х/ф;Как звёзды;[18+]
180240;180350;СТС;13;Х/ф;Качели;[18+]
180350;180500;СТС;13;М/ф;Папа-мама гусь;[12+]
180500;180510;СТС;13;М/ф;Папа-мама гусь;[12+]
180510;180545;СТС;13;;100 мест, где поесть;[16+]
180545;180700;СТС;13;;Премьера. С лёгким утром!;[16+]
180700;180830;СТС;13;;ПроСТО кухня. Лучшее;[12+]
180830;180855;СТС;13;;Премьера. Клуб обаятельных животных;[16+]
180855;181000;СТС;13;;100 мест, где поесть;[16+]
181000;181155;СТС;13;Х/ф;Тайна волшебных часов;[6+]
181155;181350;СТС;13;Х/ф;Игрушки из будущего;[12+]
181350;181600;СТС;13;Т/с;Плакса-2;[16+]
181600;181800;СТС;13;Т/с;Плакса-2;[16+]
181800;182050;СТС;13;Т/с;Мама будет против;[16+]
182050;182325;СТС;13;Х/ф;Легенда;[16+]
182325;190205;СТС;13;Х/ф;Творение богов;[18+]
190205;190415;СТС;13;Х/ф;Творение богов. Битва с демонами;[16+]
190415;190500;СТС;13;;100 мест, где поесть;[16+]
190500;190545;СТС;13;;100 мест, где поесть;[16+]
190545;190700;СТС;13;;Премьера. С лёгким утром!;[16+]
190700;190830;СТС;13;;ПроСТО кухня. Лучшее;[12+]
190830;190855;СТС;13;;Премьера. Клуб обаятельных животных;[16+]
190855;191015;СТС;13;;100 мест, где поесть;[16+]
191015;191150;СТС;13;Х/ф;Кольцо фараона;[12+]
191150;191350;СТС;13;Х/ф;Чародейка;[12+]
191350;191600;СТС;13;Т/с;Плакса-2;[16+]
191600;191800;СТС;13;Т/с;Плакса-2;[16+]
191800;192050;СТС;13;Т/с;Мама будет против;[16+]
192050;192305;СТС;13;Х/ф;Тур с Иванушками;[16+]
192305;200100;СТС;13;Х/ф;Оторва;[16+]
200100;200230;СТС;13;Х/ф;Особо опасна;[16+]
200230;200405;СТС;13;Х/ф;Девочка Миа и белый лев;[6+]
200405;200500;СТС;13;;100 мест, где поесть;[16+]
200500;200545;СТС;13;;100 мест, где поесть;[16+]
200545;200700;СТС;13;;Премьера. С лёгким утром!;[16+]
200700;200830;СТС;13;;ПроСТО кухня. Лучшее;[12+]
200830;200855;СТС;13;;Премьера. Клуб обаятельных животных;[16+]
200855;201020;СТС;13;;100 мест, где поесть;[16+]
201020;201205;СТС;13;Х/ф;Манюня: Приключения в деревне;[12+]
201205;201350;СТС;13;Х/ф;Формула популярности;[12+]
201350;201600;СТС;13;Т/с;Плакса-2;[16+]
201600;201800;СТС;13;Т/с;Плакса-2;[16+]
201800;202100;СТС;13;Т/с;Мама будет против;[16+]
202100;202255;СТС;13;Х/ф;Моя супербывшая;[16+]
202255;210055;СТС;13;Х/ф;Агент на уикенд;[16+]
210055;210225;СТС;13;Х/ф;Маленький большой солдат;[18+]
210225;210405;СТС;13;Х/ф;О чём молчат французы;[16+]
210405;210500;СТС;13;;100 мест, где поесть;[16+]
210500;210545;СТС;13;;100 мест, где поесть;[16+]
210545;210700;СТС;13;;Премьера. С лёгким утром!;[16+]
210700;210830;СТС;13;;ПроСТО кухня. Лучшее;[12+]
210830;210855;СТС;13;;Премьера. Клуб обаятельных животных;[16+]
210855;211000;СТС;13;;100 мест, где поесть;[16+]
211000;211020;СТС;13;;Уральские пельмени;[16+]
211020;220500;СТС;13;;Шоу "Уральские пельмени";[16+]
220500;220815;СТС;13;;Шоу "Уральские пельмени";[16+]
220815;220850;СТС;13;;Бери и делай 1 с.;[16+]
220850;220930;СТС;13;;ПроСТО кухня 1 с.;[12+]
220930;221000;СТС;13;;Премьера. ПроСТО кухня 2 с.;[12+]
221000;221100;СТС;13;;100 мест, где поесть;[16+]
221100;221200;СТС;13;;Премьера. Две стороны одной страны 3 с.;[16+]
221200;221235;СТС;13;;Чем заняться в выходные?;[16+]
221235;221425;СТС;13;М/ф;Маракуда;[6+]
221425;221605;СТС;13;М/ф;Садко;[16+]
221605;221740;СТС;13;М/ф;Синдбад. Пираты семи штормов;[6+]
221740;221920;СТС;13;М/ф;Карлик Нос;[16+]
221920;222115;СТС;13;Х/ф;Возвращение попугая Кеши;[6+]
222115;222340;СТС;13;Х/ф;Последний богатырь: Корень зла;[12+]
222340;230115;СТС;13;Х/ф;Гром. Трудное детство;[16+]
230115;230240;СТС;13;Х/ф;Затерянные;[16+]
230240;230405;СТС;13;Х/ф;Бармен;[16+]
230405;230500;СТС;13;М/ф;Побег из страны роботов;[6+]
230500;230530;СТС;13;М/ф;Побег из страны роботов;[6+]
230530;230900;СТС;13;;100 мест, где поесть;[16+]
230900;231000;СТС;13;;Две стороны одной страны 3 с.;[16+]
231000;231030;СТС;13;;Премьера. Бери и делай 2 с.;[16+]
231030;231225;СТС;13;М/ф;Приключения аргонавтов;[6+]
231225;231415;СТС;13;Х/ф;Элвин и бурундуки;[12+]
231415;231600;СТС;13;Х/ф;Элвин и бурундуки-2;[0+]
231600;231740;СТС;13;Х/ф;Элвин и бурундуки-3;[12+]
231740;231935;СТС;13;Х/ф;Элвин и бурундуки: Грандиозное бурундуключение;[12+]
231935;232205;СТС;13;Х/ф;Пятый элемент;[16+]
232205;240015;СТС;13;Х/ф;Горец-2. Оживление;[16+]
240015;240200;СТС;13;Х/ф;Горец-3. Чародей;[18+]
240200;240330;СТС;13;Х/ф;Патруль времени;[16+]
240330;240445;СТС;13;М/ф;Диномама;[6+]
240445;240500;СТС;13;;100 мест, где поесть;[16+]
170610;170755;Наше новое кино;56;Х/ф;Полицейский с Рублевки. Новогодний беспредел;[16+]
170755;170925;Наше новое кино;56;Х/ф;Затерянные;[16+]
170925;171025;Наше новое кино;56;Т/с;Чужой 7 с.;[18+]
171025;171125;Наше новое кино;56;Т/с;Чужой 8 с.;[18+]
171125;171255;Наше новое кино;56;Х/ф;Семь пар нечистых;[16+]
171255;171500;Наше новое кино;56;Х/ф;Последний богатырь;[12+]
171500;171655;Наше новое кино;56;Х/ф;1941. Крылья над Берлином;[16+]
171655;171930;Наше новое кино;56;Х/ф;9 рота;[18+]
171930;172125;Наше новое кино;56;Х/ф;Последний богатырь: Посланник Тьмы;[6+]
172125;172225;Наше новое кино;56;Т/с;Чужой 11 с.;[18+]
172225;172330;Наше новое кино;56;Т/с;Чужой 12 с.;[18+]
172330;180105;Наше новое кино;56;Х/ф;Уволить Жору;[18+]
180105;180340;Наше новое кино;56;Х/ф;Пророк. История Александра Пушкина;[16+]
180340;180515;Наше новое кино;56;Х/ф;Кореша;[18+]
180515;180735;Наше новое кино;56;Х/ф;Заклятье. Шепот ведьм;[18+]
180735;180905;Наше новое кино;56;Х/ф;Полицейский с Рублевки. Новогодний беспредел-2;[16+]
180905;181005;Наше новое кино;56;Т/с;Чужой 9 с.;[18+]
181005;181110;Наше новое кино;56;Т/с;Чужой 10 с.;[18+]
181110;181340;Наше новое кино;56;Х/ф;Командир;[18+]
181340;181550;Наше новое кино;56;Х/ф;Последний богатырь: Корень зла;[6+]
181550;181745;Наше новое кино;56;Х/ф;Туда;[16+]
181745;181945;Наше новое кино;56;Х/ф;Спутник;[16+]
181945;182125;Наше новое кино;56;Х/ф;Уволить Жору;[18+]
182125;182225;Наше новое кино;56;Т/с;Чужой 13 с.;[18+]
182225;182330;Наше новое кино;56;Т/с;Чужой 14 с.;[18+]
182330;190220;Наше новое кино;56;Х/ф;Балканский рубеж;[16+]
190220;190430;Наше новое кино;56;Х/ф;Судьба диверсанта;[16+]
190430;190645;Наше новое кино;56;Х/ф;Смотри на меня!;[18+]
190645;190915;Наше новое кино;56;Х/ф;Пророк. История Александра Пушкина;[16+]
190915;191015;Наше новое кино;56;Т/с;Чужой 11 с.;[18+]
191015;191120;Наше новое кино;56;Т/с;Чужой 12 с.;[18+]
191120;191255;Наше новое кино;56;Х/ф;Несокрушимый;[16+]
191255;191450;Наше новое кино;56;Х/ф;Последний богатырь: Посланник Тьмы;[6+]
191450;191640;Наше новое кино;56;Х/ф;Заклятье. Шепот ведьм;[18+]
191640;191835;Наше новое кино;56;Х/ф;1941. Крылья над Берлином;[16+]
191835;192125;Наше новое кино;56;Х/ф;Балканский рубеж;[16+]
192125;192225;Наше новое кино;56;Т/с;Чужой 15 с.;[18+]
192225;192330;Наше новое кино;56;Т/с;Чужой 16 с.;[18+]
192330;200120;Наше новое кино;56;Х/ф;Брат;[16+]
200120;200330;Наше новое кино;56;Х/ф;Последний богатырь;[12+]
200330;200540;Наше новое кино;56;Х/ф;Ласковый май;[16+]
200540;200750;Наше новое кино;56;Х/ф;Слуга государев;[16+]
200750;200930;Наше новое кино;56;Х/ф;Кореша;[18+]
200930;201030;Наше новое кино;56;Т/с;Чужой 13 с.;[18+]
201030;201130;Наше новое кино;56;Т/с;Чужой 14 с.;[18+]
201130;201405;Наше новое кино;56;Х/ф;9 рота;[18+]
201405;201635;Наше новое кино;56;Х/ф;Командир;[18+]
201635;201805;Наше новое кино;56;Х/ф;Семь пар нечистых;[16+]
201805;201945;Наше новое кино;56;Х/ф;Уволить Жору;[18+]
201945;202135;Наше новое кино;56;Х/ф;Брат;[16+]
202135;202330;Наше новое кино;56;Х/ф;Группа крови;[18+]
202330;210155;Наше новое кино;56;Х/ф;Брат-2;[16+]
210155;210405;Наше новое кино;56;Х/ф;Последний богатырь: Корень зла;[6+]
210405;210555;Наше новое кино;56;Х/ф;За слова отвечаю;[16+]
210555;210805;Наше новое кино;56;Х/ф;Судьба диверсанта;[16+]
210805;210950;Наше новое кино;56;Х/ф;Заклятье. Шепот ведьм;[18+]
210950;211050;Наше новое кино;56;Т/с;Чужой 15 с.;[18+]
211050;211150;Наше новое кино;56;Т/с;Чужой 16 с.;[18+]
211150;211405;Наше новое кино;56;Х/ф;Смотри на меня!;[18+]
211405;211635;Наше новое кино;56;Х/ф;Пророк. История Александра Пушкина;[16+]
211635;211925;Наше новое кино;56;Х/ф;Балканский рубеж;[16+]
211925;212155;Наше новое кино;56;Х/ф;Брат-2;[16+]
212155;212330;Наше новое кино;56;Х/ф;Любовь зла;[16+]
212330;220125;Наше новое кино;56;Х/ф;Руки вверх!;[16+]
220125;220320;Наше новое кино;56;Х/ф;Последний богатырь: Посланник Тьмы;[6+]
220320;220515;Наше новое кино;56;Х/ф;Ненормальный;[12+]
220515;220735;Наше новое кино;56;Х/ф;Ласковый май;[16+]
220735;221000;Наше новое кино;56;Х/ф;Командир;[18+]
221000;221215;Наше новое кино;56;Х/ф;Судьба диверсанта;[16+]
221215;221315;Наше новое кино;56;Т/с;Чужой 11 с.;[18+]
221315;221415;Наше новое кино;56;Т/с;Чужой 12 с.;[18+]
221415;221515;Наше новое кино;56;Т/с;Чужой 13 с.;[18+]
221515;221725;Наше новое кино;56;Х/ф;Последний богатырь;[12+]
221725;221935;Наше новое кино;56;Х/ф;Последний богатырь: Корень зла;[6+]
221935;222130;Наше новое кино;56;Х/ф;Последний богатырь: Посланник Тьмы;[6+]
222130;222330;Наше новое кино;56;Х/ф;Руки вверх!;[16+]
222330;230105;Наше новое кино;56;Х/ф;Уволить Жору;[18+]
230105;230240;Наше новое кино;56;Х/ф;Любовь зла;[16+]
230240;230510;Наше новое кино;56;Х/ф;Пророк. История Александра Пушкина;[16+]
230510;230735;Наше новое кино;56;Х/ф;Ненормальный;[12+]
230735;230945;Наше новое кино;56;Х/ф;Смотри на меня!;[18+]
230945;231140;Наше новое кино;56;Х/ф;За слова отвечаю;[16+]
231140;231330;Наше новое кино;56;Х/ф;Заклятье. Шепот ведьм;[18+]
231330;231430;Наше новое кино;56;Т/с;Чужой 14 с.;[18+]
231430;231530;Наше новое кино;56;Т/с;Чужой 15 с.;[18+]
231530;231635;Наше новое кино;56;Т/с;Чужой 16 с.;[18+]
231635;231910;Наше новое кино;56;Х/ф;9 рота;[18+]
231910;232100;Наше новое кино;56;Х/ф;Брат;[16+]
232100;232330;Наше новое кино;56;Х/ф;Брат-2;[16+]
232330;240220;Наше новое кино;56;Х/ф;Балканский рубеж;[16+]
240220;240610;Наше новое кино;56;Х/ф;Группа крови;[18+]
170530;170740;Индийское кино;58;Х/ф;Мать;[16+]
170740;171005;Индийское кино;58;Х/ф;Испытание любовью;[16+]
171005;171245;Индийское кино;58;Х/ф;Шакунтала;[16+]
171245;171515;Индийское кино;58;Х/ф;Супер-бабушка;[16+]
171515;171800;Индийское кино;58;Х/ф;Весь мир - за нас;[16+]
171800;172110;Индийское кино;58;Х/ф;Игрок 420;[16+]
172110;180000;Индийское кино;58;Х/ф;Противостояние;[16+]
180000;180335;Индийское кино;58;Х/ф;Обманутые надежды;[16+]
180335;180635;Индийское кино;58;Х/ф;Любовь не сломить;[16+]
180635;181005;Индийское кино;58;Х/ф;Очарован тобой;[16+]
181005;181315;Индийское кино;58;Х/ф;Мое сердце - для тебя!;[16+]
181315;181615;Индийское кино;58;Х/ф;Воды Ганга;[16+]
181615;181820;Индийское кино;58;Х/ф;Мать;[16+]
181820;182050;Индийское кино;58;Х/ф;Двойное искушение;[18+]
182050;190000;Индийское кино;58;Х/ф;Цветок и камень;[16+]
190000;190145;Индийское кино;58;Х/ф;Принцесса специй;[16+]
190145;190430;Индийское кино;58;Х/ф;Любовная тайна;[16+]
190430;190735;Индийское кино;58;Х/ф;Банды Индостана;[16+]
190735;191040;Индийское кино;58;Х/ф;Игрок 420;[16+]
191040;191415;Индийское кино;58;Х/ф;Очарован тобой;[16+]
191415;191655;Индийское кино;58;Х/ф;Кровная связь;[16+]
191655;192030;Индийское кино;58;Х/ф;Обманутые надежды;[16+]
192030;200000;Индийское кино;58;Х/ф;Три брата;[16+]
200000;200320;Индийское кино;58;Х/ф;Каран и Арджун;[16+]
200320;200610;Индийское кино;58;Х/ф;Противостояние;[16+]
200610;200930;Индийское кино;58;Х/ф;Весь мир - за нас;[16+]
200930;201150;Индийское кино;58;Х/ф;Яд любви;[16+]
201150;201430;Индийское кино;58;Х/ф;Любовь не сломить;[16+]
201430;201740;Индийское кино;58;Х/ф;Цветок и камень;[16+]
201740;202045;Индийское кино;58;Х/ф;Любовь и смерть;[16+]
202045;210000;Индийское кино;58;Х/ф;Истина, любовь и красота;[16+]
210000;210205;Индийское кино;58;Х/ф;Слово брата;[16+]
210205;210430;Индийское кино;58;Х/ф;Двойное искушение;[18+]
210430;210755;Индийское кино;58;Х/ф;Игрок 420;[16+]
210755;211130;Индийское кино;58;Х/ф;Обманутые надежды;[16+]
211130;211455;Индийское кино;58;Х/ф;Три брата;[16+]
211455;211740;Индийское кино;58;Х/ф;Акаш и Вани;[16+]
211740;212105;Индийское кино;58;Х/ф;Каран и Арджун;[16+]
212105;220000;Индийское кино;58;Х/ф;Шанкар;[16+]
220000;220310;Индийское кино;58;Х/ф;Бобби;[16+]
220310;220705;Индийское кино;58;Х/ф;Очарован тобой;[16+]
220705;220850;Индийское кино;58;Х/ф;Принцесса специй;[16+]
220850;221200;Индийское кино;58;Х/ф;Цветок и камень;[16+]
221200;221510;Индийское кино;58;Х/ф;Бобби;[16+]
221510;221825;Индийское кино;58;Х/ф;Истина, любовь и красота;[16+]
221825;222150;Индийское кино;58;Х/ф;Три брата;[16+]
222150;230000;Индийское кино;58;Х/ф;Слово брата;[16+]
230000;230335;Индийское кино;58;Х/ф;Обманутые надежды;[16+]
230335;230620;Индийское кино;58;Х/ф;Акаш и Вани;[16+]
230620;230825;Индийское кино;58;Х/ф;Мать;[16+]
230825;231105;Индийское кино;58;Х/ф;Кровная связь;[16+]
231105;231340;Индийское кино;58;Х/ф;Любовь не сломить;[16+]
231340;231630;Индийское кино;58;Х/ф;Весь мир - за нас;[16+]
231630;231915;Индийское кино;58;Х/ф;Противостояние;[16+]
231915;232210;Индийское кино;58;Х/ф;Шанкар;[16+]
232210;240000;Индийское кино;58;Х/ф;Принцесса специй;[16+]
240000;240320;Индийское кино;58;Х/ф;Каран и Арджун;[16+]
240320;240530;Индийское кино;58;Х/ф;Двойное искушение;[18+]
170930;171005;TV1000 русское;47;М/с;Отель у овечек;[6+]
171005;171045;TV1000 русское;47;М/с;Смешарики;[6+]
171045;171135;TV1000 русское;47;М/с;Простоквашино;[6+]
171135;171210;TV1000 русское;47;М/с;Три кота;[6+]
171210;171340;TV1000 русское;47;Х/ф;Не одна дома;[12+]
171340;171525;TV1000 русское;47;Х/ф;7 дней, 7 ночей;[12+]
171525;171730;TV1000 русское;47;Х/ф;Тур с Иванушками;[16+]
171730;171930;TV1000 русское;47;Х/ф;Маме снова 17;[16+]
171930;172110;TV1000 русское;47;Х/ф;Культурная комедия;[16+]
172110;172300;TV1000 русское;47;Х/ф;Как я стал русским;[16+]
172300;180050;TV1000 русское;47;Х/ф;День радио;[16+]
180050;180250;TV1000 русское;47;Х/ф;День выборов-2;[16+]
180250;180450;TV1000 русское;47;Х/ф;Монах и Бес;[16+]
180450;180650;TV1000 русское;47;Х/ф;Страсти по Матвею;[16+]
180650;180825;TV1000 русское;47;Х/ф;За слова отвечаю;[16+]
180825;180920;TV1000 русское;47;Х/ф;Двенадцать месяцев;[6+]
180920;180930;TV1000 русское;47;М/ф;Бобик в гостях у Барбоса;[6+]
180930;181005;TV1000 русское;47;М/с;Отель у овечек;[6+]
181005;181040;TV1000 русское;47;М/с;Смешарики;[6+]
181040;181120;TV1000 русское;47;М/с;Простоквашино;[6+]
181120;181200;TV1000 русское;47;М/с;Три кота;[6+]
181200;181355;TV1000 русское;47;Х/ф;Не одна дома-2;[6+]
181355;181550;TV1000 русское;47;Х/ф;Либерея: Охотники за сокровищами;[16+]
181550;181740;TV1000 русское;47;Х/ф;Миллиард;[16+]
181740;181940;TV1000 русское;47;Х/ф;Гуантанамера;[16+]
181940;182110;TV1000 русское;47;Х/ф;Лысый нянь;[16+]
182110;182300;TV1000 русское;47;Х/ф;Атель-Матель;[16+]
182300;190110;TV1000 русское;47;Х/ф;Добро пожаловать в семью;[16+]
190110;190250;TV1000 русское;47;Х/ф;Добро пожаловать в семью: Повар из Неаполя;[16+]
190250;190445;TV1000 русское;47;Х/ф;Василий;[16+]
190445;190610;TV1000 русское;47;Х/ф;Грецкий орешек;[16+]
190610;190800;TV1000 русское;47;Х/ф;Молодой человек;[16+]
190800;190930;TV1000 русское;47;Х/ф;Новогодний шеф;[16+]
190930;191000;TV1000 русское;47;М/с;Отель у овечек;[6+]
191000;191045;TV1000 русское;47;М/с;Смешарики;[6+]
191045;191135;TV1000 русское;47;М/с;Простоквашино;[6+]
191135;191155;TV1000 русское;47;М/с;Три кота;[6+]
191155;191225;TV1000 русское;47;М/с;Три кота. Специальный выпуск;[6+]
191225;191350;TV1000 русское;47;Х/ф;Снежная королева;[6+]
191350;191545;TV1000 русское;47;Х/ф;Василий;[16+]
191545;191720;TV1000 русское;47;Х/ф;Лысый нянь;[16+]
191720;191925;TV1000 русское;47;Х/ф;Добро пожаловать в семью;[16+]
191925;192105;TV1000 русское;47;Х/ф;Добро пожаловать в семью: Повар из Неаполя;[16+]
192105;192300;TV1000 русское;47;Х/ф;Любви не бывает?;[16+]
192300;200105;TV1000 русское;47;Х/ф;Мы рожаем!;[16+]
200105;200250;TV1000 русское;47;Х/ф;Совсем ошалели;[16+]
200250;200430;TV1000 русское;47;Х/ф;По-братски;[16+]
200430;200600;TV1000 русское;47;Х/ф;Ёлки;[6+]
200600;200735;TV1000 русское;47;Х/ф;Ёлки-2;[12+]
200735;200910;TV1000 русское;47;Х/ф;Ёлки-3;[12+]
200910;200930;TV1000 русское;47;М/ф;Летучий корабль;[6+]
200930;201000;TV1000 русское;47;М/с;Отель у овечек;[6+]
201000;201100;TV1000 русское;47;М/с;Смешарики;[6+]
201100;201150;TV1000 русское;47;М/с;Простоквашино;[6+]
201150;201215;TV1000 русское;47;М/с;Три кота. Специальный выпуск 3 с.;[6+]
201215;201220;TV1000 русское;47;М/с;Три кота 1 с.;[6+]
201220;201340;TV1000 русское;47;М/ф;Снежная королева: Перезаморозка;[6+]
201340;201520;TV1000 русское;47;Х/ф;Авантюристы;[16+]
201520;201725;TV1000 русское;47;Х/ф;Гуантанамера;[16+]
201725;201905;TV1000 русское;47;Х/ф;Атель-Матель;[16+]
201905;202105;TV1000 русское;47;Х/ф;День выборов-2;[16+]
202105;202300;TV1000 русское;47;Х/ф;День радио;[16+]
202300;210105;TV1000 русское;47;Х/ф;Ласковый май;[16+]
210105;210245;TV1000 русское;47;Х/ф;Всё, что тебя касается;[16+]
210245;210445;TV1000 русское;47;Х/ф;Тур с Иванушками;[16+]
210445;210630;TV1000 русское;47;Х/ф;Гуляй, Вася! Свидание на Бали;[16+]
210630;210745;TV1000 русское;47;Х/ф;Тайный Санта;[16+]
210745;210910;TV1000 русское;47;Х/ф;Соври мне правду;[16+]
210910;210930;TV1000 русское;47;М/ф;Серая шейка;[6+]
210930;211000;TV1000 русское;47;М/с;Отель у овечек;[6+]
211000;211040;TV1000 русское;47;М/с;Смешарики;[6+]
211040;211120;TV1000 русское;47;М/с;Простоквашино;[6+]
211120;211155;TV1000 русское;47;М/с;Три кота;[6+]
211155;211330;TV1000 русское;47;М/ф;Снежная королева-3. Огонь и лёд;[6+]
211330;211530;TV1000 русское;47;Х/ф;Поехавшая;[16+]
211530;211720;TV1000 русское;47;Х/ф;Крымский мост. Сделано с любовью!;[16+]
211720;211915;TV1000 русское;47;Х/ф;Любви не бывает?;[16+]
211915;212120;TV1000 русское;47;Х/ф;Мы рожаем!;[16+]
212120;212300;TV1000 русское;47;Х/ф;Царевна-лягушка;[6+]
212300;220100;TV1000 русское;47;Х/ф;Маме снова 17;[16+]
220100;220245;TV1000 русское;47;Х/ф;Олень;[16+]
220245;220435;TV1000 русское;47;Х/ф;Ну, здравствуй, Оксана Соколова!;[16+]
220435;220610;TV1000 русское;47;Х/ф;7 дней, 7 ночей;[12+]
220610;220730;TV1000 русское;47;Х/ф;Не одна дома;[12+]
220730;220905;TV1000 русское;47;Х/ф;Не одна дома-2;[6+]
220905;220930;TV1000 русское;47;М/ф;Баранкин, будь человеком!;[6+]
220930;221040;TV1000 русское;47;М/с;Смешарики;[6+]
221040;221135;TV1000 русское;47;М/с;Отель у овечек;[6+]
221135;221235;TV1000 русское;47;М/с;Три кота;[6+]
221235;221400;TV1000 русское;47;М/с;Простоквашино;[6+]
221400;221450;TV1000 русское;47;Т/с;Детектив на кончике пера 1 с.;[16+]
221450;221545;TV1000 русское;47;Т/с;Детектив на кончике пера 2 с.;[16+]
221545;221635;TV1000 русское;47;Т/с;Детектив на кончике пера 3 с.;[16+]
221635;221725;TV1000 русское;47;Т/с;Детектив на кончике пера 4 с.;[16+]
221725;222010;TV1000 русское;47;Х/ф;Томирис;[16+]
222010;222235;TV1000 русское;47;Х/ф;Тарас Бульба;[16+]
222235;230045;TV1000 русское;47;Х/ф;Слуга государев;[16+]
230045;230350;TV1000 русское;47;Х/ф;Контрибуция;[16+]
230350;230610;TV1000 русское;47;Х/ф;Виват, гардемарины!;[16+]
230610;230755;TV1000 русское;47;Х/ф;Гардемарины III;[16+]
230755;230930;TV1000 русское;47;Х/ф;1812: Уланская баллада;[16+]
230930;231000;TV1000 русское;47;М/с;Три кота;[6+]
231000;231040;TV1000 русское;47;М/с;Три кота. Специальный выпуск;[6+]
231040;231150;TV1000 русское;47;М/с;Простоквашино;[6+]
231150;231245;TV1000 русское;47;М/с;Отель у овечек;[6+]
231245;231400;TV1000 русское;47;М/с;Смешарики;[6+]
231400;231455;TV1000 русское;47;Т/с;Детектив на кончике пера 1 с.;[16+]
231455;231545;TV1000 русское;47;Т/с;Детектив на кончике пера 2 с.;[16+]
231545;231635;TV1000 русское;47;Т/с;Детектив на кончике пера 3 с.;[16+]
231635;231725;TV1000 русское;47;Т/с;Детектив на кончике пера 4 с.;[16+]
231725;231905;TV1000 русское;47;Х/ф;Всё, что тебя касается;[16+]
231905;232055;TV1000 русское;47;Х/ф;Летучий корабль;[6+]
232055;232255;TV1000 русское;47;Х/ф;Огниво;[12+]
232255;240055;TV1000 русское;47;Х/ф;Последний богатырь;[12+]
240055;240305;TV1000 русское;47;Х/ф;Последний богатырь: Корень зла;[16+]
240305;240455;TV1000 русское;47;Х/ф;Последний богатырь: Посланник Тьмы;[16+]
240455;240620;TV1000 русское;47;Х/ф;Совсем ошалели;[16+]
240620;240755;TV1000 русское;47;Х/ф;По-братски;[16+]
240755;240930;TV1000 русское;47;Х/ф;Культурная комедия;[16+]
170400;170445;365 дней ТВ;129;;Нобелевские лауреаты 7 с.;[16+]
170445;170500;365 дней ТВ;129;;Русское наследие. Южные рубежи 8 с.;[12+]
170500;170550;365 дней ТВ;129;;Всемирное наследие. Россия 9 с.;[12+]
170550;170605;365 дней ТВ;129;;По законам чести. Из истории дуэлей 8 с.;[12+]
170605;170655;365 дней ТВ;129;Д/с;Оружие холодной войны 9 с.;[16+]
170655;170755;365 дней ТВ;129;Д/ф;Грустное детство Алины Веселовой;[12+]
170755;170830;365 дней ТВ;129;;Найти и рассказать 1 с.;[12+]
170830;170920;365 дней ТВ;129;Д/с;Война престолов: Подлинная история Европы 2 с.;[16+]
170920;171005;365 дней ТВ;129;;Историограф 98 с.;[12+]
171005;171050;365 дней ТВ;129;;Нобелевские лауреаты 8 с.;[16+]
171050;171135;365 дней ТВ;129;Д/с;Освобождение: решающие битвы 5 с.;[12+]
171135;171205;365 дней ТВ;129;Д/с;Взгляд с высоты;[12+]
171205;171250;365 дней ТВ;129;Д/с;Оружие холодной войны 10 с.;[16+]
171250;171400;365 дней ТВ;129;;Моя Россия: музыкальное путешествие 3 с.;[12+]
171400;171425;365 дней ТВ;129;;Россия научная. Великие имена;[12+]
171425;171515;365 дней ТВ;129;Д/с;Война престолов: Подлинная история Европы 3 с.;[16+]
171515;171600;365 дней ТВ;129;;Историограф 99 с.;[12+]
171600;171650;365 дней ТВ;129;;Нобелевские лауреаты 9 с.;[16+]
171650;171730;365 дней ТВ;129;Д/с;Освобождение: решающие битвы 6 с.;[12+]
171730;171805;365 дней ТВ;129;Д/ф;Алексей Щусев. Спасти и сохранить;[12+]
171805;171850;365 дней ТВ;129;Д/с;Освоение Крыма:;[12+]
171850;171935;365 дней ТВ;129;Д/с;Ледоколы войны 2 с.;[12+]
171935;172010;365 дней ТВ;129;Д/с;Взгляд с высоты;[12+]
172010;172110;365 дней ТВ;129;Д/с;Северный морской путь 3 с.;[16+]
172110;172200;365 дней ТВ;129;;Историограф 100 с.;[12+]
172200;172300;365 дней ТВ;129;Д/с;Знаменитые дуэты в истории искусства 4 с.;[16+]
172300;180005;365 дней ТВ;129;;Доноры блокадного Ленинграда. Сквозь время;[12+]
180005;180100;365 дней ТВ;129;Д/с;Версаль - цена величия 1 с.;[16+]
180100;180150;365 дней ТВ;129;;Историограф 73 с.;[12+]
180150;180230;365 дней ТВ;129;Д/с;Сквозь времена 2 с.;[12+]
180230;180310;365 дней ТВ;129;Д/ф;Кондратий Рылеев. Последнее письмо;[12+]
180310;180400;365 дней ТВ;129;Д/с;Неизвестные сражения Великой Отечественной 14 с.;[12+]
180400;180445;365 дней ТВ;129;;Нобелевские лауреаты 8 с.;[16+]
180445;180530;365 дней ТВ;129;Д/с;Освобождение: решающие битвы 5 с.;[12+]
180530;180535;365 дней ТВ;129;;Семь дней истории 266 с.;[12+]
180535;180605;365 дней ТВ;129;Д/с;Взгляд с высоты;[12+]
180605;180650;365 дней ТВ;129;Д/с;Оружие холодной войны 10 с.;[16+]
180650;180800;365 дней ТВ;129;;Моя Россия: музыкальное путешествие 3 с.;[12+]
180800;180825;365 дней ТВ;129;;Россия научная. Великие имена;[12+]
180825;180915;365 дней ТВ;129;Д/с;Война престолов: Подлинная история Европы 3 с.;[16+]
180915;181000;365 дней ТВ;129;;Историограф 99 с.;[12+]
181000;181050;365 дней ТВ;129;;Нобелевские лауреаты 9 с.;[16+]
181050;181130;365 дней ТВ;129;Д/с;Освобождение: решающие битвы 6 с.;[12+]
181130;181205;365 дней ТВ;129;Д/ф;Алексей Щусев. Спасти и сохранить;[12+]
181205;181250;365 дней ТВ;129;Д/с;Освоение Крыма:;[12+]
181250;181335;365 дней ТВ;129;Д/с;Ледоколы войны 2 с.;[12+]
181335;181410;365 дней ТВ;129;Д/с;Взгляд с высоты;[12+]
181410;181510;365 дней ТВ;129;Д/с;Северный морской путь 3 с.;[16+]
181510;181600;365 дней ТВ;129;;Историограф 100 с.;[12+]
181600;181700;365 дней ТВ;129;Д/с;Знаменитые дуэты в истории искусства 4 с.;[16+]
181700;181805;365 дней ТВ;129;;Доноры блокадного Ленинграда. Сквозь время;[12+]
181805;181900;365 дней ТВ;129;Д/с;Версаль - цена величия 1 с.;[16+]
181900;181950;365 дней ТВ;129;;Историограф 73 с.;[12+]
181950;182030;365 дней ТВ;129;Д/с;Сквозь времена 2 с.;[12+]
182030;182110;365 дней ТВ;129;Д/ф;Кондратий Рылеев. Последнее письмо;[12+]
182110;182200;365 дней ТВ;129;Д/с;Неизвестные сражения Великой Отечественной 14 с.;[12+]
182200;182240;365 дней ТВ;129;Д/с;Щит и меч: легенды госбезопасности 3 с.;[16+]
182240;182335;365 дней ТВ;129;Д/ф;Щёлкин. Крёстный отец атомной бомбы;[12+]
182335;190035;365 дней ТВ;129;Д/ф;Новогодняя сказка для взрослых;[16+]
190035;190100;365 дней ТВ;129;Д/с;Жил-был Дом 8 с.;[12+]
190100;190145;365 дней ТВ;129;;Историограф 74 с.;[12+]
190145;190155;365 дней ТВ;129;;Семь дней истории 258 с.;[12+]
190155;190400;365 дней ТВ;129;Д/с;Секреты истории;[16+]
190400;190445;365 дней ТВ;129;;Нобелевские лауреаты 9 с.;[16+]
190445;190530;365 дней ТВ;129;Д/с;Освобождение: решающие битвы 6 с.;[12+]
190530;190600;365 дней ТВ;129;Д/ф;Алексей Щусев. Спасти и сохранить;[12+]
190600;190650;365 дней ТВ;129;Д/с;Освоение Крыма:;[12+]
190650;190735;365 дней ТВ;129;Д/с;Ледоколы войны 2 с.;[12+]
190735;190800;365 дней ТВ;129;;Россия научная. Великие имена;[12+]
190800;191400;365 дней ТВ;129;;Профилактика на канале с 4.00 до 10.00;[]
191400;191430;365 дней ТВ;129;Д/с;Личность в истории 10 с.;[12+]
191430;191435;365 дней ТВ;129;;Семь дней истории 237 с.;[12+]
191435;191520;365 дней ТВ;129;Д/ф;Кондратий Рылеев. Последнее письмо;[12+]
191520;191605;365 дней ТВ;129;Д/с;Неизвестные сражения Великой Отечественной 14 с.;[12+]
191605;191650;365 дней ТВ;129;Д/с;Щит и меч: легенды госбезопасности 3 с.;[16+]
191650;191740;365 дней ТВ;129;Д/ф;Щёлкин. Крёстный отец атомной бомбы;[12+]
191740;191840;365 дней ТВ;129;Д/ф;Новогодняя сказка для взрослых;[16+]
191840;191910;365 дней ТВ;129;Д/с;Жил-был Дом 8 с.;[12+]
191910;191955;365 дней ТВ;129;;Историограф 74 с.;[12+]
191955;192200;365 дней ТВ;129;Д/с;Секреты истории;[16+]
192200;192240;365 дней ТВ;129;Д/с;Щит и меч: легенды госбезопасности 4 с.;[16+]
192240;192305;365 дней ТВ;129;;Россия научная. Великие имена;[12+]
192305;192355;365 дней ТВ;129;;Всемирное наследие. Россия 10 с.;[12+]
192355;200055;365 дней ТВ;129;Д/ф;Донбасс: Изнанка войны;[16+]
200055;200105;365 дней ТВ;129;;Обыкновенная история 234 с.;[6+]
200105;200150;365 дней ТВ;129;;Историограф 75 с.;[12+]
200150;200220;365 дней ТВ;129;Д/с;Народный фронт Победы 17 с.;[12+]
200220;200310;365 дней ТВ;129;Д/с;Война престолов: Подлинная история Европы 1 с.;[16+]
200310;200400;365 дней ТВ;129;Д/с;Неизвестные сражения Великой Отечественной 12 с.;[12+]
200400;200455;365 дней ТВ;129;Д/с;Знаменитые дуэты в истории искусства 4 с.;[16+]
200455;200605;365 дней ТВ;129;;Доноры блокадного Ленинграда. Сквозь время;[12+]
200605;200700;365 дней ТВ;129;Д/с;Версаль - цена величия 1 с.;[16+]
200700;200750;365 дней ТВ;129;;Историограф 73 с.;[12+]
200750;200830;365 дней ТВ;129;Д/с;Сквозь времена 2 с.;[12+]
200830;200910;365 дней ТВ;129;Д/ф;Кондратий Рылеев. Последнее письмо;[12+]
200910;201000;365 дней ТВ;129;Д/с;Неизвестные сражения Великой Отечественной 14 с.;[12+]
201000;201040;365 дней ТВ;129;Д/с;Щит и меч: легенды госбезопасности 3 с.;[16+]
201040;201135;365 дней ТВ;129;Д/ф;Щёлкин. Крёстный отец атомной бомбы;[12+]
201135;201235;365 дней ТВ;129;Д/ф;Новогодняя сказка для взрослых;[16+]
201235;201300;365 дней ТВ;129;Д/с;Жил-был Дом 8 с.;[12+]
201300;201345;365 дней ТВ;129;;Историограф 74 с.;[12+]
201345;201405;365 дней ТВ;129;Д/с;Пешком по Москве 40 с.;[6+]
201405;201610;365 дней ТВ;129;Д/с;Секреты истории;[16+]
201610;201650;365 дней ТВ;129;Д/с;Щит и меч: легенды госбезопасности 4 с.;[16+]
201650;201715;365 дней ТВ;129;;Россия научная. Великие имена;[12+]
201715;201805;365 дней ТВ;129;;Всемирное наследие. Россия 10 с.;[12+]
201805;201905;365 дней ТВ;129;Д/ф;Донбасс: Изнанка войны;[16+]
201905;201950;365 дней ТВ;129;;Историограф 75 с.;[12+]
201950;202020;365 дней ТВ;129;Д/с;Народный фронт Победы 17 с.;[12+]
202020;202110;365 дней ТВ;129;Д/с;Война престолов: Подлинная история Европы 1 с.;[16+]
202110;202200;365 дней ТВ;129;Д/с;Неизвестные сражения Великой Отечественной 12 с.;[12+]
202200;202255;365 дней ТВ;129;Д/с;Это подкаст. История 12 с.;[12+]
202255;202305;365 дней ТВ;129;;Обыкновенная история 322 с.;[6+]
202305;210000;365 дней ТВ;129;;Всемирное наследие. Россия 11 с.;[12+]
210000;210055;365 дней ТВ;129;Т/с;Мятеж 3 с.;[18+]
210055;210150;365 дней ТВ;129;Т/с;Мятеж 4 с.;[18+]
210150;210215;365 дней ТВ;129;;Россия научная. Великие имена;[12+]
210215;210220;365 дней ТВ;129;;Семь дней истории 72 с.;[12+]
210220;210310;365 дней ТВ;129;Д/с;Война престолов: Подлинная история Европы 2 с.;[16+]
210310;210400;365 дней ТВ;129;;Историограф 101 с.;[12+]
210400;210440;365 дней ТВ;129;Д/с;Щит и меч: легенды госбезопасности 3 с.;[16+]
210440;210535;365 дней ТВ;129;Д/ф;Щёлкин. Крёстный отец атомной бомбы;[12+]
210535;210635;365 дней ТВ;129;Д/ф;Новогодняя сказка для взрослых;[16+]
210635;210700;365 дней ТВ;129;Д/с;Жил-был Дом 8 с.;[12+]
210700;210745;365 дней ТВ;129;;Историограф 74 с.;[12+]
210745;210805;365 дней ТВ;129;Д/с;Пешком по Москве 44 с.;[6+]
210805;211010;365 дней ТВ;129;Д/с;Секреты истории;[16+]
211010;211050;365 дней ТВ;129;Д/с;Щит и меч: легенды госбезопасности 4 с.;[16+]
211050;211115;365 дней ТВ;129;;Россия научная. Великие имена;[12+]
211115;211205;365 дней ТВ;129;;Всемирное наследие. Россия 10 с.;[12+]
211205;211305;365 дней ТВ;129;Д/ф;Донбасс: Изнанка войны;[16+]
211305;211350;365 дней ТВ;129;;Историограф 75 с.;[12+]
211350;211420;365 дней ТВ;129;Д/с;Народный фронт Победы 17 с.;[12+]
211420;211515;365 дней ТВ;129;Д/с;Война престолов: Подлинная история Европы 1 с.;[16+]
211515;211530;365 дней ТВ;129;Д/с;Пешком по Москве 45 с.;[6+]
211530;211615;365 дней ТВ;129;Д/с;Неизвестные сражения Великой Отечественной 12 с.;[12+]
211615;211715;365 дней ТВ;129;Д/с;Это подкаст. История 12 с.;[12+]
211715;211805;365 дней ТВ;129;;Всемирное наследие. Россия 11 с.;[12+]
211805;211900;365 дней ТВ;129;Т/с;Мятеж 3 с.;[18+]
211900;211955;365 дней ТВ;129;Т/с;Мятеж 4 с.;[18+]
211955;212020;365 дней ТВ;129;;Россия научная. Великие имена;[12+]
212020;212110;365 дней ТВ;129;Д/с;Война престолов: Подлинная история Европы 2 с.;[16+]
212110;212200;365 дней ТВ;129;;Историограф 101 с.;[12+]
212200;212245;365 дней ТВ;129;;Нобелевские лауреаты 10 с.;[16+]
212245;212305;365 дней ТВ;129;;Русское наследие. Южные рубежи 7 с.;[12+]
212305;220000;365 дней ТВ;129;;Всемирное наследие. Россия 12 с.;[12+]
220000;220045;365 дней ТВ;129;Д/с;Оружие холодной войны 11 с.;[16+]
220045;220100;365 дней ТВ;129;;По законам чести. Из истории дуэлей 16 с.;[12+]
220100;220220;365 дней ТВ;129;Д/ф;Их называли русскими. Самый далёкий фронт;[12+]
220220;220310;365 дней ТВ;129;Д/с;Война престолов: Подлинная история Европы 3 с.;[16+]
220310;220400;365 дней ТВ;129;;Историограф 102 с.;[12+]
220400;220450;365 дней ТВ;129;Д/с;Щит и меч: легенды госбезопасности 4 с.;[16+]
220450;220510;365 дней ТВ;129;;Россия научная. Великие имена;[12+]
220510;220600;365 дней ТВ;129;;Всемирное наследие. Россия 10 с.;[12+]
220600;220700;365 дней ТВ;129;Д/ф;Донбасс: Изнанка войны;[16+]
220700;220745;365 дней ТВ;129;;Историограф 75 с.;[12+]
220745;220810;365 дней ТВ;129;;Россия научная. Великие имена;[12+]
220810;220840;365 дней ТВ;129;Д/с;Народный фронт Победы 17 с.;[12+]
220840;220930;365 дней ТВ;129;Д/с;Война престолов: Подлинная история Европы 1 с.;[16+]
220930;221015;365 дней ТВ;129;Д/с;Неизвестные сражения Великой Отечественной 12 с.;[12+]
221015;221115;365 дней ТВ;129;Д/с;Это подкаст. История 12 с.;[12+]
221115;221205;365 дней ТВ;129;;Всемирное наследие. Россия 11 с.;[12+]
221205;221300;365 дней ТВ;129;Т/с;Мятеж 3 с.;[18+]
221300;221355;365 дней ТВ;129;Т/с;Мятеж 4 с.;[18+]
221355;221420;365 дней ТВ;129;;Россия научная. Великие имена;[12+]
221420;221510;365 дней ТВ;129;Д/с;Война престолов: Подлинная история Европы 2 с.;[16+]
221510;221600;365 дней ТВ;129;;Историограф 101 с.;[12+]
221600;221645;365 дней ТВ;129;;Нобелевские лауреаты 10 с.;[16+]
221645;221705;365 дней ТВ;129;;Русское наследие. Южные рубежи 7 с.;[12+]
221705;221800;365 дней ТВ;129;;Всемирное наследие. Россия 12 с.;[12+]
221800;221845;365 дней ТВ;129;Д/с;Оружие холодной войны 11 с.;[16+]
221845;221900;365 дней ТВ;129;;По законам чести. Из истории дуэлей 16 с.;[12+]
221900;222020;365 дней ТВ;129;Д/ф;Их называли русскими. Самый далёкий фронт;[12+]
222020;222110;365 дней ТВ;129;Д/с;Война престолов: Подлинная история Европы 3 с.;[16+]
222110;222200;365 дней ТВ;129;;Историограф 102 с.;[12+]
222200;222245;365 дней ТВ;129;;Нобелевские лауреаты 11 с.;[16+]
222245;222330;365 дней ТВ;129;Д/с;Освобождение: решающие битвы 7 с.;[12+]
222330;230000;365 дней ТВ;129;Д/с;Жил-был Дом 7 с.;[12+]
230000;230040;365 дней ТВ;129;Д/с;Оружие холодной войны 12 с.;[16+]
230040;230130;365 дней ТВ;129;;Моя Россия: музыкальное путешествие 4 с.;[12+]
230130;230145;365 дней ТВ;129;;По законам чести. Из истории дуэлей 13 с.;[12+]
230145;230220;365 дней ТВ;129;Д/с;Народный фронт Победы 20 с.;[12+]
230220;230310;365 дней ТВ;129;Д/с;Война престолов: Подлинная история Европы 4 с.;[16+]
230310;230400;365 дней ТВ;129;;Историограф 103 с.;[12+]
230400;230455;365 дней ТВ;129;Д/с;Это подкаст. История 12 с.;[12+]
230455;230550;365 дней ТВ;129;;Всемирное наследие. Россия 11 с.;[12+]
230550;230645;365 дней ТВ;129;Т/с;Мятеж 3 с.;[18+]
230645;230740;365 дней ТВ;129;Т/с;Мятеж 4 с.;[18+]
230740;230805;365 дней ТВ;129;;Россия научная. Великие имена;[12+]
230805;230855;365 дней ТВ;129;Д/с;Война престолов: Подлинная история Европы 2 с.;[16+]
230855;230915;365 дней ТВ;129;Д/с;Пешком по Москве 39 с.;[6+]
230915;231000;365 дней ТВ;129;;Историограф 101 с.;[12+]
231000;231045;365 дней ТВ;129;;Нобелевские лауреаты 10 с.;[16+]
231045;231105;365 дней ТВ;129;;Русское наследие. Южные рубежи 7 с.;[12+]
231105;231200;365 дней ТВ;129;;Всемирное наследие. Россия 12 с.;[12+]
231200;231245;365 дней ТВ;129;Д/с;Оружие холодной войны 11 с.;[16+]
231245;231300;365 дней ТВ;129;;По законам чести. Из истории дуэлей 16 с.;[12+]
231300;231420;365 дней ТВ;129;Д/ф;Их называли русскими. Самый далёкий фронт;[12+]
231420;231510;365 дней ТВ;129;Д/с;Война престолов: Подлинная история Европы 3 с.;[16+]
231510;231600;365 дней ТВ;129;;Историограф 102 с.;[12+]
231600;231645;365 дней ТВ;129;;Нобелевские лауреаты 11 с.;[16+]
231645;231730;365 дней ТВ;129;Д/с;Освобождение: решающие битвы 7 с.;[12+]
231730;231800;365 дней ТВ;129;Д/с;Жил-был Дом 7 с.;[12+]
231800;231840;365 дней ТВ;129;Д/с;Оружие холодной войны 12 с.;[16+]
231840;231930;365 дней ТВ;129;;Моя Россия: музыкальное путешествие 4 с.;[12+]
231930;231945;365 дней ТВ;129;;По законам чести. Из истории дуэлей 13 с.;[12+]
231945;232020;365 дней ТВ;129;Д/с;Народный фронт Победы 20 с.;[12+]
232020;232110;365 дней ТВ;129;Д/с;Война престолов: Подлинная история Европы 4 с.;[16+]
232110;232200;365 дней ТВ;129;;Историограф 103 с.;[12+]
232200;232245;365 дней ТВ;129;;Нобелевские лауреаты 12 с.;[16+]
232245;232330;365 дней ТВ;129;Д/с;Освобождение: решающие битвы 8 с.;[12+]
232330;240005;365 дней ТВ;129;Д/с;Русский музей: увидеть невидимое 1 с.;[12+]
240005;240055;365 дней ТВ;129;Д/ф;Георгий Победоносец: 1 с.;[16+]
240055;240140;365 дней ТВ;129;Д/с;Ледоколы войны 3 с.;[12+]
240140;240210;365 дней ТВ;129;Д/с;Народный фронт Победы 18 с.;[12+]
240210;240310;365 дней ТВ;129;Д/с;Северный морской путь 4 с.;[16+]
240310;240400;365 дней ТВ;129;;Историограф 104 с.;[12+]
170440;170545;Киносерия;60;Т/с;И никого не стало 2 с.;[18+]
170545;170655;Киносерия;60;Т/с;И никого не стало 3 с.;[18+]
170655;170845;Киносерия;60;Т/с;Комиссар Рекс 5 с.;[16+]
170845;170940;Киносерия;60;Т/с;Ищейка 1 с.;[18+]
170940;171040;Киносерия;60;Т/с;Ищейка 2 с.;[18+]
171040;171135;Киносерия;60;Т/с;Вольф Мессинг: Видевший сквозь время 1 с.;[16+]
171135;171235;Киносерия;60;Т/с;Вольф Мессинг: Видевший сквозь время 2 с.;[16+]
171235;171330;Киносерия;60;Т/с;Вольф Мессинг: Видевший сквозь время 3 с.;[16+]
171330;171425;Киносерия;60;Т/с;Вольф Мессинг: Видевший сквозь время 4 с.;[16+]
171425;171520;Киносерия;60;Т/с;Комиссар Рекс 12 с.;[16+]
171520;171620;Киносерия;60;Т/с;Комиссар Рекс 13 с.;[16+]
171620;171715;Киносерия;60;Т/с;Комиссар Рекс 14 с.;[16+]
171715;171810;Киносерия;60;Т/с;Комиссар Рекс 15 с.;[16+]
171810;171905;Киносерия;60;Т/с;Чисто английские убийства 1 с.;[16+]
171905;172000;Киносерия;60;Т/с;Чисто английские убийства 2 с.;[16+]
172000;172055;Киносерия;60;Т/с;Чисто английские убийства 3 с.;[16+]
172055;172150;Киносерия;60;Т/с;Чисто английские убийства 4 с.;[16+]
172150;172250;Киносерия;60;Т/с;Ищейка 9 с.;[18+]
172250;180000;Киносерия;60;Т/с;Ищейка 10 с.;[18+]
180000;180100;Киносерия;60;Т/с;Ищейка 11 с.;[18+]
180100;180200;Киносерия;60;Т/с;Ищейка 12 с.;[18+]
180200;180400;Киносерия;60;Т/с;Комиссар Рекс 5 с.;[16+]
180400;180455;Киносерия;60;Т/с;Комиссар Рекс 6 с.;[16+]
180455;180555;Киносерия;60;Т/с;Комиссар Рекс 7 с.;[16+]
180555;180645;Киносерия;60;Х/ф;А зори здесь тихие 1 с.;[16+]
180645;180800;Киносерия;60;Х/ф;А зори здесь тихие 2 с.;[16+]
180800;180850;Киносерия;60;Т/с;Ищейка 3 с.;[18+]
180850;180950;Киносерия;60;Т/с;Ищейка 4 с.;[18+]
180950;181045;Киносерия;60;Т/с;Вольф Мессинг: Видевший сквозь время 4 с.;[16+]
181045;181145;Киносерия;60;Т/с;Вольф Мессинг: Видевший сквозь время 5 с.;[16+]
181145;181240;Киносерия;60;Т/с;Вольф Мессинг: Видевший сквозь время 6 с.;[16+]
181240;181335;Киносерия;60;Т/с;Вольф Мессинг: Видевший сквозь время 7 с.;[16+]
181335;181430;Киносерия;60;Т/с;Вольф Мессинг: Видевший сквозь время 8 с.;[16+]
181430;181530;Киносерия;60;Т/с;Комиссар Рекс 14 с.;[16+]
181530;181625;Киносерия;60;Т/с;Комиссар Рекс 15 с.;[16+]
181625;181720;Киносерия;60;Т/с;Комиссар Рекс 16 с.;[16+]
181720;181815;Киносерия;60;Т/с;Комиссар Рекс 17 с.;[16+]
181815;181910;Киносерия;60;Т/с;Чисто английские убийства 5 с.;[16+]
181910;182005;Киносерия;60;Т/с;Чисто английские убийства 6 с.;[16+]
182005;182100;Киносерия;60;Т/с;Чисто английские убийства 7 с.;[16+]
182100;182155;Киносерия;60;Т/с;Чисто английские убийства 8 с.;[16+]
182155;182255;Киносерия;60;Т/с;Ищейка 11 с.;[18+]
182255;190000;Киносерия;60;Т/с;Ищейка 12 с.;[18+]
190000;190100;Киносерия;60;Т/с;Ищейка 13 с.;[18+]
190100;190200;Киносерия;60;Т/с;Ищейка 14 с.;[18+]
190200;190255;Киносерия;60;Т/с;Комиссар Рекс 6 с.;[16+]
190255;190355;Киносерия;60;Т/с;Комиссар Рекс 7 с.;[16+]
190355;190450;Киносерия;60;Т/с;Комиссар Рекс 8 с.;[16+]
190450;190545;Киносерия;60;Т/с;Комиссар Рекс 9 с.;[16+]
190545;190640;Киносерия;60;Х/ф;А зори здесь тихие 3 с.;[16+]
190640;190805;Киносерия;60;Х/ф;А зори здесь тихие 4 с.;[16+]
190805;190900;Киносерия;60;Т/с;Ищейка 5 с.;[18+]
190900;190955;Киносерия;60;Т/с;Ищейка 6 с.;[18+]
190955;191055;Киносерия;60;Т/с;Вольф Мессинг: Видевший сквозь время 8 с.;[16+]
191055;191150;Киносерия;60;Т/с;Вольф Мессинг: Видевший сквозь время 9 с.;[16+]
191150;191245;Киносерия;60;Т/с;Вольф Мессинг: Видевший сквозь время 10 с.;[16+]
191245;191340;Киносерия;60;Т/с;Вольф Мессинг: Видевший сквозь время 11 с.;[16+]
191340;191435;Киносерия;60;Т/с;Вольф Мессинг: Видевший сквозь время 12 с.;[16+]
191435;191530;Киносерия;60;Т/с;Комиссар Рекс 16 с.;[16+]
191530;191630;Киносерия;60;Т/с;Комиссар Рекс 17 с.;[16+]
191630;191725;Киносерия;60;Т/с;Комиссар Рекс 18 с.;[16+]
191725;191820;Киносерия;60;Т/с;Комиссар Рекс 1 с.;[16+]
191820;191915;Киносерия;60;Т/с;Чисто английские убийства 9 с.;[16+]
191915;192005;Киносерия;60;Т/с;Чисто английские убийства 10 с.;[16+]
192005;192100;Киносерия;60;Т/с;Чисто английские убийства 11 с.;[16+]
192100;192155;Киносерия;60;Т/с;Чисто английские убийства 12 с.;[16+]
192155;192300;Киносерия;60;Т/с;Ищейка 13 с.;[18+]
192300;200000;Киносерия;60;Т/с;Ищейка 14 с.;[18+]
200000;200100;Киносерия;60;Т/с;Ищейка 15 с.;[18+]
200100;200200;Киносерия;60;Т/с;Ищейка 16 с.;[18+]
200200;200300;Киносерия;60;Т/с;Комиссар Рекс 8 с.;[16+]
200300;200355;Киносерия;60;Т/с;Комиссар Рекс 9 с.;[16+]
200355;200450;Киносерия;60;Т/с;Комиссар Рекс 10 с.;[16+]
200450;200545;Киносерия;60;Т/с;Комиссар Рекс 11 с.;[16+]
200545;200640;Киносерия;60;Т/с;Комиссар Рекс 12 с.;[16+]
200640;200740;Киносерия;60;Т/с;Комиссар Рекс 13 с.;[16+]
200740;200840;Киносерия;60;Т/с;Ищейка 7 с.;[18+]
200840;200940;Киносерия;60;Т/с;Ищейка 8 с.;[18+]
200940;201035;Киносерия;60;Т/с;Вольф Мессинг: Видевший сквозь время 12 с.;[16+]
201035;201130;Киносерия;60;Т/с;Вольф Мессинг: Видевший сквозь время 13 с.;[16+]
201130;201225;Киносерия;60;Т/с;Вольф Мессинг: Видевший сквозь время 14 с.;[16+]
201225;201325;Киносерия;60;Т/с;Вольф Мессинг: Видевший сквозь время 15 с.;[16+]
201325;201420;Киносерия;60;Т/с;Вольф Мессинг: Видевший сквозь время 16 с.;[16+]
201420;201515;Киносерия;60;Т/с;Комиссар Рекс 18 с.;[16+]
201515;201615;Киносерия;60;Т/с;Комиссар Рекс 1 с.;[16+]
201615;201710;Киносерия;60;Т/с;Комиссар Рекс 2 с.;[16+]
201710;201805;Киносерия;60;Т/с;Комиссар Рекс 3 с.;[16+]
201805;201900;Киносерия;60;Т/с;Вокально-криминальный ансамбль 1 с.;[16+]
201900;202000;Киносерия;60;Т/с;Вокально-криминальный ансамбль 2 с.;[16+]
202000;202055;Киносерия;60;Т/с;Вокально-криминальный ансамбль 3 с.;[16+]
202055;202155;Киносерия;60;Т/с;Вокально-криминальный ансамбль 4 с.;[16+]
202155;202255;Киносерия;60;Т/с;Ищейка 15 с.;[18+]
202255;210000;Киносерия;60;Т/с;Ищейка 16 с.;[18+]
210000;210050;Киносерия;60;Т/с;Ликвидация 1 с.;[12+]
210050;210145;Киносерия;60;Т/с;Ликвидация 2 с.;[12+]
210145;210240;Киносерия;60;Т/с;Комиссар Рекс 10 с.;[16+]
210240;210335;Киносерия;60;Т/с;Комиссар Рекс 11 с.;[16+]
210335;210430;Киносерия;60;Т/с;Комиссар Рекс 12 с.;[16+]
210430;210530;Киносерия;60;Т/с;Комиссар Рекс 13 с.;[16+]
210530;210615;Киносерия;60;Т/с;Ищейка 1 с.;[18+]
210615;210710;Киносерия;60;Т/с;Ищейка 2 с.;[18+]
210710;210800;Киносерия;60;Т/с;Комиссар Рекс 14 с.;[16+]
210800;210855;Киносерия;60;Т/с;Комиссар Рекс 15 с.;[16+]
210855;210955;Киносерия;60;Т/с;Ищейка 9 с.;[18+]
210955;211105;Киносерия;60;Т/с;Ищейка 10 с.;[18+]
211105;211200;Киносерия;60;Х/ф;А зори здесь тихие 1 с.;[16+]
211200;211250;Киносерия;60;Х/ф;А зори здесь тихие 2 с.;[16+]
211250;211345;Киносерия;60;Х/ф;А зори здесь тихие 3 с.;[16+]
211345;211440;Киносерия;60;Х/ф;А зори здесь тихие 4 с.;[16+]
211440;211535;Киносерия;60;Т/с;Комиссар Рекс 2 с.;[16+]
211535;211630;Киносерия;60;Т/с;Комиссар Рекс 3 с.;[16+]
211630;211725;Киносерия;60;Т/с;Комиссар Рекс 4 с.;[16+]
211725;211820;Киносерия;60;Т/с;Комиссар Рекс 5 с.;[16+]
211820;211920;Киносерия;60;Т/с;Вокально-криминальный ансамбль 5 с.;[16+]
211920;212020;Киносерия;60;Т/с;Вокально-криминальный ансамбль 6 с.;[16+]
212020;212115;Киносерия;60;Т/с;Вокально-криминальный ансамбль 7 с.;[16+]
212115;212210;Киносерия;60;Т/с;Вокально-криминальный ансамбль 8 с.;[16+]
212210;212305;Киносерия;60;Т/с;Ликвидация 1 с.;[12+]
212305;220000;Киносерия;60;Т/с;Ликвидация 2 с.;[12+]
220000;220050;Киносерия;60;Т/с;Ликвидация 3 с.;[12+]
220050;220145;Киносерия;60;Т/с;Ликвидация 4 с.;[12+]
220145;220240;Киносерия;60;Т/с;Комиссар Рекс 12 с.;[16+]
220240;220335;Киносерия;60;Т/с;Комиссар Рекс 13 с.;[16+]
220335;220435;Киносерия;60;Т/с;Комиссар Рекс 14 с.;[16+]
220435;220530;Киносерия;60;Т/с;Комиссар Рекс 15 с.;[16+]
220530;220625;Киносерия;60;Т/с;Вольф Мессинг: Видевший сквозь время 1 с.;[16+]
220625;220720;Киносерия;60;Т/с;Вольф Мессинг: Видевший сквозь время 2 с.;[16+]
220720;220815;Киносерия;60;Т/с;Вольф Мессинг: Видевший сквозь время 3 с.;[16+]
220815;220910;Киносерия;60;Т/с;Вольф Мессинг: Видевший сквозь время 4 с.;[16+]
220910;221010;Киносерия;60;Т/с;Вольф Мессинг: Видевший сквозь время 5 с.;[16+]
221010;221105;Киносерия;60;Т/с;Вольф Мессинг: Видевший сквозь время 6 с.;[16+]
221105;221200;Киносерия;60;Т/с;Вольф Мессинг: Видевший сквозь время 7 с.;[16+]
221200;221255;Киносерия;60;Т/с;Вольф Мессинг: Видевший сквозь время 8 с.;[16+]
221255;221350;Киносерия;60;Т/с;Вокально-криминальный ансамбль 1 с.;[16+]
221350;221450;Киносерия;60;Т/с;Вокально-криминальный ансамбль 2 с.;[16+]
221450;221545;Киносерия;60;Т/с;Вокально-криминальный ансамбль 3 с.;[16+]
221545;221645;Киносерия;60;Т/с;Вокально-криминальный ансамбль 4 с.;[16+]
221645;221740;Киносерия;60;Т/с;Чисто английские убийства 1 с.;[16+]
221740;221835;Киносерия;60;Т/с;Чисто английские убийства 2 с.;[16+]
221835;221925;Киносерия;60;Т/с;Чисто английские убийства 3 с.;[16+]
221925;222020;Киносерия;60;Т/с;Чисто английские убийства 4 с.;[16+]
222020;222115;Киносерия;60;Т/с;Чисто английские убийства 5 с.;[16+]
222115;222210;Киносерия;60;Т/с;Чисто английские убийства 6 с.;[16+]
222210;222305;Киносерия;60;Т/с;Чисто английские убийства 7 с.;[16+]
222305;230000;Киносерия;60;Т/с;Чисто английские убийства 8 с.;[16+]
230000;230050;Киносерия;60;Т/с;Чисто английские убийства 9 с.;[16+]
230050;230145;Киносерия;60;Т/с;Чисто английские убийства 10 с.;[16+]
230145;230240;Киносерия;60;Т/с;Чисто английские убийства 11 с.;[16+]
230240;230335;Киносерия;60;Т/с;Чисто английские убийства 12 с.;[16+]
230335;230430;Киносерия;60;Т/с;Вольф Мессинг: Видевший сквозь время 8 с.;[16+]
230430;230525;Киносерия;60;Т/с;Вольф Мессинг: Видевший сквозь время 9 с.;[16+]
230525;230620;Киносерия;60;Т/с;Вольф Мессинг: Видевший сквозь время 10 с.;[16+]
230620;230710;Киносерия;60;Т/с;Вольф Мессинг: Видевший сквозь время 11 с.;[16+]
230710;230800;Киносерия;60;Т/с;Вольф Мессинг: Видевший сквозь время 12 с.;[16+]
230800;230855;Киносерия;60;Т/с;Вольф Мессинг: Видевший сквозь время 13 с.;[16+]
230855;230955;Киносерия;60;Т/с;Вольф Мессинг: Видевший сквозь время 14 с.;[16+]
230955;231050;Киносерия;60;Т/с;Вольф Мессинг: Видевший сквозь время 15 с.;[16+]
231050;231150;Киносерия;60;Т/с;Вольф Мессинг: Видевший сквозь время 16 с.;[16+]
231150;231245;Киносерия;60;Т/с;Вокально-криминальный ансамбль 5 с.;[16+]
231245;231345;Киносерия;60;Т/с;Вокально-криминальный ансамбль 6 с.;[16+]
231345;231440;Киносерия;60;Т/с;Вокально-криминальный ансамбль 7 с.;[16+]
231440;231535;Киносерия;60;Т/с;Вокально-криминальный ансамбль 8 с.;[16+]
231535;231640;Киносерия;60;Т/с;Ищейка 9 с.;[18+]
231640;231745;Киносерия;60;Т/с;Ищейка 10 с.;[18+]
231745;231850;Киносерия;60;Т/с;Ищейка 11 с.;[18+]
231850;231950;Киносерия;60;Т/с;Ищейка 12 с.;[18+]
231950;232055;Киносерия;60;Т/с;Ищейка 13 с.;[18+]
232055;232155;Киносерия;60;Т/с;Ищейка 14 с.;[18+]
232155;232255;Киносерия;60;Т/с;Ищейка 15 с.;[18+]
232255;240000;Киносерия;60;Т/с;Ищейка 16 с.;[18+]
240000;240050;Киносерия;60;Т/с;Ликвидация 1 с.;[12+]
240050;240145;Киносерия;60;Т/с;Ликвидация 2 с.;[12+]
240145;240235;Киносерия;60;Т/с;Ликвидация 3 с.;[12+]
240235;240330;Киносерия;60;Т/с;Ликвидация 4 с.;[12+]
240330;240440;Киносерия;60;Т/с;Комиссар Рекс 10 с.;[16+]
170830;170925;Телекафе;93;;Своя кухня с Антоном Аренсом;[16+]
170925;171030;Телекафе;93;;Дачные феи. Кулинарные истории;[16+]
171030;171100;Телекафе;93;;Коллекция рецептов;[16+]
171100;171250;Телекафе;93;Х/ф;Бедные родственники;[16+]
171250;171410;Телекафе;93;Х/ф;Жили-были;[16+]
171410;180500;Телекафе;93;Т/с;Мама Лора;[12+]
180500;180550;Телекафе;93;;Коллекция рецептов;[16+]
180550;180635;Телекафе;93;;Ловкость рук;[12+]
180635;180700;Телекафе;93;;Ночной дожор. Новая битва;[12+]
180700;180830;Телекафе;93;;Еда народная;[12+]
180830;180925;Телекафе;93;;Своя кухня с Антоном Аренсом;[16+]
180925;181030;Телекафе;93;;Дачные феи. Кулинарные истории;[16+]
181030;181050;Телекафе;93;;Коллекция рецептов;[16+]
181050;181430;Телекафе;93;Т/с;Линия Марты;[16+]
181430;190450;Телекафе;93;Т/с;Две судьбы;[16+]
190450;190550;Телекафе;93;;Коллекция рецептов;[16+]
190550;190635;Телекафе;93;;Ловкость рук;[12+]
190635;190700;Телекафе;93;;Ночной дожор. Новая битва;[12+]
190700;190830;Телекафе;93;;Еда народная;[12+]
190830;190925;Телекафе;93;;Своя кухня с Антоном Аренсом;[16+]
190925;191030;Телекафе;93;;Дачные феи. Кулинарные истории;[16+]
191030;191050;Телекафе;93;;Коллекция рецептов;[16+]
191050;191430;Телекафе;93;Х/ф;Тамарка;[16+]
191430;200450;Телекафе;93;Т/с;Две судьбы;[16+]
200450;200550;Телекафе;93;;Коллекция рецептов;[16+]
200550;200635;Телекафе;93;;Ловкость рук;[12+]
200635;200700;Телекафе;93;;Ночной дожор. Новая битва;[12+]
200700;200830;Телекафе;93;;Еда народная;[12+]
200830;200925;Телекафе;93;;Своя кухня с Антоном Аренсом;[16+]
200925;201030;Телекафе;93;;Дачные феи. Кулинарные истории;[16+]
201030;201120;Телекафе;93;;Коллекция рецептов;[16+]
201120;201300;Телекафе;93;Х/ф;Пассажирка;[16+]
201300;201940;Телекафе;93;Т/с;Григорий Р;[16+]
201940;210500;Телекафе;93;Т/с;Гибель империи;[16+]
210500;210550;Телекафе;93;;Коллекция рецептов;[16+]
210550;210635;Телекафе;93;;Ловкость рук;[12+]
210635;210700;Телекафе;93;;Ночной дожор. Новая битва;[12+]
210700;210830;Телекафе;93;;Еда народная;[12+]
210830;210925;Телекафе;93;;Своя кухня с Антоном Аренсом;[16+]
210925;211030;Телекафе;93;;Дачные феи. Кулинарные истории;[16+]
211030;211130;Телекафе;93;;Коллекция рецептов;[16+]
211130;211840;Телекафе;93;Т/с;Икра;[16+]
211840;220500;Телекафе;93;Т/с;Охота на Изюбря;[16+]
220500;220550;Телекафе;93;;Коллекция рецептов;[16+]
220550;220635;Телекафе;93;;Ловкость рук;[12+]
220635;220700;Телекафе;93;;Ночной дожор. Новая битва;[12+]
220700;220830;Телекафе;93;;Еда народная;[12+]
220830;220925;Телекафе;93;;Своя кухня с Антоном Аренсом;[16+]
220925;221030;Телекафе;93;;Дачные феи. Кулинарные истории;[16+]
221030;221110;Телекафе;93;;Коллекция рецептов;[16+]
221110;221820;Телекафе;93;Т/с;Галка и Гамаюн;[16+]
221820;230500;Телекафе;93;Т/с;Отчаянные;[16+]
230500;230550;Телекафе;93;;Коллекция рецептов;[16+]
230550;230635;Телекафе;93;;Ловкость рук;[12+]
230635;230700;Телекафе;93;;Ночной дожор. Новая битва;[12+]
230700;230830;Телекафе;93;;Еда народная;[12+]
230830;230925;Телекафе;93;;Своя кухня с Антоном Аренсом;[16+]
230925;231030;Телекафе;93;;Дачные феи. Кулинарные истории;[16+]
231030;231100;Телекафе;93;;Коллекция рецептов;[16+]
231100;240440;Телекафе;93;Т/с;Анна-детективъ;[16+]
240440;240550;Телекафе;93;;Коллекция рецептов;[16+]
240550;240635;Телекафе;93;;Ловкость рук;[12+]
240635;240700;Телекафе;93;;Ночной дожор. Новая битва;[12+]
240700;240830;Телекафе;93;;Еда народная;[12+]
170910;171400;Время;97;Т/с;Убойная сила;[16+]
171400;171720;Время;97;Т/с;Агент национальной безопасности;[16+]
171720;171920;Время;97;Т/с;Побег;[16+]
171920;172210;Время;97;Т/с;Балабол;[16+]
172210;180300;Время;97;Т/с;Убойная сила;[16+]
180300;180500;Время;97;Т/с;Ангел мести;[16+]
180500;180550;Время;97;Д/ф;Екатерина Васильева. Из тени в свет перелетая;[12+]
180550;180650;Время;97;;Порядок вещей;[16+]
180650;180910;Время;97;Т/с;Балабол;[16+]
180910;181400;Время;97;Т/с;Убойная сила;[16+]
181400;181720;Время;97;Т/с;Агент национальной безопасности;[16+]
181720;181920;Время;97;Т/с;Побег;[16+]
181920;182210;Время;97;Т/с;Балабол;[16+]
182210;190300;Время;97;Т/с;Убойная сила;[16+]
190300;190500;Время;97;Т/с;Ангел мести;[16+]
190500;190550;Время;97;Д/ф;Юрий Соломин. Я всегда прав;[12+]
190550;190650;Время;97;;Порядок вещей;[16+]
190650;190910;Время;97;Т/с;Балабол;[16+]
190910;191400;Время;97;Т/с;Убойная сила;[16+]
191400;191720;Время;97;Т/с;Агент национальной безопасности;[16+]
191720;191920;Время;97;Т/с;Побег-2;[16+]
191920;192210;Время;97;Т/с;Балабол;[16+]
192210;200300;Время;97;Т/с;Убойная сила;[16+]
200300;200500;Время;97;Т/с;Ангел мести;[16+]
200500;200550;Время;97;Д/ф;Эдита Пьеха. Я отпустила своё счастье;[12+]
200550;200650;Время;97;;Порядок вещей;[16+]
200650;200910;Время;97;Т/с;Балабол;[16+]
200910;201400;Время;97;Т/с;Убойная сила;[16+]
201400;201720;Время;97;Т/с;Агент национальной безопасности;[16+]
201720;201920;Время;97;Т/с;Побег-2;[16+]
201920;202210;Время;97;Т/с;Балабол;[16+]
202210;210300;Время;97;Т/с;Убойная сила;[16+]
210300;210550;Время;97;Т/с;Ангел мести;[16+]
210550;210650;Время;97;;Порядок вещей;[16+]
210650;210910;Время;97;Т/с;Балабол;[16+]
210910;211400;Время;97;Т/с;Убойная сила;[16+]
211400;211720;Время;97;Т/с;Агент национальной безопасности;[16+]
211720;211920;Время;97;Т/с;Побег-2;[16+]
211920;212210;Время;97;Т/с;Балабол;[16+]
212210;220300;Время;97;Т/с;Убойная сила;[16+]
220300;220550;Время;97;Т/с;Ангел мести;[16+]
220550;220650;Время;97;;Порядок вещей;[16+]
220650;220740;Время;97;;По волне моей памяти;[12+]
220740;220900;Время;97;;Роли исполняют...;[12+]
220900;220940;Время;97;;На ночь глядя;[16+]
220940;221030;Время;97;;Наедине со всеми;[16+]
221030;221100;Время;97;;Жизнь как в кино;[12+]
221100;221310;Время;97;Х/ф;Неудержимые-3;[16+]
221310;221450;Время;97;Х/ф;Перевозчик-3;[16+]
221450;221645;Время;97;Х/ф;Ларго Винч: Начало;[16+]
221645;221850;Время;97;Х/ф;Ларго Винч-2: Заговор в Бирме;[16+]
221850;222025;Время;97;Х/ф;Девять ярдов-2;[16+]
222025;222200;Время;97;Х/ф;Как украсть бриллиант;[16+]
222200;222335;Время;97;Х/ф;Рэмбо: Первая кровь;[16+]
222335;230120;Время;97;Х/ф;Рэмбо: Первая кровь-2;[16+]
230120;230325;Время;97;Х/ф;Неудержимые-3;[16+]
230325;230510;Время;97;Х/ф;Перевозчик-3;[16+]
230510;230550;Время;97;Д/ф;Война и мир Даниила Гранина;[16+]
230550;230650;Время;97;;Порядок вещей;[16+]
230650;230740;Время;97;;По волне моей памяти;[12+]
230740;230900;Время;97;;Роли исполняют...;[12+]
230900;230940;Время;97;;На ночь глядя;[16+]
230940;231030;Время;97;;Наедине со всеми;[16+]
231030;231100;Время;97;;Жизнь как в кино;[16+]
231100;232210;Время;97;Т/с;Фальшивомонетчики;[16+]
232210;240450;Время;97;Т/с;Наследие;[16+]
240450;240550;Время;97;Д/ф;Андрей Тарковский. Трудно быть богом;[12+]
240550;240650;Время;97;;Порядок вещей;[16+]
240650;240910;Время;97;Т/с;Балабол;[16+]
170910;171000;Дом кино;55;М/с;Три кота;[6+]
171000;171110;Дом кино;55;М/ф;Три богатыря. Ни дня без подвига-2;[12+]
171110;171310;Дом кино;55;Т/с;Участок;[16+]
171310;171820;Дом кино;55;Т/с;Улицы разбитых фонарей;[16+]
171820;180130;Дом кино;55;Т/с;Ментовские войны;[16+]
180130;180440;Дом кино;55;Т/с;Знахарь;[16+]
180440;180610;Дом кино;55;Т/с;Филин;[16+]
180610;180740;Дом кино;55;Х/ф;Чемпионы;[16+]
180740;180900;Дом кино;55;Х/ф;Дорогой папа;[16+]
180900;180940;Дом кино;55;М/с;Три кота;[6+]
180940;181110;Дом кино;55;М/ф;Три богатыря и Пуп Земли;[6+]
181110;181310;Дом кино;55;Т/с;Участок;[16+]
181310;181820;Дом кино;55;Т/с;Улицы разбитых фонарей;[16+]
181820;190130;Дом кино;55;Т/с;Ментовские войны;[16+]
190130;190440;Дом кино;55;Т/с;Знахарь;[16+]
190440;190610;Дом кино;55;Т/с;Филин;[16+]
190610;190800;Дом кино;55;Х/ф;Одиннадцать молчаливых мужчин;[16+]
190800;191010;Дом кино;55;Х/ф;Король говорит!;[16+]
191010;191110;Дом кино;55;М/ф;Три богатыря. Ни дня без подвига;[12+]
191110;191310;Дом кино;55;Т/с;Участок;[16+]
191310;191820;Дом кино;55;Т/с;Улицы разбитых фонарей;[16+]
191820;200130;Дом кино;55;Т/с;Ментовские войны;[16+]
200130;200340;Дом кино;55;Т/с;Знахарь;[16+]
200340;200610;Дом кино;55;Т/с;Филин;[16+]
200610;200730;Дом кино;55;Х/ф;Друзья друзей;[16+]
200730;200930;Дом кино;55;Х/ф;Голова-жестянка;[16+]
200930;201050;Дом кино;55;М/ф;Три богатыря и Пуп Земли;[6+]
201050;201250;Дом кино;55;Т/с;Участок;[16+]
201250;201450;Дом кино;55;Т/с;Дальнобойщики;[16+]
201450;202200;Дом кино;55;Т/с;Ментовские войны;[16+]
202200;210200;Дом кино;55;Т/с;Лютый;[16+]
210200;210400;Дом кино;55;Т/с;Знахарь;[16+]
210400;210620;Дом кино;55;Т/с;Филин;[16+]
210620;210750;Дом кино;55;Х/ф;Должок;[16+]
210750;210910;Дом кино;55;Х/ф;Дублёр;[16+]
210910;210950;Дом кино;55;М/с;Три кота;[6+]
210950;211050;Дом кино;55;М/ф;Три богатыря. Ни дня без подвига;[12+]
211050;211250;Дом кино;55;Т/с;Участок;[16+]
211250;211450;Дом кино;55;Т/с;Дальнобойщики;[16+]
211450;212200;Дом кино;55;Т/с;Ментовские войны;[16+]
212200;220200;Дом кино;55;Т/с;Лютый;[16+]
220200;220400;Дом кино;55;Т/с;Знахарь;[16+]
220400;220600;Дом кино;55;Т/с;Филин;[16+]
220600;220800;Дом кино;55;Х/ф;Срочно выйду замуж;[16+]
220800;220920;Дом кино;55;Х/ф;Робо;[12+]
220920;221010;Дом кино;55;М/с;Смешарики;[6+]
221010;221130;Дом кино;55;М/ф;Князь Владимир;[12+]
221130;221300;Дом кино;55;М/ф;Чудо-Юдо;[6+]
221300;221600;Дом кино;55;М/ф;Союзмультфильм представляет...;[6+]
221600;221710;Дом кино;55;М/ф;Три богатыря. Ни дня без подвига;[12+]
221710;221820;Дом кино;55;М/ф;Три богатыря. Ни дня без подвига-2;[12+]
221820;222000;Дом кино;55;М/ф;Три богатыря и Пуп Земли;[6+]
222000;222200;Дом кино;55;Х/ф;Холоп;[16+]
222200;222350;Дом кино;55;Х/ф;Как я стал русским;[16+]
222350;230150;Дом кино;55;Х/ф;В баню!;[16+]
230150;230310;Дом кино;55;Х/ф;Батя;[16+]
230310;230500;Дом кино;55;Х/ф;Жги!;[16+]
230500;230630;Дом кино;55;Х/ф;От печали до радости;[16+]
230630;230800;Дом кино;55;Х/ф;Родные;[16+]
230800;230930;Дом кино;55;Х/ф;Любить по-русски;[16+]
230930;231020;Дом кино;55;М/с;Смешарики;[6+]
231020;231220;Дом кино;55;Х/ф;Классик;[16+]
231220;231400;Дом кино;55;Х/ф;Криминальный квартет;[16+]
231400;240530;Дом кино;55;Т/с;Бандитский Петербург;[16+]
240530;240700;Дом кино;55;Х/ф;Вор;[16+]
240700;240910;Дом кино;55;Х/ф;Не хлебом единым;[16+]
171030;171120;НСТ;44;Х/ф;Дверь дьявола;[18+]
171120;171245;НСТ;44;Х/ф;Кукловод;[18+]
171245;171440;НСТ;44;Х/ф;История двух сестер;[18+]
171440;171630;НСТ;44;Х/ф;Календарь дьявола;[18+]
171630;171810;НСТ;44;Х/ф;Расчлененный;[18+]
171810;171935;НСТ;44;Х/ф;Клаустрофобы: Долина дьявола;[18+]
171935;172150;НСТ;44;Х/ф;Шоссе в никуда;[18+]
172150;172335;НСТ;44;Х/ф;Дверной замок;[18+]
172335;180100;НСТ;44;Х/ф;Пляжный домик;[18+]
180100;180250;НСТ;44;Х/ф;Выжившая;[18+]
180250;180435;НСТ;44;Х/ф;Трюк;[18+]
180435;180615;НСТ;44;Х/ф;Инсомния;[18+]
180615;180750;НСТ;44;Х/ф;Иные;[18+]
180750;180950;НСТ;44;Х/ф;Жизнь Дэвида Гейла;[18+]
180950;181115;НСТ;44;Х/ф;Бегущая в лабиринте;[18+]
181115;181300;НСТ;44;Х/ф;Мальчики на деревьях;[18+]
181300;181430;НСТ;44;Х/ф;Пляжный домик;[18+]
181430;181635;НСТ;44;Х/ф;Кукла. Реинкарнация зла;[18+]
181635;181825;НСТ;44;Х/ф;Выжившая;[18+]
181825;182000;НСТ;44;Х/ф;Сомния;[18+]
182000;182155;НСТ;44;Х/ф;Ганнибал: Восхождение;[18+]
182155;182320;НСТ;44;Х/ф;Баррикады;[18+]
182320;190100;НСТ;44;Х/ф;Собиратель душ;[18+]
190100;190250;НСТ;44;Х/ф;В теле убийцы;[18+]
190250;190420;НСТ;44;Х/ф;Женщины в чёрном;[18+]
190420;190605;НСТ;44;Х/ф;Викинги против пришельцев;[18+]
190605;190755;НСТ;44;Х/ф;История двух сестер;[18+]
190755;190905;НСТ;44;Х/ф;Кукла;[18+]
190905;191035;НСТ;44;Х/ф;Выжившая;[18+]
191035;191220;НСТ;44;Х/ф;Собиратель душ;[18+]
191220;191400;НСТ;44;Х/ф;Отдай свою душу;[18+]
191400;191550;НСТ;44;Х/ф;В теле убийцы;[18+]
191550;191715;НСТ;44;Х/ф;5 неизвестных;[18+]
191715;191835;НСТ;44;Х/ф;Баррикады;[18+]
191835;192000;НСТ;44;Х/ф;Живописный маршрут;[18+]
192000;192135;НСТ;44;Х/ф;Стрельба по мишеням;[18+]
192135;192320;НСТ;44;Х/ф;Ошибка времени;[18+]
192320;200100;НСТ;44;Х/ф;Расчлененный;[18+]
200100;200240;НСТ;44;Х/ф;Кошмар;[18+]
200240;200410;НСТ;44;Х/ф;Пораженный;[18+]
200410;200615;НСТ;44;Х/ф;Шоссе в никуда;[18+]
200615;200750;НСТ;44;Х/ф;Дверной замок;[18+]
200750;200930;НСТ;44;Х/ф;Идеальное убийство;[18+]
200930;201055;НСТ;44;Х/ф;Трюк;[18+]
201055;201225;НСТ;44;Х/ф;Стрельба по мишеням;[18+]
201225;201345;НСТ;44;Х/ф;Проклятие Даунерс-Гроув;[18+]
201345;201530;НСТ;44;Х/ф;Ошибка времени;[18+]
201530;201710;НСТ;44;Х/ф;Дурной глаз;[18+]
201710;201845;НСТ;44;Х/ф;Кошмар;[18+]
201845;202025;НСТ;44;Х/ф;Восставшая из ада;[18+]
202025;202155;НСТ;44;Х/ф;Искатели могил-2;[18+]
202155;202330;НСТ;44;Х/ф;Дьявольские врата;[18+]
202330;210100;НСТ;44;Х/ф;Замёрзшие;[18+]
210100;210245;НСТ;44;Х/ф;Эдем. Райский остров;[18+]
210245;210435;НСТ;44;Х/ф;Венсан должен умереть;[18+]
210435;210625;НСТ;44;Х/ф;Ганнибал: Восхождение;[18+]
210625;210735;НСТ;44;Х/ф;Баррикады;[18+]
210735;210910;НСТ;44;Х/ф;Собиратель душ;[18+]
210910;211020;НСТ;44;Х/ф;Женщины в чёрном;[18+]
211020;211150;НСТ;44;Х/ф;Искатели могил-2;[18+]
211150;211335;НСТ;44;Х/ф;Трюк;[18+]
211335;211510;НСТ;44;Х/ф;Дьявольские врата;[18+]
211510;211650;НСТ;44;Х/ф;Дверной замок;[18+]
211650;211825;НСТ;44;Х/ф;Замёрзшие;[18+]
211825;212015;НСТ;44;Х/ф;Выжившая;[18+]
212015;212150;НСТ;44;Х/ф;В тихом омуте;[18+]
212150;212335;НСТ;44;Х/ф;Дэниел ненастоящий;[18+]
212335;220100;НСТ;44;Х/ф;Клаустрофобы: Инсомния;[18+]
220100;220230;НСТ;44;Х/ф;Изгоняющий дьявола: Абаддон;[18+]
220230;220400;НСТ;44;Х/ф;Час дьявола;[18+]
220400;220525;НСТ;44;Х/ф;Стрельба по мишеням;[18+]
220525;220705;НСТ;44;Х/ф;Ошибка времени;[18+]
220705;220845;НСТ;44;Х/ф;Я тебя жду;[18+]
220845;221010;НСТ;44;Х/ф;Кошмар;[18+]
221010;221125;НСТ;44;Х/ф;Кукла;[18+]
221125;221320;НСТ;44;Х/ф;Викинги против пришельцев;[18+]
221320;221445;НСТ;44;Х/ф;Изгоняющий дьявола: Абаддон;[18+]
221445;221645;НСТ;44;Х/ф;История двух сестер;[18+]
221645;221820;НСТ;44;Х/ф;В тихом омуте;[18+]
221820;222000;НСТ;44;Х/ф;Расчлененный;[18+]
222000;222200;НСТ;44;Х/ф;Красные комнаты;[18+]
222200;230025;НСТ;44;Х/ф;Я видел дьявола;[18+]
230025;230240;НСТ;44;Х/ф;Звонок мертвецу;[18+]
230240;230410;НСТ;44;Х/ф;Флирт с дьяволом;[18+]
230410;230540;НСТ;44;Х/ф;Тёмная сторона;[18+]
230540;230705;НСТ;44;Х/ф;Дьявольские врата;[18+]
230705;230825;НСТ;44;Х/ф;Песок;[18+]
230825;231005;НСТ;44;Х/ф;Венсан должен умереть;[18+]
231005;231135;НСТ;44;Х/ф;Тёмная сторона;[18+]
231135;231300;НСТ;44;Х/ф;Флирт с дьяволом;[18+]
231300;231500;НСТ;44;Х/ф;Красные комнаты;[18+]
231500;231555;НСТ;44;Т/с;Триггер 9 с.;[18+]
231555;231655;НСТ;44;Т/с;Триггер 10 с.;[18+]
231655;231750;НСТ;44;Т/с;Триггер 11 с.;[18+]
231750;231845;НСТ;44;Т/с;Триггер 12 с.;[18+]
231845;231940;НСТ;44;Т/с;Триггер 13 с.;[18+]
231940;232035;НСТ;44;Т/с;Триггер 14 с.;[18+]
232035;232135;НСТ;44;Т/с;Триггер 15 с.;[18+]
232135;232225;НСТ;44;Т/с;Триггер 16 с.;[18+]
232225;240000;НСТ;44;Х/ф;Спи;[18+]
240000;240140;НСТ;44;Х/ф;Заклятье. Последняя битва;[18+]
240140;240320;НСТ;44;Х/ф;Нефариус;[18+]
240320;240440;НСТ;44;Х/ф;Отголоски преступления;[18+]
240440;240610;НСТ;44;Х/ф;В тихом омуте;[18+]
240610;240745;НСТ;44;Х/ф;Дэниел ненастоящий;[18+]
240745;240910;НСТ;44;Х/ф;Клаустрофобы: Инсомния;[18+]
240910;241030;НСТ;44;Х/ф;Лачуга смерти;[18+]
171010;171140;Русский Иллюзион;51;Х/ф;За Палыча!;[16+]
171140;171325;Русский Иллюзион;51;Х/ф;Две женщины;[16+]
171325;171515;Русский Иллюзион;51;Х/ф;Землетрясение;[16+]
171515;171650;Русский Иллюзион;51;Х/ф;Поездка к матери;[16+]
171650;171835;Русский Иллюзион;51;Х/ф;Выиграть или победить;[12+]
171835;172015;Русский Иллюзион;51;Х/ф;Миллиард;[16+]
172015;172210;Русский Иллюзион;51;Х/ф;Последняя цена;[16+]
172210;180000;Русский Иллюзион;51;Х/ф;Жги!;[16+]
180000;180130;Русский Иллюзион;51;Х/ф;Иваново счастье;[16+]
180130;180310;Русский Иллюзион;51;Х/ф;Иваново счастье. Новые истории;[16+]
180310;180440;Русский Иллюзион;51;Х/ф;Адам и Ева;[16+]
180440;180620;Русский Иллюзион;51;Х/ф;Мой папа не подарок;[12+]
180620;180750;Русский Иллюзион;51;Х/ф;За Палыча!;[16+]
180750;180910;Русский Иллюзион;51;Х/ф;Джунгли;[16+]
180910;181020;Русский Иллюзион;51;Х/ф;Борцу не больно;[16+]
181020;181200;Русский Иллюзион;51;Х/ф;Землетрясение;[16+]
181200;181340;Русский Иллюзион;51;Х/ф;Поездка к матери;[16+]
181340;181525;Русский Иллюзион;51;Х/ф;Выиграть или победить;[12+]
181525;181710;Русский Иллюзион;51;Х/ф;Миллиард;[16+]
181710;181900;Русский Иллюзион;51;Х/ф;Последняя цена;[16+]
181900;182045;Русский Иллюзион;51;Х/ф;Жги!;[16+]
182045;182215;Русский Иллюзион;51;Х/ф;Иваново счастье;[16+]
182215;190000;Русский Иллюзион;51;Х/ф;Иваново счастье. Новые истории;[16+]
190000;190135;Русский Иллюзион;51;Х/ф;Робо;[16+]
190135;190300;Русский Иллюзион;51;Х/ф;5 недель;[16+]
190300;190435;Русский Иллюзион;51;Х/ф;За Палыча!;[16+]
190435;190605;Русский Иллюзион;51;Х/ф;Подлец;[18+]
190605;190730;Русский Иллюзион;51;Х/ф;Не обмани;[16+]
190730;190910;Русский Иллюзион;51;Х/ф;Землетрясение;[16+]
190910;191040;Русский Иллюзион;51;Х/ф;Поездка к матери;[16+]
191040;191220;Русский Иллюзион;51;Х/ф;Выиграть или победить;[12+]
191220;191405;Русский Иллюзион;51;Х/ф;Миллиард;[16+]
191405;191555;Русский Иллюзион;51;Х/ф;Последняя цена;[16+]
191555;191740;Русский Иллюзион;51;Х/ф;Жги!;[16+]
191740;191910;Русский Иллюзион;51;Х/ф;Иваново счастье;[16+]
191910;192050;Русский Иллюзион;51;Х/ф;Иваново счастье. Новые истории;[16+]
192050;192225;Русский Иллюзион;51;Х/ф;Робо;[16+]
192225;200000;Русский Иллюзион;51;Х/ф;5 недель;[16+]
200000;200155;Русский Иллюзион;51;Х/ф;Между нами лето;[16+]
200155;200340;Русский Иллюзион;51;Х/ф;Приказ "Уничтожить";[16+]
200340;200515;Русский Иллюзион;51;Х/ф;Поездка к матери;[16+]
200515;200650;Русский Иллюзион;51;Х/ф;Выиграть или победить;[12+]
200650;200825;Русский Иллюзион;51;Х/ф;Миллиард;[16+]
200825;201020;Русский Иллюзион;51;Х/ф;Королёв;[16+]
201020;201210;Русский Иллюзион;51;Х/ф;Последняя цена;[16+]
201210;201355;Русский Иллюзион;51;Х/ф;Жги!;[16+]
201355;201530;Русский Иллюзион;51;Х/ф;Иваново счастье;[16+]
201530;201710;Русский Иллюзион;51;Х/ф;Иваново счастье. Новые истории;[16+]
201710;201840;Русский Иллюзион;51;Х/ф;Робо;[16+]
201840;202010;Русский Иллюзион;51;Х/ф;5 недель;[16+]
202010;202210;Русский Иллюзион;51;Х/ф;Между нами лето;[16+]
202210;210000;Русский Иллюзион;51;Х/ф;Приказ "Уничтожить";[16+]
210000;210150;Русский Иллюзион;51;Х/ф;Мой папа не подарок;[12+]
210150;210315;Русский Иллюзион;51;Х/ф;Синдром;[16+]
210315;210450;Русский Иллюзион;51;Х/ф;Выиграть или победить;[12+]
210450;210630;Русский Иллюзион;51;Х/ф;Миллиард;[16+]
210630;210805;Русский Иллюзион;51;Х/ф;Жги!;[16+]
210805;210915;Русский Иллюзион;51;Х/ф;Вечная зима;[16+]
210915;211045;Русский Иллюзион;51;Х/ф;За Палыча!;[16+]
211045;211210;Русский Иллюзион;51;Х/ф;Иваново счастье;[16+]
211210;211350;Русский Иллюзион;51;Х/ф;Иваново счастье. Новые истории;[16+]
211350;211525;Русский Иллюзион;51;Х/ф;Робо;[16+]
211525;211655;Русский Иллюзион;51;Х/ф;5 недель;[16+]
211655;211855;Русский Иллюзион;51;Х/ф;Между нами лето;[16+]
211855;212035;Русский Иллюзион;51;Х/ф;Приказ "Уничтожить";[16+]
212035;212225;Русский Иллюзион;51;Х/ф;Мой папа не подарок;[12+]
212225;220000;Русский Иллюзион;51;Х/ф;Синдром;[16+]
220000;220140;Русский Иллюзион;51;Х/ф;Ровесники;[16+]
220140;220345;Русский Иллюзион;51;Х/ф;"Позывной "Барон";[16+]
220345;220525;Русский Иллюзион;51;Х/ф;Жги!;[16+]
220525;220645;Русский Иллюзион;51;Х/ф;Иваново счастье;[16+]
220645;220820;Русский Иллюзион;51;Х/ф;Иваново счастье. Новые истории;[16+]
220820;221010;Русский Иллюзион;51;Х/ф;Я остаюсь;[16+]
221010;221140;Русский Иллюзион;51;Х/ф;Робо;[16+]
221140;221310;Русский Иллюзион;51;Х/ф;5 недель;[16+]
221310;221505;Русский Иллюзион;51;Х/ф;Между нами лето;[16+]
221505;221650;Русский Иллюзион;51;Х/ф;Приказ "Уничтожить";[16+]
221650;221840;Русский Иллюзион;51;Х/ф;Мой папа не подарок;[12+]
221840;222005;Русский Иллюзион;51;Х/ф;Синдром;[16+]
222005;222150;Русский Иллюзион;51;Х/ф;Ровесники;[16+]
222150;230000;Русский Иллюзион;51;Х/ф;"Позывной "Барон";[16+]
230000;230140;Русский Иллюзион;51;Х/ф;Уик-Энд;[16+]
230140;230325;Русский Иллюзион;51;Х/ф;Ненормальный;[16+]
230325;230515;Русский Иллюзион;51;Х/ф;Аритмия;[18+]
230515;230650;Русский Иллюзион;51;Х/ф;Новогодняя поэма;[16+]
230650;230815;Русский Иллюзион;51;Х/ф;Иваново счастье;[16+]
230815;230945;Русский Иллюзион;51;Х/ф;Иваново счастье. Новые истории;[16+]
230945;231140;Русский Иллюзион;51;Х/ф;Между нами лето;[16+]
231140;231325;Русский Иллюзион;51;Х/ф;Приказ "Уничтожить";[16+]
231325;231515;Русский Иллюзион;51;Х/ф;Мой папа не подарок;[12+]
231515;231645;Русский Иллюзион;51;Х/ф;Синдром;[16+]
231645;231825;Русский Иллюзион;51;Х/ф;Ровесники;[16+]
231825;232030;Русский Иллюзион;51;Х/ф;"Позывной "Барон";[16+]
232030;232215;Русский Иллюзион;51;Х/ф;Уик-Энд;[16+]
232215;240000;Русский Иллюзион;51;Х/ф;Ненормальный;[16+]
240000;240140;Русский Иллюзион;51;Х/ф;Мы с дедушкой;[16+]
240140;240315;Русский Иллюзион;51;Х/ф;Грешник;[16+]
240315;240455;Русский Иллюзион;51;Х/ф;Анна и Вано. Ванна и вино;[18+]
240455;240645;Русский Иллюзион;51;Х/ф;Между нами лето;[16+]
240645;240820;Русский Иллюзион;51;Х/ф;Приказ "Уничтожить";[16+]
240820;241010;Русский Иллюзион;51;Х/ф;Вратарь Галактики;[6+]
171200;171300;Феникс+Кино;57;Т/с;Заступники 16 с.;[18+]
171300;171400;Феникс+Кино;57;Т/с;Опера. Хроники убойного отдела. Новая версия 67 с.;[18+]
171400;171500;Феникс+Кино;57;Т/с;Опера. Хроники убойного отдела. Новая версия 68 с.;[18+]
171500;171600;Феникс+Кино;57;Т/с;"Всегда говори "всегда" 1 с.;[16+]
171600;171700;Феникс+Кино;57;Т/с;"Всегда говори "всегда" 2 с.;[16+]
171700;171800;Феникс+Кино;57;Т/с;"Всегда говори "всегда" 3 с.;[16+]
171800;171900;Феникс+Кино;57;Т/с;"Всегда говори "всегда" 4 с.;[16+]
171900;172000;Феникс+Кино;57;Т/с;Прииск 8 с.;[18+]
172000;172100;Феникс+Кино;57;Т/с;Заступники 16 с.;[18+]
172100;172200;Феникс+Кино;57;Т/с;Опера. Хроники убойного отдела. Новая версия 67 с.;[18+]
172200;172300;Феникс+Кино;57;Т/с;Опера. Хроники убойного отдела. Новая версия 68 с.;[18+]
172300;180000;Феникс+Кино;57;Т/с;"Всегда говори "всегда" 1 с.;[16+]
180000;180100;Феникс+Кино;57;Т/с;"Всегда говори "всегда" 2 с.;[16+]
180100;180200;Феникс+Кино;57;Т/с;"Всегда говори "всегда" 3 с.;[16+]
180200;180300;Феникс+Кино;57;Т/с;"Всегда говори "всегда" 4 с.;[16+]
180300;180400;Феникс+Кино;57;Т/с;Прииск 8 с.;[18+]
180400;180500;Феникс+Кино;57;Т/с;Сучья война 1 с.;[18+]
180500;180600;Феникс+Кино;57;Т/с;Опера. Хроники убойного отдела. Новая версия 69 с.;[18+]
180600;180700;Феникс+Кино;57;Т/с;Опера. Хроники убойного отдела. Новая версия 70 с.;[18+]
180700;180800;Феникс+Кино;57;Т/с;"Всегда говори "всегда" 5 с.;[16+]
180800;180900;Феникс+Кино;57;Т/с;"Всегда говори "всегда" 6 с.;[16+]
180900;181000;Феникс+Кино;57;Т/с;"Всегда говори "всегда" 7 с.;[16+]
181000;181100;Феникс+Кино;57;Т/с;"Всегда говори "всегда" 8 с.;[16+]
181100;181200;Феникс+Кино;57;Т/с;Прииск-2 1 с.;[18+]
181200;181300;Феникс+Кино;57;Т/с;Сучья война 1 с.;[18+]
181300;181400;Феникс+Кино;57;Т/с;Опера. Хроники убойного отдела. Новая версия 69 с.;[18+]
181400;181500;Феникс+Кино;57;Т/с;Опера. Хроники убойного отдела. Новая версия 70 с.;[18+]
181500;181600;Феникс+Кино;57;Т/с;"Всегда говори "всегда" 5 с.;[16+]
181600;181700;Феникс+Кино;57;Т/с;"Всегда говори "всегда" 6 с.;[16+]
181700;181800;Феникс+Кино;57;Т/с;"Всегда говори "всегда" 7 с.;[16+]
181800;181900;Феникс+Кино;57;Т/с;"Всегда говори "всегда" 8 с.;[16+]
181900;182000;Феникс+Кино;57;Т/с;Прииск-2 1 с.;[18+]
182000;182100;Феникс+Кино;57;Т/с;Сучья война 1 с.;[18+]
182100;182200;Феникс+Кино;57;Т/с;Опера. Хроники убойного отдела. Новая версия 69 с.;[18+]
182200;182300;Феникс+Кино;57;Т/с;Опера. Хроники убойного отдела. Новая версия 70 с.;[18+]
182300;190000;Феникс+Кино;57;Т/с;"Всегда говори "всегда" 5 с.;[16+]
190000;190100;Феникс+Кино;57;Т/с;"Всегда говори "всегда" 6 с.;[16+]
190100;190200;Феникс+Кино;57;Т/с;"Всегда говори "всегда" 7 с.;[16+]
190200;190300;Феникс+Кино;57;Т/с;"Всегда говори "всегда" 8 с.;[16+]
190300;190400;Феникс+Кино;57;Т/с;Прииск-2 1 с.;[18+]
190400;190500;Феникс+Кино;57;Т/с;Сучья война 2 с.;[18+]
190500;190600;Феникс+Кино;57;Т/с;Опера. Хроники убойного отдела. Новая версия 71 с.;[18+]
190600;190700;Феникс+Кино;57;Т/с;Опера. Хроники убойного отдела. Новая версия 72 с.;[18+]
190700;190800;Феникс+Кино;57;Т/с;"Всегда говори "всегда"-2" 1 с.;[16+]
190800;190900;Феникс+Кино;57;Т/с;"Всегда говори "всегда"-2" 2 с.;[16+]
190900;191000;Феникс+Кино;57;Т/с;"Всегда говори "всегда"-2" 3 с.;[16+]
191000;191100;Феникс+Кино;57;Т/с;"Всегда говори "всегда"-2" 4 с.;[16+]
191100;191200;Феникс+Кино;57;Т/с;Прииск-2 2 с.;[18+]
191200;191300;Феникс+Кино;57;Т/с;Сучья война 2 с.;[18+]
191300;191400;Феникс+Кино;57;Т/с;Опера. Хроники убойного отдела. Новая версия 71 с.;[18+]
191400;191500;Феникс+Кино;57;Т/с;Опера. Хроники убойного отдела. Новая версия 72 с.;[18+]
191500;191600;Феникс+Кино;57;Т/с;"Всегда говори "всегда"-2" 1 с.;[16+]
191600;191700;Феникс+Кино;57;Т/с;"Всегда говори "всегда"-2" 2 с.;[16+]
191700;191800;Феникс+Кино;57;Т/с;"Всегда говори "всегда"-2" 3 с.;[16+]
191800;191900;Феникс+Кино;57;Т/с;"Всегда говори "всегда"-2" 4 с.;[16+]
191900;192000;Феникс+Кино;57;Т/с;Прииск-2 2 с.;[18+]
192000;192100;Феникс+Кино;57;Т/с;Сучья война 2 с.;[18+]
192100;192200;Феникс+Кино;57;Т/с;Опера. Хроники убойного отдела. Новая версия 71 с.;[18+]
192200;192300;Феникс+Кино;57;Т/с;Опера. Хроники убойного отдела. Новая версия 72 с.;[18+]
192300;200000;Феникс+Кино;57;Т/с;"Всегда говори "всегда"-2" 1 с.;[16+]
200000;200100;Феникс+Кино;57;Т/с;"Всегда говори "всегда"-2" 2 с.;[16+]
200100;200200;Феникс+Кино;57;Т/с;"Всегда говори "всегда"-2" 3 с.;[16+]
200200;200300;Феникс+Кино;57;Т/с;"Всегда говори "всегда"-2" 4 с.;[16+]
200300;200400;Феникс+Кино;57;Т/с;Прииск-2 2 с.;[18+]
200400;200500;Феникс+Кино;57;Т/с;Сучья война 3 с.;[18+]
200500;200600;Феникс+Кино;57;Т/с;Господа-товарищи 1 с.;[18+]
200600;200700;Феникс+Кино;57;Т/с;Господа-товарищи 2 с.;[18+]
200700;200800;Феникс+Кино;57;Т/с;"Всегда говори "всегда"-2" 5 с.;[16+]
200800;200900;Феникс+Кино;57;Т/с;"Всегда говори "всегда"-2" 6 с.;[16+]
200900;201000;Феникс+Кино;57;Т/с;"Всегда говори "всегда"-2" 7 с.;[16+]
201000;201100;Феникс+Кино;57;Т/с;"Всегда говори "всегда"-2" 8 с.;[16+]
201100;201200;Феникс+Кино;57;Т/с;Прииск-2 3 с.;[18+]
201200;201300;Феникс+Кино;57;Т/с;Сучья война 3 с.;[18+]
201300;201400;Феникс+Кино;57;Т/с;Господа-товарищи 1 с.;[18+]
201400;201500;Феникс+Кино;57;Т/с;Господа-товарищи 2 с.;[18+]
201500;201600;Феникс+Кино;57;Т/с;"Всегда говори "всегда"-2" 5 с.;[16+]
201600;201700;Феникс+Кино;57;Т/с;"Всегда говори "всегда"-2" 6 с.;[16+]
201700;201800;Феникс+Кино;57;Т/с;"Всегда говори "всегда"-2" 7 с.;[16+]
201800;201900;Феникс+Кино;57;Т/с;"Всегда говори "всегда"-2" 8 с.;[16+]
201900;202000;Феникс+Кино;57;Т/с;Прииск-2 3 с.;[18+]
202000;202100;Феникс+Кино;57;Т/с;Сучья война 3 с.;[18+]
202100;202200;Феникс+Кино;57;Т/с;Господа-товарищи 1 с.;[18+]
202200;202300;Феникс+Кино;57;Т/с;Господа-товарищи 2 с.;[18+]
202300;210000;Феникс+Кино;57;Т/с;"Всегда говори "всегда"-2" 5 с.;[16+]
210000;210100;Феникс+Кино;57;Т/с;"Всегда говори "всегда"-2" 6 с.;[16+]
210100;210200;Феникс+Кино;57;Т/с;"Всегда говори "всегда"-2" 7 с.;[16+]
210200;210300;Феникс+Кино;57;Т/с;"Всегда говори "всегда"-2" 8 с.;[16+]
210300;210400;Феникс+Кино;57;Т/с;Прииск-2 3 с.;[18+]
210400;210500;Феникс+Кино;57;Т/с;Сучья война 4 с.;[18+]
210500;210600;Феникс+Кино;57;Т/с;Господа-товарищи 1 с.;[18+]
210600;210700;Феникс+Кино;57;Т/с;Господа-товарищи 2 с.;[18+]
210700;210800;Феникс+Кино;57;Т/с;"Всегда говори "всегда"-3" 1 с.;[16+]
210800;210900;Феникс+Кино;57;Т/с;"Всегда говори "всегда"-3" 2 с.;[16+]
210900;211000;Феникс+Кино;57;Т/с;"Всегда говори "всегда"-3" 3 с.;[16+]
211000;211100;Феникс+Кино;57;Т/с;"Всегда говори "всегда"-3" 4 с.;[16+]
211100;211200;Феникс+Кино;57;Т/с;Прииск-2 4 с.;[18+]
211200;211300;Феникс+Кино;57;Т/с;Сучья война 4 с.;[18+]
211300;211400;Феникс+Кино;57;Т/с;Господа-товарищи 1 с.;[18+]
211400;211500;Феникс+Кино;57;Т/с;Господа-товарищи 2 с.;[18+]
211500;211600;Феникс+Кино;57;Т/с;"Всегда говори "всегда"-3" 1 с.;[16+]
211600;211700;Феникс+Кино;57;Т/с;"Всегда говори "всегда"-3" 2 с.;[16+]
211700;211800;Феникс+Кино;57;Т/с;"Всегда говори "всегда"-3" 3 с.;[16+]
211800;211900;Феникс+Кино;57;Т/с;"Всегда говори "всегда"-3" 4 с.;[16+]
211900;212000;Феникс+Кино;57;Т/с;Прииск-2 4 с.;[18+]
212000;212100;Феникс+Кино;57;Т/с;Сучья война 4 с.;[18+]
212100;212200;Феникс+Кино;57;Т/с;Господа-товарищи 1 с.;[18+]
212200;212300;Феникс+Кино;57;Т/с;Господа-товарищи 2 с.;[18+]
212300;220000;Феникс+Кино;57;Т/с;"Всегда говори "всегда"-3" 1 с.;[16+]
220000;220100;Феникс+Кино;57;Т/с;"Всегда говори "всегда"-3" 2 с.;[16+]
220100;220200;Феникс+Кино;57;Т/с;"Всегда говори "всегда"-3" 3 с.;[16+]
220200;220300;Феникс+Кино;57;Т/с;"Всегда говори "всегда"-3" 4 с.;[16+]
220300;220400;Феникс+Кино;57;Т/с;Прииск-2 4 с.;[18+]
220400;220500;Феникс+Кино;57;Т/с;Сучья война 5 с.;[18+]
220500;220600;Феникс+Кино;57;Т/с;Господа-товарищи 1 с.;[18+]
220600;220700;Феникс+Кино;57;Т/с;Господа-товарищи 2 с.;[18+]
220700;220800;Феникс+Кино;57;Т/с;Как выйти замуж за миллионера-2 5 с.;[16+]
220800;220900;Феникс+Кино;57;Т/с;Как выйти замуж за миллионера-2 6 с.;[16+]
220900;221000;Феникс+Кино;57;Т/с;Как выйти замуж за миллионера-2 7 с.;[16+]
221000;221100;Феникс+Кино;57;Т/с;Как выйти замуж за миллионера-2 8 с.;[16+]
221100;221200;Феникс+Кино;57;Т/с;Прииск-2 5 с.;[18+]
221200;221300;Феникс+Кино;57;Т/с;Сучья война 5 с.;[18+]
221300;221400;Феникс+Кино;57;Т/с;Господа-товарищи 1 с.;[18+]
221400;221500;Феникс+Кино;57;Т/с;Господа-товарищи 2 с.;[18+]
221500;221600;Феникс+Кино;57;Т/с;Как выйти замуж за миллионера-2 5 с.;[16+]
221600;221700;Феникс+Кино;57;Т/с;Как выйти замуж за миллионера-2 6 с.;[16+]
221700;221800;Феникс+Кино;57;Т/с;Как выйти замуж за миллионера-2 7 с.;[16+]
221800;221900;Феникс+Кино;57;Т/с;Как выйти замуж за миллионера-2 8 с.;[16+]
221900;222000;Феникс+Кино;57;Т/с;Прииск-2 5 с.;[18+]
222000;222100;Феникс+Кино;57;Т/с;Сучья война 5 с.;[18+]
222100;222200;Феникс+Кино;57;Т/с;Господа-товарищи 1 с.;[18+]
222200;222300;Феникс+Кино;57;Т/с;Господа-товарищи 2 с.;[18+]
222300;230000;Феникс+Кино;57;Т/с;Как выйти замуж за миллионера-2 5 с.;[16+]
230000;230100;Феникс+Кино;57;Т/с;Как выйти замуж за миллионера-2 6 с.;[16+]
230100;230200;Феникс+Кино;57;Т/с;Как выйти замуж за миллионера-2 7 с.;[16+]
230200;230300;Феникс+Кино;57;Т/с;Как выйти замуж за миллионера-2 8 с.;[16+]
230300;230400;Феникс+Кино;57;Т/с;Прииск-2 5 с.;[18+]
230400;230500;Феникс+Кино;57;Т/с;Сучья война 6 с.;[18+]
230500;230600;Феникс+Кино;57;Т/с;Господа-товарищи 1 с.;[18+]
230600;230700;Феникс+Кино;57;Т/с;Господа-товарищи 2 с.;[18+]
230700;230800;Феникс+Кино;57;Т/с;Как выйти замуж за миллионера-2 9 с.;[16+]
230800;230900;Феникс+Кино;57;Т/с;Как выйти замуж за миллионера-2 10 с.;[16+]
230900;231000;Феникс+Кино;57;Т/с;Как выйти замуж за миллионера-2 11 с.;[16+]
231000;231100;Феникс+Кино;57;Т/с;Как выйти замуж за миллионера-2 12 с.;[16+]
231100;231200;Феникс+Кино;57;Т/с;Прииск-2 6 с.;[18+]
231200;231300;Феникс+Кино;57;Т/с;Сучья война 6 с.;[18+]
231300;231400;Феникс+Кино;57;Т/с;Господа-товарищи 1 с.;[18+]
231400;231500;Феникс+Кино;57;Т/с;Господа-товарищи 2 с.;[18+]
231500;231600;Феникс+Кино;57;Т/с;Как выйти замуж за миллионера-2 9 с.;[16+]
231600;231700;Феникс+Кино;57;Т/с;Как выйти замуж за миллионера-2 10 с.;[16+]
231700;231800;Феникс+Кино;57;Т/с;Как выйти замуж за миллионера-2 11 с.;[16+]
231800;231900;Феникс+Кино;57;Т/с;Как выйти замуж за миллионера-2 12 с.;[16+]
231900;232000;Феникс+Кино;57;Т/с;Прииск-2 6 с.;[18+]
232000;232100;Феникс+Кино;57;Т/с;Сучья война 6 с.;[18+]
232100;232200;Феникс+Кино;57;Т/с;Господа-товарищи 1 с.;[18+]
232200;232300;Феникс+Кино;57;Т/с;Господа-товарищи 2 с.;[18+]
232300;240000;Феникс+Кино;57;Т/с;Как выйти замуж за миллионера-2 9 с.;[16+]
240000;240100;Феникс+Кино;57;Т/с;Как выйти замуж за миллионера-2 10 с.;[16+]
240100;240200;Феникс+Кино;57;Т/с;Как выйти замуж за миллионера-2 11 с.;[16+]
240200;240300;Феникс+Кино;57;Т/с;Как выйти замуж за миллионера-2 12 с.;[16+]
240300;240400;Феникс+Кино;57;Т/с;Прииск-2 6 с.;[18+]
240400;240500;Феникс+Кино;57;Т/с;Сучья война 7 с.;[18+]
240500;240600;Феникс+Кино;57;Т/с;Господа-товарищи 1 с.;[18+]
240600;240700;Феникс+Кино;57;Т/с;Господа-товарищи 2 с.;[18+]
240700;240800;Феникс+Кино;57;Т/с;"Всегда говори "всегда"-3" 5 с.;[16+]
240800;240900;Феникс+Кино;57;Т/с;"Всегда говори "всегда"-3" 6 с.;[16+]
240900;241000;Феникс+Кино;57;Т/с;"Всегда говори "всегда"-3" 7 с.;[16+]
241000;241100;Феникс+Кино;57;Т/с;"Всегда говори "всегда"-3" 8 с.;[16+]
241100;241200;Феникс+Кино;57;Т/с;Прииск-2 7 с.;[18+]
171000;171020;.Red;85;;Как отреставрировать замок (и остаться в живых) 6 с.;[16+]
171020;171155;.Red;85;Х/ф;Замёрзшая из Майами;[16+]
171155;171315;.Red;85;М/ф;Отважный Бим и пернатые колокольчики;[12+]
171315;171500;.Red;85;Х/ф;Певица на всю голову;[16+]
171500;171705;.Red;85;Х/ф;Месть от кутюр;[16+]
171705;171850;.Red;85;Х/ф;Сердцеед;[16+]
171850;172050;.Red;85;Х/ф;Шагни вперёд;[16+]
172050;172230;.Red;85;Х/ф;Пока я рядом;[16+]
172230;180000;.Red;85;Х/ф;Дождь из мужчин;[16+]
180000;180050;.Red;85;Т/с;Тайны Авроры Тигарден 9 с.;[16+]
180050;180140;.Red;85;Т/с;Тайны Авроры Тигарден 10 с.;[16+]
180140;180200;.Red;85;Т/с;Больница Сент-Винсент 66 с.;[16+]
180200;180225;.Red;85;Т/с;Больница Сент-Винсент 67 с.;[16+]
180225;180245;.Red;85;Т/с;Больница Сент-Винсент 68 с.;[16+]
180245;180310;.Red;85;Т/с;Больница Сент-Винсент 69 с.;[16+]
180310;180335;.Red;85;Т/с;Больница Сент-Винсент 70 с.;[16+]
180335;180535;.Red;85;Х/ф;Супергерои;[16+]
180535;180615;.Red;85;Т/с;Тайны Авроры Тигарден 9 с.;[16+]
180615;180700;.Red;85;Т/с;Тайны Авроры Тигарден 10 с.;[16+]
180700;180720;.Red;85;Т/с;Больница Сент-Винсент 66 с.;[16+]
180720;180740;.Red;85;Т/с;Больница Сент-Винсент 67 с.;[16+]
180740;180800;.Red;85;Т/с;Больница Сент-Винсент 68 с.;[16+]
180800;180915;.Red;85;М/ф;Сирокко из страны ветров;[12+]
180915;180935;.Red;85;;Как отреставрировать замок (и остаться в живых) 7 с.;[16+]
180935;181000;.Red;85;;Как отреставрировать замок (и остаться в живых) 8 с.;[16+]
181000;181020;.Red;85;;Как отреставрировать замок (и остаться в живых) 9 с.;[16+]
181020;181205;.Red;85;Х/ф;Сердцеед;[16+]
181205;181225;.Red;85;Т/с;Секретные рецепты Мэри Берг 4 с.;[16+]
181225;181245;.Red;85;Т/с;Секретные рецепты Мэри Берг 5 с.;[16+]
181245;181310;.Red;85;Т/с;Секретные рецепты Мэри Берг 6 с.;[16+]
181310;181355;.Red;85;Т/с;Валентина, любовь моя 19 с.;[16+]
181355;181440;.Red;85;Т/с;Валентина, любовь моя 20 с.;[16+]
181440;181530;.Red;85;Т/с;Тайны Авроры Тигарден 9 с.;[16+]
181530;181620;.Red;85;Т/с;Тайны Авроры Тигарден 10 с.;[16+]
181620;181810;.Red;85;Х/ф;Певица на всю голову;[16+]
181810;181830;.Red;85;Т/с;Как остаться в браке 1 с.;[16+]
181830;181855;.Red;85;Т/с;Как остаться в браке 2 с.;[16+]
181855;181915;.Red;85;Т/с;Как остаться в браке 3 с.;[16+]
181915;181940;.Red;85;Т/с;Как остаться в браке 4 с.;[16+]
181940;182005;.Red;85;Т/с;Как остаться в браке 5 с.;[16+]
182005;182030;.Red;85;Т/с;Как остаться в браке 6 с.;[16+]
182030;182055;.Red;85;Т/с;Как остаться в браке 7 с.;[16+]
182055;182120;.Red;85;Т/с;Как остаться в браке 8 с.;[16+]
182120;182205;.Red;85;Т/с;Валентина, любовь моя 21 с.;[16+]
182205;182255;.Red;85;Т/с;Валентина, любовь моя 22 с.;[16+]
182255;182315;.Red;85;Т/с;Секретные рецепты Мэри Берг 7 с.;[16+]
182315;182340;.Red;85;Т/с;Секретные рецепты Мэри Берг 8 с.;[16+]
182340;190000;.Red;85;Т/с;Секретные рецепты Мэри Берг 9 с.;[16+]
190000;190050;.Red;85;Т/с;Тайны Авроры Тигарден 11 с.;[16+]
190050;190140;.Red;85;Т/с;Тайны Авроры Тигарден 12 с.;[16+]
190140;190200;.Red;85;Т/с;Больница Сент-Винсент 71 с.;[16+]
190200;190225;.Red;85;Т/с;Больница Сент-Винсент 72 с.;[16+]
190225;190250;.Red;85;Т/с;Больница Сент-Винсент 73 с.;[16+]
190250;190315;.Red;85;Т/с;Больница Сент-Винсент 74 с.;[16+]
190315;190335;.Red;85;Т/с;Больница Сент-Винсент 75 с.;[16+]
190335;190535;.Red;85;Х/ф;Адаптация;[18+]
190535;190620;.Red;85;Т/с;Тайны Авроры Тигарден 11 с.;[16+]
190620;190700;.Red;85;Т/с;Тайны Авроры Тигарден 12 с.;[16+]
190700;190720;.Red;85;Т/с;Больница Сент-Винсент 71 с.;[16+]
190720;190740;.Red;85;Т/с;Больница Сент-Винсент 72 с.;[16+]
190740;190805;.Red;85;Т/с;Больница Сент-Винсент 73 с.;[16+]
190805;190915;.Red;85;М/ф;Отважный Бим и пернатые колокольчики;[12+]
190915;190935;.Red;85;;Как отреставрировать замок (и остаться в живых) 10 с.;[16+]
190935;191000;.Red;85;;Как отреставрировать замок (и остаться в живых) 11 с.;[16+]
191000;191020;.Red;85;;Как отреставрировать замок (и остаться в живых) 12 с.;[16+]
191020;191215;.Red;85;Х/ф;Месть от кутюр;[16+]
191215;191240;.Red;85;Т/с;Секретные рецепты Мэри Берг 8 с.;[16+]
191240;191300;.Red;85;Т/с;Секретные рецепты Мэри Берг 9 с.;[16+]
191300;191345;.Red;85;Т/с;Валентина, любовь моя 21 с.;[16+]
191345;191435;.Red;85;Т/с;Валентина, любовь моя 22 с.;[16+]
191435;191525;.Red;85;Т/с;Тайны Авроры Тигарден 11 с.;[16+]
191525;191615;.Red;85;Т/с;Тайны Авроры Тигарден 12 с.;[16+]
191615;191755;.Red;85;Х/ф;Замёрзшая из Майами;[16+]
191755;191820;.Red;85;Т/с;Как остаться в браке 1 с.;[16+]
191820;191845;.Red;85;Т/с;Как остаться в браке 2 с.;[16+]
191845;191910;.Red;85;Т/с;Как остаться в браке 3 с.;[16+]
191910;191935;.Red;85;Т/с;Как остаться в браке 4 с.;[16+]
191935;192000;.Red;85;Т/с;Как остаться в браке 5 с.;[16+]
192000;192025;.Red;85;Т/с;Как остаться в браке 6 с.;[16+]
192025;192050;.Red;85;Т/с;Как остаться в браке 7 с.;[16+]
192050;192120;.Red;85;Т/с;Как остаться в браке 8 с.;[16+]
192120;192205;.Red;85;Т/с;Валентина, любовь моя 23 с.;[16+]
192205;192255;.Red;85;Т/с;Валентина, любовь моя 24 с.;[16+]
192255;192315;.Red;85;Т/с;Секретные рецепты Мэри Берг 10 с.;[16+]
192315;192340;.Red;85;Т/с;Секретные рецепты Мэри Берг 11 с.;[16+]
192340;200000;.Red;85;Т/с;Секретные рецепты Мэри Берг 12 с.;[16+]
200000;200050;.Red;85;Т/с;Тайны Авроры Тигарден 13 с.;[16+]
200050;200140;.Red;85;Т/с;Тайны Авроры Тигарден 14 с.;[16+]
200140;200205;.Red;85;Т/с;Больница Сент-Винсент 76 с.;[16+]
200205;200225;.Red;85;Т/с;Больница Сент-Винсент 77 с.;[16+]
200225;200250;.Red;85;Т/с;Больница Сент-Винсент 78 с.;[16+]
200250;200310;.Red;85;Т/с;Больница Сент-Винсент 79 с.;[16+]
200310;200335;.Red;85;Т/с;Больница Сент-Винсент 80 с.;[16+]
200335;200610;.Red;85;Х/ф;История моей жены;[16+]
200610;200655;.Red;85;Т/с;Тайны Авроры Тигарден 13 с.;[16+]
200655;200735;.Red;85;Т/с;Тайны Авроры Тигарден 14 с.;[16+]
200735;200755;.Red;85;Т/с;Больница Сент-Винсент 76 с.;[16+]
200755;200820;.Red;85;Т/с;Больница Сент-Винсент 77 с.;[16+]
200820;200940;.Red;85;Х/ф;Дождь из мужчин;[16+]
200940;201000;.Red;85;;Как отреставрировать замок (и остаться в живых) 13 с.;[16+]
201000;201020;.Red;85;;Как отреставрировать замок (и остаться в живых) 14 с.;[16+]
201020;201220;.Red;85;Х/ф;Супергерои;[16+]
201220;201240;.Red;85;Т/с;Секретные рецепты Мэри Берг 11 с.;[16+]
201240;201305;.Red;85;Т/с;Секретные рецепты Мэри Берг 12 с.;[16+]
201305;201350;.Red;85;Т/с;Валентина, любовь моя 23 с.;[16+]
201350;201435;.Red;85;Т/с;Валентина, любовь моя 24 с.;[16+]
201435;201525;.Red;85;Т/с;Тайны Авроры Тигарден 13 с.;[16+]
201525;201615;.Red;85;Т/с;Тайны Авроры Тигарден 14 с.;[16+]
201615;201740;.Red;85;Х/ф;Дождь из мужчин;[16+]
201740;201805;.Red;85;Т/с;Как остаться в браке 1 с.;[16+]
201805;201835;.Red;85;Т/с;Как остаться в браке 2 с.;[16+]
201835;201900;.Red;85;Т/с;Как остаться в браке 3 с.;[16+]
201900;201925;.Red;85;Т/с;Как остаться в браке 4 с.;[16+]
201925;201955;.Red;85;Т/с;Как остаться в браке 5 с.;[16+]
201955;202020;.Red;85;Т/с;Как остаться в браке 6 с.;[16+]
202020;202045;.Red;85;Т/с;Как остаться в браке 7 с.;[16+]
202045;202115;.Red;85;Т/с;Как остаться в браке 8 с.;[16+]
202115;202205;.Red;85;Т/с;Валентина, любовь моя 25 с.;[16+]
202205;202255;.Red;85;Т/с;Валентина, любовь моя 26 с.;[16+]
202255;202315;.Red;85;Т/с;Секретные рецепты Мэри Берг 13 с.;[16+]
202315;202335;.Red;85;Т/с;Секретные рецепты Мэри Берг 14 с.;[16+]
202335;210000;.Red;85;Т/с;Секретные рецепты Мэри Берг 15 с.;[16+]
210000;210050;.Red;85;Т/с;Тайны Авроры Тигарден 15 с.;[16+]
210050;210140;.Red;85;Т/с;Тайны Авроры Тигарден 16 с.;[16+]
210140;210205;.Red;85;Т/с;Больница Сент-Винсент 81 с.;[16+]
210205;210225;.Red;85;Т/с;Больница Сент-Винсент 82 с.;[16+]
210225;210250;.Red;85;Т/с;Больница Сент-Винсент 83 с.;[16+]
210250;210315;.Red;85;Т/с;Больница Сент-Винсент 84 с.;[16+]
210315;210335;.Red;85;Т/с;Больница Сент-Винсент 85 с.;[16+]
210335;210535;.Red;85;Х/ф;После свадьбы;[16+]
210535;210620;.Red;85;Т/с;Тайны Авроры Тигарден 15 с.;[16+]
210620;210705;.Red;85;Т/с;Тайны Авроры Тигарден 16 с.;[16+]
210705;210725;.Red;85;Т/с;Больница Сент-Винсент 81 с.;[16+]
210725;210745;.Red;85;Т/с;Больница Сент-Винсент 82 с.;[16+]
210745;210915;.Red;85;Х/ф;Пока я рядом;[16+]
210915;210940;.Red;85;;Как отреставрировать замок (и остаться в живых) 15 с.;[16+]
210940;211000;.Red;85;;Как отреставрировать замок (и остаться в живых) 16 с.;[16+]
211000;211020;.Red;85;;Как отреставрировать замок (и остаться в живых) 17 с.;[16+]
211020;211040;.Red;85;;Как отреставрировать замок (и остаться в живых) 18 с.;[16+]
211040;211225;.Red;85;Х/ф;Певица на всю голову;[16+]
211225;211315;.Red;85;Т/с;Валентина, любовь моя 25 с.;[16+]
211315;211405;.Red;85;Т/с;Валентина, любовь моя 26 с.;[16+]
211405;211455;.Red;85;Т/с;Тайны Авроры Тигарден 15 с.;[16+]
211455;211545;.Red;85;Т/с;Тайны Авроры Тигарден 16 с.;[16+]
211545;211730;.Red;85;Х/ф;Пока я рядом;[16+]
211730;211825;.Red;85;Т/с;Сделано в Италии 1 с.;[16+]
211825;211920;.Red;85;Т/с;Сделано в Италии 2 с.;[16+]
211920;212015;.Red;85;Т/с;Сделано в Италии 3 с.;[16+]
212015;212110;.Red;85;Т/с;Сделано в Италии 4 с.;[16+]
212110;212205;.Red;85;Т/с;Валентина, любовь моя 27 с.;[16+]
212205;212255;.Red;85;Т/с;Валентина, любовь моя 28 с.;[16+]
212255;212315;.Red;85;Т/с;Секретные рецепты Мэри Берг 16 с.;[16+]
212315;212335;.Red;85;Т/с;Секретные рецепты Мэри Берг 17 с.;[16+]
212335;220000;.Red;85;Т/с;Секретные рецепты Мэри Берг 18 с.;[16+]
220000;220115;.Red;85;Х/ф;Залёт;[16+]
220115;220300;.Red;85;Х/ф;Мой лучший любовник;[16+]
220300;220450;.Red;85;Х/ф;Герцогиня;[16+]
220450;220645;.Red;85;Х/ф;Адаптация;[18+]
220645;220915;.Red;85;Х/ф;История моей жены;[16+]
220915;220940;.Red;85;;Как отреставрировать замок (и остаться в живых) 19 с.;[16+]
220940;221000;.Red;85;;Как отреставрировать замок (и остаться в живых) 20 с.;[16+]
221000;221140;.Red;85;Х/ф;Пока я рядом;[16+]
221140;221200;.Red;85;Т/с;Секретные рецепты Мэри Берг 4 с.;[16+]
221200;221225;.Red;85;Т/с;Секретные рецепты Мэри Берг 5 с.;[16+]
221225;221245;.Red;85;Т/с;Секретные рецепты Мэри Берг 6 с.;[16+]
221245;221310;.Red;85;Т/с;Секретные рецепты Мэри Берг 6 с.;[16+]
221310;221330;.Red;85;Т/с;Секретные рецепты Мэри Берг 7 с.;[16+]
221330;221350;.Red;85;Т/с;Секретные рецепты Мэри Берг 8 с.;[16+]
221350;221415;.Red;85;Т/с;Секретные рецепты Мэри Берг 9 с.;[16+]
221415;221515;.Red;85;;Проверка на прочность 7 с.;[16+]
221515;221615;.Red;85;;Проверка на прочность 8 с.;[16+]
221615;221720;.Red;85;;Проверка на прочность 9 с.;[16+]
221720;221810;.Red;85;Т/с;Тайны Авроры Тигарден 9 с.;[16+]
221810;221900;.Red;85;Т/с;Тайны Авроры Тигарден 10 с.;[16+]
221900;221945;.Red;85;Т/с;Тайны Авроры Тигарден 11 с.;[16+]
221945;222035;.Red;85;Т/с;Тайны Авроры Тигарден 12 с.;[16+]
222035;222125;.Red;85;Т/с;Тайны Авроры Тигарден 13 с.;[16+]
222125;222215;.Red;85;Т/с;Тайны Авроры Тигарден 14 с.;[16+]
222215;222310;.Red;85;Т/с;Тайны Авроры Тигарден 15 с.;[16+]
222310;230000;.Red;85;Т/с;Тайны Авроры Тигарден 16 с.;[16+]
230000;230210;.Red;85;Х/ф;Сабрина;[16+]
230210;230355;.Red;85;Х/ф;Любовь вслепую;[16+]
230355;230550;.Red;85;Х/ф;Супергерои;[16+]
230550;230700;.Red;85;Х/ф;Залёт;[16+]
230700;230855;.Red;85;Х/ф;После свадьбы;[16+]
230855;230915;.Red;85;;Как отреставрировать замок (и остаться в живых) 21 с.;[16+]
230915;230935;.Red;85;;Как отреставрировать замок (и остаться в живых) 22 с.;[16+]
230935;231000;.Red;85;;Как отреставрировать замок (и остаться в живых) 23 с.;[16+]
231000;231145;.Red;85;Х/ф;Мой лучший любовник;[16+]
231145;231210;.Red;85;Т/с;Секретные рецепты Мэри Берг 10 с.;[16+]
231210;231230;.Red;85;Т/с;Секретные рецепты Мэри Берг 11 с.;[16+]
231230;231250;.Red;85;Т/с;Секретные рецепты Мэри Берг 12 с.;[16+]
231250;231315;.Red;85;Т/с;Секретные рецепты Мэри Берг 13 с.;[16+]
231315;231415;.Red;85;;Проверка на прочность 10 с.;[16+]
231415;231515;.Red;85;;Проверка на прочность 1 с.;[16+]
231515;231620;.Red;85;;Проверка на прочность 2 с.;[16+]
231620;231640;.Red;85;Т/с;Больница Сент-Винсент 66 с.;[16+]
231640;231705;.Red;85;Т/с;Больница Сент-Винсент 67 с.;[16+]
231705;231730;.Red;85;Т/с;Больница Сент-Винсент 68 с.;[16+]
231730;231750;.Red;85;Т/с;Больница Сент-Винсент 69 с.;[16+]
231750;231815;.Red;85;Т/с;Больница Сент-Винсент 70 с.;[16+]
231815;231835;.Red;85;Т/с;Больница Сент-Винсент 71 с.;[16+]
231835;231900;.Red;85;Т/с;Больница Сент-Винсент 72 с.;[16+]
231900;231925;.Red;85;Т/с;Больница Сент-Винсент 73 с.;[16+]
231925;231950;.Red;85;Т/с;Больница Сент-Винсент 74 с.;[16+]
231950;232010;.Red;85;Т/с;Больница Сент-Винсент 75 с.;[16+]
232010;232035;.Red;85;Т/с;Больница Сент-Винсент 76 с.;[16+]
232035;232100;.Red;85;Т/с;Больница Сент-Винсент 77 с.;[16+]
232100;232120;.Red;85;Т/с;Больница Сент-Винсент 78 с.;[16+]
232120;232145;.Red;85;Т/с;Больница Сент-Винсент 79 с.;[16+]
232145;232205;.Red;85;Т/с;Больница Сент-Винсент 80 с.;[16+]
232205;232230;.Red;85;Т/с;Больница Сент-Винсент 81 с.;[16+]
232230;232250;.Red;85;Т/с;Больница Сент-Винсент 82 с.;[16+]
232250;232315;.Red;85;Т/с;Больница Сент-Винсент 83 с.;[16+]
232315;232340;.Red;85;Т/с;Больница Сент-Винсент 84 с.;[16+]
232340;240000;.Red;85;Т/с;Больница Сент-Винсент 85 с.;[16+]
240000;240130;.Red;85;Х/ф;Болельщицы со стажем;[16+]
240130;240325;.Red;85;Х/ф;Итальянские каникулы;[16+]
240325;240535;.Red;85;Х/ф;Сабрина;[16+]
240535;240720;.Red;85;Х/ф;Герцогиня;[16+]
240720;240915;.Red;85;Х/ф;Супергерои;[16+]
240915;240940;.Red;85;;Как отреставрировать замок (и остаться в живых) 24 с.;[16+]
240940;241000;.Red;85;;Как отреставрировать замок (и остаться в живых) 25 с.;[16+]
171000;171015;.Sci-Fi;82;М/с;Путешествие к бессмертию 35 с.;[16+]
171015;171035;.Sci-Fi;82;М/с;Путешествие к бессмертию 36 с.;[16+]
171035;171050;.Sci-Fi;82;М/с;Путешествие к бессмертию 37 с.;[16+]
171050;171105;.Sci-Fi;82;М/с;Путешествие к бессмертию 38 с.;[16+]
171105;171205;.Sci-Fi;82;Т/с;Одиннадцатое тело 1 с.;[16+]
171205;171300;.Sci-Fi;82;Т/с;Одиннадцатое тело 2 с.;[16+]
171300;171355;.Sci-Fi;82;;Космические технологии: за пределы возможного 9 с.;[16+]
171355;171450;.Sci-Fi;82;;Космические технологии: за пределы возможного 10 с.;[16+]
171450;171610;.Sci-Fi;82;Х/ф;Даааааали!;[16+]
171610;171735;.Sci-Fi;82;М/ф;Королевские каникулы;[16+]
171735;171905;.Sci-Fi;82;Х/ф;Робопёс;[16+]
171905;171925;.Sci-Fi;82;Д/с;Пришельцы: Рассекречено 20 с.;[16+]
171925;171950;.Sci-Fi;82;Д/с;Пришельцы: Рассекречено 21 с.;[16+]
171950;172010;.Sci-Fi;82;Д/с;Пришельцы: Рассекречено 22 с.;[16+]
172010;172110;.Sci-Fi;82;Д/с;Миссия на Луну 1 с.;[16+]
172110;172210;.Sci-Fi;82;Д/с;Миссия на Луну 2 с.;[16+]
172210;172305;.Sci-Fi;82;Т/с;Одиннадцатое тело 2 с.;[16+]
172305;180000;.Sci-Fi;82;Т/с;Одиннадцатое тело 3 с.;[16+]
180000;180200;.Sci-Fi;82;Х/ф;Укрытие;[16+]
180200;180340;.Sci-Fi;82;Х/ф;Библиотекарь: В поисках копья судьбы;[16+]
180340;180435;.Sci-Fi;82;Т/с;Хемлок Гроув 7 с.;[18+]
180435;180530;.Sci-Fi;82;Т/с;Хемлок Гроув 8 с.;[18+]
180530;180625;.Sci-Fi;82;Д/с;Миссия на Луну 1 с.;[16+]
180625;180720;.Sci-Fi;82;Д/с;Миссия на Луну 2 с.;[16+]
180720;180810;.Sci-Fi;82;Т/с;Одиннадцатое тело 3 с.;[16+]
180810;180905;.Sci-Fi;82;Т/с;Хемлок Гроув 7 с.;[18+]
180905;181000;.Sci-Fi;82;Т/с;Хемлок Гроув 8 с.;[18+]
181000;181015;.Sci-Fi;82;М/с;Путешествие к бессмертию 39 с.;[16+]
181015;181035;.Sci-Fi;82;М/с;Путешествие к бессмертию 40 с.;[16+]
181035;181050;.Sci-Fi;82;М/с;Путешествие к бессмертию 41 с.;[16+]
181050;181110;.Sci-Fi;82;М/с;Путешествие к бессмертию 42 с.;[16+]
181110;181205;.Sci-Fi;82;Д/с;Миссия на Луну 1 с.;[16+]
181205;181305;.Sci-Fi;82;Д/с;Миссия на Луну 2 с.;[16+]
181305;181355;.Sci-Fi;82;Т/с;Одиннадцатое тело 3 с.;[16+]
181355;181555;.Sci-Fi;82;Х/ф;Первый день моей жизни;[16+]
181555;181715;.Sci-Fi;82;Х/ф;Даааааали!;[16+]
181715;181905;.Sci-Fi;82;Х/ф;X+Y;[16+]
181905;181930;.Sci-Fi;82;Д/с;Пришельцы: Рассекречено 23 с.;[16+]
181930;181950;.Sci-Fi;82;Д/с;Пришельцы: Рассекречено 24 с.;[16+]
181950;182010;.Sci-Fi;82;Д/с;Пришельцы: Рассекречено 25 с.;[16+]
182010;182110;.Sci-Fi;82;Д/с;Миссия на Луну 2 с.;[16+]
182110;182210;.Sci-Fi;82;Д/с;Миссия на Луну 3 с.;[16+]
182210;182305;.Sci-Fi;82;Т/с;Одиннадцатое тело 4 с.;[16+]
182305;190000;.Sci-Fi;82;Т/с;Одиннадцатое тело 5 с.;[16+]
190000;190140;.Sci-Fi;82;Х/ф;Ночные налётчики;[16+]
190140;190345;.Sci-Fi;82;Х/ф;Путешественница во времени;[16+]
190345;190440;.Sci-Fi;82;Т/с;Хемлок Гроув 9 с.;[18+]
190440;190535;.Sci-Fi;82;Т/с;Хемлок Гроув 10 с.;[18+]
190535;190630;.Sci-Fi;82;Д/с;Миссия на Луну 3 с.;[16+]
190630;190720;.Sci-Fi;82;Т/с;Одиннадцатое тело 4 с.;[16+]
190720;190810;.Sci-Fi;82;Т/с;Одиннадцатое тело 5 с.;[16+]
190810;190900;.Sci-Fi;82;Т/с;Хемлок Гроув 9 с.;[18+]
190900;191000;.Sci-Fi;82;Т/с;Хемлок Гроув 10 с.;[18+]
191000;191015;.Sci-Fi;82;М/с;Путешествие к бессмертию 43 с.;[16+]
191015;191035;.Sci-Fi;82;М/с;Путешествие к бессмертию 44 с.;[16+]
191035;191050;.Sci-Fi;82;М/с;Путешествие к бессмертию 45 с.;[16+]
191050;191110;.Sci-Fi;82;М/с;Путешествие к бессмертию 46 с.;[16+]
191110;191205;.Sci-Fi;82;Т/с;Одиннадцатое тело 4 с.;[16+]
191205;191255;.Sci-Fi;82;Т/с;Одиннадцатое тело 5 с.;[16+]
191255;191355;.Sci-Fi;82;Д/с;Миссия на Луну 3 с.;[16+]
191355;191535;.Sci-Fi;82;Х/ф;Ночные налётчики;[16+]
191535;191740;.Sci-Fi;82;Х/ф;Путешественница во времени;[16+]
191740;191930;.Sci-Fi;82;Х/ф;Белое пластиковое небо;[16+]
191930;191950;.Sci-Fi;82;Д/с;Пришельцы: Рассекречено 26 с.;[16+]
191950;192015;.Sci-Fi;82;Д/с;Пришельцы: Рассекречено 27 с.;[16+]
192015;192035;.Sci-Fi;82;Д/с;Пришельцы: Рассекречено 28 с.;[16+]
192035;192125;.Sci-Fi;82;Д/с;Загадки планеты Земля 1 с.;[16+]
192125;192215;.Sci-Fi;82;Д/с;Загадки планеты Земля 2 с.;[16+]
192215;192305;.Sci-Fi;82;Т/с;Одиннадцатое тело 6 с.;[16+]
192305;200000;.Sci-Fi;82;Т/с;Одиннадцатое тело 7 с.;[16+]
200000;200140;.Sci-Fi;82;Х/ф;В петле времени;[16+]
200140;200305;.Sci-Fi;82;Х/ф;Где-то во времени;[16+]
200305;200505;.Sci-Fi;82;Х/ф;Укрытие;[16+]
200505;200555;.Sci-Fi;82;Т/с;Ван Хельсинг 1 с.;[16+]
200555;200640;.Sci-Fi;82;Т/с;Ван Хельсинг 2 с.;[16+]
200640;200725;.Sci-Fi;82;Д/с;Загадки планеты Земля 1 с.;[16+]
200725;200810;.Sci-Fi;82;Д/с;Загадки планеты Земля 2 с.;[16+]
200810;200900;.Sci-Fi;82;Т/с;Одиннадцатое тело 6 с.;[16+]
200900;201000;.Sci-Fi;82;Т/с;Одиннадцатое тело 7 с.;[16+]
201000;201025;.Sci-Fi;82;М/с;Путешествие к бессмертию 1 с.;[16+]
201025;201045;.Sci-Fi;82;М/с;Путешествие к бессмертию 2 с.;[16+]
201045;201105;.Sci-Fi;82;М/с;Путешествие к бессмертию 3 с.;[16+]
201105;201125;.Sci-Fi;82;М/с;Путешествие к бессмертию 4 с.;[16+]
201125;201225;.Sci-Fi;82;Т/с;Одиннадцатое тело 7 с.;[16+]
201225;201315;.Sci-Fi;82;Д/с;Загадки планеты Земля 1 с.;[16+]
201315;201405;.Sci-Fi;82;Д/с;Загадки планеты Земля 2 с.;[16+]
201405;201545;.Sci-Fi;82;Х/ф;В петле времени;[16+]
201545;201740;.Sci-Fi;82;Х/ф;X+Y;[16+]
201740;201940;.Sci-Fi;82;Х/ф;Укрытие;[16+]
201940;202000;.Sci-Fi;82;Д/с;Пришельцы: Рассекречено 29 с.;[16+]
202000;202025;.Sci-Fi;82;Д/с;Пришельцы: Рассекречено 30 с.;[16+]
202025;202045;.Sci-Fi;82;Д/с;Пришельцы: Рассекречено 31 с.;[16+]
202045;202135;.Sci-Fi;82;Д/с;Загадки планеты Земля 3 с.;[16+]
202135;202225;.Sci-Fi;82;Д/с;Загадки планеты Земля 4 с.;[16+]
202225;202315;.Sci-Fi;82;Т/с;Хроники Шаннары 1 с.;[16+]
202315;210000;.Sci-Fi;82;Т/с;Хроники Шаннары 2 с.;[16+]
210000;210220;.Sci-Fi;82;Х/ф;Дьяволик;[16+]
210220;210400;.Sci-Fi;82;Х/ф;Ночные налётчики;[16+]
210400;210445;.Sci-Fi;82;Т/с;Ван Хельсинг 3 с.;[16+]
210445;210530;.Sci-Fi;82;Т/с;Ван Хельсинг 4 с.;[16+]
210530;210615;.Sci-Fi;82;Д/с;Загадки планеты Земля 3 с.;[16+]
210615;210700;.Sci-Fi;82;Д/с;Загадки планеты Земля 4 с.;[16+]
210700;210740;.Sci-Fi;82;Т/с;Хроники Шаннары 1 с.;[18+]
210740;210825;.Sci-Fi;82;Т/с;Хроники Шаннары 2 с.;[16+]
210825;210910;.Sci-Fi;82;Т/с;Ван Хельсинг 3 с.;[16+]
210910;211000;.Sci-Fi;82;Т/с;Ван Хельсинг 4 с.;[16+]
211000;211015;.Sci-Fi;82;М/с;Путешествие к бессмертию 5 с.;[16+]
211015;211035;.Sci-Fi;82;М/с;Путешествие к бессмертию 6 с.;[16+]
211035;211050;.Sci-Fi;82;М/с;Путешествие к бессмертию 7 с.;[16+]
211050;211110;.Sci-Fi;82;М/с;Путешествие к бессмертию 8 с.;[16+]
211110;211200;.Sci-Fi;82;Т/с;Хроники Шаннары 1 с.;[16+]
211200;211245;.Sci-Fi;82;Д/с;Загадки планеты Земля 3 с.;[16+]
211245;211335;.Sci-Fi;82;Д/с;Загадки планеты Земля 4 с.;[16+]
211335;211540;.Sci-Fi;82;Х/ф;Путешественница во времени;[16+]
211540;211800;.Sci-Fi;82;Х/ф;Дьяволик;[16+]
211800;211940;.Sci-Fi;82;Х/ф;Библиотекарь: В поисках копья судьбы;[16+]
211940;212000;.Sci-Fi;82;Д/с;Пришельцы: Рассекречено 32 с.;[16+]
212000;212025;.Sci-Fi;82;Д/с;Пришельцы: Рассекречено 33 с.;[16+]
212025;212045;.Sci-Fi;82;Д/с;Пришельцы: Рассекречено 34 с.;[16+]
212045;212135;.Sci-Fi;82;Д/с;Загадки планеты Земля 5 с.;[16+]
212135;212225;.Sci-Fi;82;Д/с;Загадки планеты Земля 6 с.;[16+]
212225;212315;.Sci-Fi;82;Т/с;Хроники Шаннары 3 с.;[16+]
212315;220000;.Sci-Fi;82;Т/с;Хроники Шаннары 4 с.;[16+]
220000;220135;.Sci-Fi;82;Х/ф;Мистер К;[16+]
220135;220325;.Sci-Fi;82;Х/ф;Белое пластиковое небо;[16+]
220325;220445;.Sci-Fi;82;Х/ф;Даааааали!;[18+]
220445;220535;.Sci-Fi;82;Т/с;Ван Хельсинг 5 с.;[16+]
220535;220625;.Sci-Fi;82;Т/с;Ван Хельсинг 6 с.;[16+]
220625;220710;.Sci-Fi;82;Д/с;Загадки планеты Земля 5 с.;[16+]
220710;220755;.Sci-Fi;82;Д/с;Загадки планеты Земля 6 с.;[16+]
220755;220835;.Sci-Fi;82;Т/с;Хроники Шаннары 3 с.;[18+]
220835;220920;.Sci-Fi;82;Т/с;Хроники Шаннары 4 с.;[18+]
220920;221000;.Sci-Fi;82;Т/с;Ван Хельсинг 5 с.;[16+]
221000;221015;.Sci-Fi;82;М/с;Путешествие к бессмертию 35 с.;[16+]
221015;221035;.Sci-Fi;82;М/с;Путешествие к бессмертию 36 с.;[16+]
221035;221050;.Sci-Fi;82;М/с;Путешествие к бессмертию 37 с.;[16+]
221050;221105;.Sci-Fi;82;М/с;Путешествие к бессмертию 38 с.;[16+]
221105;221125;.Sci-Fi;82;М/с;Путешествие к бессмертию 39 с.;[16+]
221125;221140;.Sci-Fi;82;М/с;Путешествие к бессмертию 40 с.;[16+]
221140;221200;.Sci-Fi;82;М/с;Путешествие к бессмертию 41 с.;[16+]
221200;221215;.Sci-Fi;82;М/с;Путешествие к бессмертию 42 с.;[16+]
221215;221230;.Sci-Fi;82;М/с;Путешествие к бессмертию 43 с.;[16+]
221230;221250;.Sci-Fi;82;М/с;Путешествие к бессмертию 44 с.;[16+]
221250;221305;.Sci-Fi;82;М/с;Путешествие к бессмертию 45 с.;[16+]
221305;221325;.Sci-Fi;82;М/с;Путешествие к бессмертию 46 с.;[16+]
221325;221350;.Sci-Fi;82;М/с;Путешествие к бессмертию 1 с.;[16+]
221350;221410;.Sci-Fi;82;Д/с;Пришельцы: Рассекречено 21 с.;[16+]
221410;221435;.Sci-Fi;82;Д/с;Пришельцы: Рассекречено 22 с.;[16+]
221435;221455;.Sci-Fi;82;Д/с;Пришельцы: Рассекречено 23 с.;[16+]
221455;221545;.Sci-Fi;82;Д/с;Загадки планеты Земля 1 с.;[16+]
221545;221635;.Sci-Fi;82;Д/с;Загадки планеты Земля 2 с.;[16+]
221635;221725;.Sci-Fi;82;Д/с;Загадки планеты Земля 3 с.;[16+]
221725;221930;.Sci-Fi;82;Х/ф;Путешественница во времени;[16+]
221930;222125;.Sci-Fi;82;Х/ф;X+Y;[16+]
222125;222240;.Sci-Fi;82;Х/ф;Второй акт;[16+]
222240;230000;.Sci-Fi;82;Х/ф;Даааааали!;[16+]
230000;230235;.Sci-Fi;82;Х/ф;Предчувствие;[16+]
230235;230405;.Sci-Fi;82;Х/ф;Разлом времени;[16+]
230405;230550;.Sci-Fi;82;Х/ф;Литий Икс;[18+]
230550;230645;.Sci-Fi;82;Т/с;Хемлок Гроув 8 с.;[18+]
230645;230735;.Sci-Fi;82;Т/с;Хемлок Гроув 9 с.;[18+]
230735;230825;.Sci-Fi;82;Т/с;Хемлок Гроув 10 с.;[18+]
230825;230915;.Sci-Fi;82;Т/с;Ван Хельсинг 1 с.;[16+]
230915;231000;.Sci-Fi;82;Т/с;Ван Хельсинг 2 с.;[16+]
231000;231020;.Sci-Fi;82;М/с;Путешествие к бессмертию 46 с.;[16+]
231020;231045;.Sci-Fi;82;М/с;Путешествие к бессмертию 1 с.;[16+]
231045;231105;.Sci-Fi;82;М/с;Путешествие к бессмертию 2 с.;[16+]
231105;231125;.Sci-Fi;82;М/с;Путешествие к бессмертию 3 с.;[16+]
231125;231145;.Sci-Fi;82;М/с;Путешествие к бессмертию 4 с.;[16+]
231145;231205;.Sci-Fi;82;М/с;Путешествие к бессмертию 5 с.;[16+]
231205;231220;.Sci-Fi;82;М/с;Путешествие к бессмертию 6 с.;[16+]
231220;231240;.Sci-Fi;82;М/с;Путешествие к бессмертию 7 с.;[16+]
231240;231255;.Sci-Fi;82;М/с;Путешествие к бессмертию 8 с.;[16+]
231255;231320;.Sci-Fi;82;Д/с;Пришельцы: Рассекречено 26 с.;[16+]
231320;231340;.Sci-Fi;82;Д/с;Пришельцы: Рассекречено 27 с.;[16+]
231340;231405;.Sci-Fi;82;Д/с;Пришельцы: Рассекречено 28 с.;[16+]
231405;231425;.Sci-Fi;82;Д/с;Пришельцы: Рассекречено 29 с.;[16+]
231425;231450;.Sci-Fi;82;Д/с;Пришельцы: Рассекречено 30 с.;[16+]
231450;231545;.Sci-Fi;82;Д/с;Загадки планеты Земля 4 с.;[16+]
231545;231635;.Sci-Fi;82;Д/с;Загадки планеты Земля 5 с.;[16+]
231635;231725;.Sci-Fi;82;Д/с;Загадки планеты Земля 6 с.;[16+]
231725;231925;.Sci-Fi;82;Х/ф;Укрытие;[16+]
231925;232105;.Sci-Fi;82;Х/ф;В петле времени;[16+]
232105;232235;.Sci-Fi;82;Х/ф;Разлом времени;[16+]
232235;240000;.Sci-Fi;82;Х/ф;Где-то во времени;[16+]
240000;240135;.Sci-Fi;82;Х/ф;Игры сознания;[16+]
240135;240245;.Sci-Fi;82;Х/ф;Арес;[16+]
240245;240410;.Sci-Fi;82;Х/ф;Макс Фист;[16+]
240410;240555;.Sci-Fi;82;Х/ф;Кошмары;[18+]
240555;240710;.Sci-Fi;82;Х/ф;Даааааали!;[18+]
240710;240750;.Sci-Fi;82;Т/с;Ван Хельсинг 3 с.;[16+]
240750;240830;.Sci-Fi;82;Т/с;Ван Хельсинг 4 с.;[16+]
240830;240915;.Sci-Fi;82;Т/с;Ван Хельсинг 5 с.;[16+]
240915;241000;.Sci-Fi;82;Т/с;Ван Хельсинг 6 с.;[16+]
170910;170940;Москва. Доверие;73;;Энциклопедия;[16+]
170940;171005;Москва. Доверие;73;Д/с;Москва на все времена;[12+]
171005;171015;Москва. Доверие;73;;Новости дня;[16+]
171015;171040;Москва. Доверие;73;;Улицы московские;[12+]
171040;171105;Москва. Доверие;73;;Звёзды советского экрана;[16+]
171105;171155;Москва. Доверие;73;Д/с;Юмор на все времена;[12+]
171155;171205;Москва. Доверие;73;;Новости дня;[16+]
171205;171310;Москва. Доверие;73;Т/с;Вечный зов 1 с.;[16+]
171310;171430;Москва. Доверие;73;Т/с;Вечный зов 2 с.;[16+]
171430;171525;Москва. Доверие;73;;Мой район. Место встречи;[12+]
171525;171555;Москва. Доверие;73;;Улицы московские;[12+]
171555;171600;Москва. Доверие;73;;Новости дня;[16+]
171600;171645;Москва. Доверие;73;Т/с;Три полуграции 1 с.;[16+]
171645;171735;Москва. Доверие;73;Т/с;Три полуграции 2 с.;[16+]
171735;171825;Москва. Доверие;73;Т/с;Три полуграции 3 с.;[16+]
171825;171910;Москва. Доверие;73;Т/с;Три полуграции 4 с.;[16+]
171910;172000;Москва. Доверие;73;;Раскрывая тайны звёзд;[16+]
172000;172035;Москва. Доверие;73;;Тайны кино;[16+]
172035;172040;Москва. Доверие;73;;Новости дня;[16+]
172040;172225;Москва. Доверие;73;Т/с;Следствие ведут ЗнаТоКи;[16+]
172225;180000;Москва. Доверие;73;Т/с;Следствие ведут ЗнаТоКи;[16+]
180000;180130;Москва. Доверие;73;Х/ф;Кольцо из Амстердама;[16+]
180130;180250;Москва. Доверие;73;Х/ф;Поезд вне расписания;[16+]
180250;180315;Москва. Доверие;73;;Звёзды советского экрана;[16+]
180315;180345;Москва. Доверие;73;;Тайны кино;[16+]
180345;180400;Москва. Доверие;73;;Новости дня;[16+]
180400;181000;Москва. Доверие;73;;Профилактика на канале с 0.00 до 6.00;[]
181000;181015;Москва. Доверие;73;;Новости дня;[16+]
181015;181040;Москва. Доверие;73;;Улицы московские;[12+]
181040;181050;Москва. Доверие;73;;Новости дня;[16+]
181050;181100;Москва. Доверие;73;;Моя Москва;[12+]
181100;181145;Москва. Доверие;73;;Время московское;[12+]
181145;181155;Москва. Доверие;73;;Новости дня;[16+]
181155;181315;Москва. Доверие;73;Т/с;Вечный зов 3 с.;[16+]
181315;181430;Москва. Доверие;73;Т/с;Вечный зов 4 с.;[16+]
181430;181525;Москва. Доверие;73;;Мой район. Место встречи;[12+]
181525;181555;Москва. Доверие;73;;Улицы московские;[12+]
181555;181600;Москва. Доверие;73;;Новости дня;[16+]
181600;181655;Москва. Доверие;73;Т/с;Любопытная Варвара 1 с.;[16+]
181655;181755;Москва. Доверие;73;Т/с;Любопытная Варвара 2 с.;[16+]
181755;181850;Москва. Доверие;73;Т/с;Любопытная Варвара 3 с.;[16+]
181850;181950;Москва. Доверие;73;Т/с;Любопытная Варвара 4 с.;[16+]
181950;182020;Москва. Доверие;73;;Знатоки Москвы;[12+]
182020;182035;Москва. Доверие;73;;Новости дня;[16+]
182035;182220;Москва. Доверие;73;Т/с;Следствие ведут ЗнаТоКи;[16+]
182220;190000;Москва. Доверие;73;Т/с;Следствие ведут ЗнаТоКи;[16+]
190000;190125;Москва. Доверие;73;Х/ф;Перехват;[16+]
190125;190300;Москва. Доверие;73;Х/ф;Солдат Иван Бровкин;[16+]
190300;190355;Москва. Доверие;73;Т/с;Любопытная Варвара 1 с.;[16+]
190355;190445;Москва. Доверие;73;Т/с;Любопытная Варвара 2 с.;[16+]
190445;190455;Москва. Доверие;73;;Новости дня;[16+]
190455;190550;Москва. Доверие;73;Т/с;Любопытная Варвара 3 с.;[16+]
190550;190645;Москва. Доверие;73;Т/с;Любопытная Варвара 4 с.;[16+]
190645;190710;Москва. Доверие;73;;Звёзды советского экрана;[16+]
190710;190720;Москва. Доверие;73;;Новости дня;[16+]
190720;190750;Москва. Доверие;73;;Улицы московские;[12+]
190750;190800;Москва. Доверие;73;;Новости дня;[16+]
190800;190825;Москва. Доверие;73;;Энциклопедия;[16+]
190825;190835;Москва. Доверие;73;;Новости дня;[16+]
190835;190905;Москва. Доверие;73;Д/с;Москва на все времена;[12+]
190905;190930;Москва. Доверие;73;;Город без окраин;[12+]
190930;190955;Москва. Доверие;73;;Энциклопедия;[16+]
190955;191005;Москва. Доверие;73;;Энциклопедия;[16+]
191005;191015;Москва. Доверие;73;;Новости дня;[16+]
191015;191100;Москва. Доверие;73;;Тайны кино;[16+]
191100;191150;Москва. Доверие;73;Д/с;Юмор на все времена;[16+]
191150;191200;Москва. Доверие;73;;Новости дня;[16+]
191200;191305;Москва. Доверие;73;Т/с;Вечный зов 5 с.;[16+]
191305;191430;Москва. Доверие;73;Т/с;Вечный зов 6 с.;[16+]
191430;191525;Москва. Доверие;73;;Мой район. Место встречи;[12+]
191525;191555;Москва. Доверие;73;;Улицы московские;[12+]
191555;191600;Москва. Доверие;73;;Новости дня;[16+]
191600;191655;Москва. Доверие;73;Т/с;Любопытная Варвара 5 с.;[16+]
191655;191750;Москва. Доверие;73;Т/с;Любопытная Варвара 6 с.;[16+]
191750;191845;Москва. Доверие;73;Т/с;Любопытная Варвара 7 с.;[16+]
191845;191940;Москва. Доверие;73;Т/с;Любопытная Варвара 8 с.;[16+]
191940;192015;Москва. Доверие;73;;Тайны кино;[16+]
192015;192020;Москва. Доверие;73;;Новости дня;[16+]
192020;192135;Москва. Доверие;73;Т/с;Следствие ведут ЗнаТоКи 1 с.;[16+]
192135;192220;Москва. Доверие;73;Т/с;Следствие ведут ЗнаТоКи 2 с.;[16+]
192220;200000;Москва. Доверие;73;Т/с;Следствие ведут ЗнаТоКи;[16+]
200000;200130;Москва. Доверие;73;Х/ф;В последнюю очередь;[16+]
200130;200305;Москва. Доверие;73;Х/ф;Максим Перепелица;[16+]
200305;200400;Москва. Доверие;73;Т/с;Любопытная Варвара 5 с.;[16+]
200400;200450;Москва. Доверие;73;Т/с;Любопытная Варвара 6 с.;[16+]
200450;200500;Москва. Доверие;73;;Новости дня;[16+]
200500;200550;Москва. Доверие;73;Т/с;Любопытная Варвара 7 с.;[16+]
200550;200640;Москва. Доверие;73;Т/с;Любопытная Варвара 8 с.;[16+]
200640;200705;Москва. Доверие;73;;Звёзды советского экрана;[16+]
200705;200715;Москва. Доверие;73;;Новости дня;[16+]
200715;200745;Москва. Доверие;73;;Улицы московские;[12+]
200745;200755;Москва. Доверие;73;;Новости дня;[16+]
200755;200820;Москва. Доверие;73;;Энциклопедия;[16+]
200820;200830;Москва. Доверие;73;;Новости дня;[16+]
200830;200855;Москва. Доверие;73;Д/с;Москва на все времена;[16+]
200855;200925;Москва. Доверие;73;;Город без окраин;[12+]
200925;200950;Москва. Доверие;73;;Энциклопедия;[16+]
200950;201005;Москва. Доверие;73;;Моя Москва;[12+]
201005;201015;Москва. Доверие;73;;Новости дня;[16+]
201015;201040;Москва. Доверие;73;;Улицы московские;[12+]
201040;201110;Москва. Доверие;73;;Звёзды советского экрана;[16+]
201110;201155;Москва. Доверие;73;Д/с;Юмор на все времена;[16+]
201155;201205;Москва. Доверие;73;;Новости дня;[16+]
201205;201315;Москва. Доверие;73;Т/с;Вечный зов 7 с.;[16+]
201315;201430;Москва. Доверие;73;Т/с;Вечный зов 8 с.;[16+]
201430;201525;Москва. Доверие;73;;Мой район. Место встречи;[12+]
201525;201555;Москва. Доверие;73;;Звёзды советского экрана;[16+]
201555;201600;Москва. Доверие;73;;Новости дня;[16+]
201600;201645;Москва. Доверие;73;Т/с;Любопытная Варвара - 2 1 с.;[16+]
201645;201740;Москва. Доверие;73;Т/с;Любопытная Варвара - 2 2 с.;[16+]
201740;201830;Москва. Доверие;73;Т/с;Любопытная Варвара - 2 3 с.;[16+]
201830;201915;Москва. Доверие;73;Т/с;Любопытная Варвара - 2 4 с.;[16+]
201915;201940;Москва. Доверие;73;;Звёзды советского экрана;[16+]
201940;202115;Москва. Доверие;73;Х/ф;В последнюю очередь;[16+]
202115;202120;Москва. Доверие;73;;Новости дня;[16+]
202120;202255;Москва. Доверие;73;Т/с;Следствие ведут ЗнаТоКи 1 с.;[16+]
202255;210000;Москва. Доверие;73;Т/с;Следствие ведут ЗнаТоКи 2 с.;[16+]
210000;210120;Москва. Доверие;73;Х/ф;Без особого риска;[16+]
210120;210305;Москва. Доверие;73;Х/ф;Разные судьбы;[16+]
210305;210355;Москва. Доверие;73;Т/с;Любопытная Варвара - 2 1 с.;[16+]
210355;210440;Москва. Доверие;73;Т/с;Любопытная Варвара - 2 2 с.;[16+]
210440;210450;Москва. Доверие;73;;Новости дня;[16+]
210450;210535;Москва. Доверие;73;Т/с;Любопытная Варвара - 2 3 с.;[16+]
210535;210625;Москва. Доверие;73;Т/с;Любопытная Варвара - 2 4 с.;[16+]
210625;210635;Москва. Доверие;73;;Новости дня;[16+]
210635;210705;Москва. Доверие;73;;Улицы московские;[12+]
210705;210715;Москва. Доверие;73;;Новости дня;[16+]
210715;210740;Москва. Доверие;73;;Энциклопедия;[16+]
210740;210750;Москва. Доверие;73;;Новости дня;[16+]
210750;210815;Москва. Доверие;73;Д/с;Москва на все времена;[12+]
210815;210830;Москва. Доверие;73;;Энциклопедия;[12+]
210830;210855;Москва. Доверие;73;М/ф;Стёпа-моряк;[0+]
210855;210920;Москва. Доверие;73;;Город без окраин;[12+]
210920;210945;Москва. Доверие;73;;Энциклопедия;[16+]
210945;211010;Москва. Доверие;73;Д/с;Москва на все времена;[12+]
211010;211020;Москва. Доверие;73;;Новости дня;[16+]
211020;211045;Москва. Доверие;73;;Улицы московские;[12+]
211045;211115;Москва. Доверие;73;;Звёзды советского экрана;[16+]
211115;211200;Москва. Доверие;73;Д/с;Юмор на все времена;[16+]
211200;211210;Москва. Доверие;73;;Новости дня;[16+]
211210;211315;Москва. Доверие;73;Т/с;Вечный зов 9 с.;[16+]
211315;211430;Москва. Доверие;73;Т/с;Вечный зов 10 с.;[16+]
211430;211525;Москва. Доверие;73;;Мой район. Место встречи;[12+]
211525;211555;Москва. Доверие;73;;Служебный роман;[12+]
211555;211600;Москва. Доверие;73;;Новости дня;[16+]
211600;211645;Москва. Доверие;73;Т/с;Любопытная Варвара - 2 5 с.;[16+]
211645;211740;Москва. Доверие;73;Т/с;Любопытная Варвара - 2 6 с.;[16+]
211740;211830;Москва. Доверие;73;Т/с;Любопытная Варвара - 2 7 с.;[16+]
211830;211915;Москва. Доверие;73;Т/с;Любопытная Варвара - 2 8 с.;[16+]
211915;212050;Москва. Доверие;73;Т/с;Следствие ведут ЗнаТоКи 1 с.;[16+]
212050;212055;Москва. Доверие;73;;Новости дня;[16+]
212055;212225;Москва. Доверие;73;Т/с;Следствие ведут ЗнаТоКи 2 с.;[16+]
212225;220000;Москва. Доверие;73;Т/с;Следствие ведут ЗнаТоКи 3 с.;[16+]
220000;220105;Москва. Доверие;73;Х/ф;Лицом к лицу 1 с.;[16+]
220105;220220;Москва. Доверие;73;Х/ф;Лицом к лицу 2 с.;[16+]
220220;220330;Москва. Доверие;73;Х/ф;За прекрасных дам!;[16+]
220330;220420;Москва. Доверие;73;Т/с;Любопытная Варвара - 2 5 с.;[16+]
220420;220505;Москва. Доверие;73;Т/с;Любопытная Варвара - 2 6 с.;[16+]
220505;220515;Москва. Доверие;73;;Новости дня;[16+]
220515;220605;Москва. Доверие;73;Т/с;Любопытная Варвара - 2 7 с.;[16+]
220605;220650;Москва. Доверие;73;Т/с;Любопытная Варвара - 2 8 с.;[16+]
220650;220700;Москва. Доверие;73;;Новости дня;[16+]
220700;220725;Москва. Доверие;73;;Улицы московские;[12+]
220725;220735;Москва. Доверие;73;;Новости дня;[16+]
220735;220800;Москва. Доверие;73;;Энциклопедия;[16+]
220800;220815;Москва. Доверие;73;;Новости дня;[16+]
220815;220840;Москва. Доверие;73;;Энциклопедия;[16+]
220840;220905;Москва. Доверие;73;;Город без окраин;[12+]
220905;220930;Москва. Доверие;73;;Энциклопедия;[16+]
220930;220950;Москва. Доверие;73;Д/с;Москва на все времена;[16+]
220950;221005;Москва. Доверие;73;;Моя Москва;[12+]
221005;221015;Москва. Доверие;73;;Новости дня;[16+]
221015;221025;Москва. Доверие;73;;Энциклопедия;[12+]
221025;221050;Москва. Доверие;73;;Улицы московские;[12+]
221050;221120;Москва. Доверие;73;;Звёзды советского экрана;[16+]
221120;221130;Москва. Доверие;73;;Новости дня;[16+]
221130;221210;Москва. Доверие;73;;Мультиутро;[0+]
221210;221325;Москва. Доверие;73;Х/ф;Золотые рога;[0+]
221325;221450;Москва. Доверие;73;Х/ф;Матрос Чижик;[16+]
221450;221620;Москва. Доверие;73;Х/ф;24-25 не возвращается;[16+]
221620;221650;Москва. Доверие;73;;Московский детектив;[16+]
221650;221700;Москва. Доверие;73;;Новости дня;[16+]
221700;221820;Москва. Доверие;73;Т/с;Случай в аэропорту 1 с.;[16+]
221820;221940;Москва. Доверие;73;Т/с;Случай в аэропорту 2 с.;[]
221940;222055;Москва. Доверие;73;Т/с;Случай в аэропорту 3 с.;[16+]
222055;222215;Москва. Доверие;73;Х/ф;Без особого риска;[16+]
222215;230005;Москва. Доверие;73;Х/ф;Разные судьбы;[16+]
230005;230120;Москва. Доверие;73;Х/ф;Развязка;[16+]
230120;230400;Москва. Доверие;73;Х/ф;А был ли Каротин;[16+]
230400;230410;Москва. Доверие;73;;Новости дня;[16+]
230410;230535;Москва. Доверие;73;Х/ф;Свинарка и пастух;[16+]
230535;230620;Москва. Доверие;73;;Раскрывая тайны звёзд;[16+]
230620;230630;Москва. Доверие;73;;Новости дня;[16+]
230630;230700;Москва. Доверие;73;;Улицы московские;[12+]
230700;230725;Москва. Доверие;73;;Энциклопедия;[16+]
230725;230750;Москва. Доверие;73;Д/с;Москва на все времена;[16+]
230750;230805;Москва. Доверие;73;;Новости дня;[16+]
230805;230830;Москва. Доверие;73;;Энциклопедия;[16+]
230830;230840;Москва. Доверие;73;;Новости дня;[16+]
230840;230905;Москва. Доверие;73;;Город без окраин;[12+]
230905;230935;Москва. Доверие;73;;Энциклопедия;[16+]
230935;231000;Москва. Доверие;73;Д/с;Москва на все времена;[16+]
231000;231010;Москва. Доверие;73;;Моя Москва;[12+]
231010;231020;Москва. Доверие;73;;Новости дня;[16+]
231020;231045;Москва. Доверие;73;;Энциклопедия;[16+]
231045;231115;Москва. Доверие;73;;Улицы московские;[12+]
231115;231140;Москва. Доверие;73;;Звёзды советского экрана;[16+]
231140;231230;Москва. Доверие;73;Д/с;Юмор на все времена;[16+]
231230;231240;Москва. Доверие;73;;Новости дня;[16+]
231240;231355;Москва. Доверие;73;Х/ф;Андрей и злой чародей;[16+]
231355;231505;Москва. Доверие;73;Х/ф;За прекрасных дам!;[16+]
231505;231620;Москва. Доверие;73;Х/ф;Развязка;[16+]
231620;231650;Москва. Доверие;73;;Знатоки Москвы;[12+]
231650;231700;Москва. Доверие;73;;Новости дня;[16+]
231700;231810;Москва. Доверие;73;Т/с;Бомба для председателя 1 с.;[16+]
231810;231925;Москва. Доверие;73;Т/с;Бомба для председателя 2 с.;[16+]
231925;232030;Москва. Доверие;73;Т/с;Бомба для председателя 3 с.;[16+]
232030;232140;Москва. Доверие;73;Т/с;Бомба для председателя 4 с.;[16+]
232140;232250;Москва. Доверие;73;Х/ф;Лицом к лицу 1 с.;[16+]
232250;240005;Москва. Доверие;73;Х/ф;Лицом к лицу 2 с.;[16+]
240005;240115;Москва. Доверие;73;Х/ф;Знахарь 1 с.;[16+]
240115;240220;Москва. Доверие;73;Х/ф;Знахарь 2 с.;[16+]
240220;240400;Москва. Доверие;73;Х/ф;Укротительница тигров;[16+]
240400;240410;Москва. Доверие;73;;Новости дня;[16+]
240410;240540;Москва. Доверие;73;Х/ф;24-25 не возвращается;[16+]
240540;240625;Москва. Доверие;73;;Раскрывая тайны звёзд;[16+]
240625;240635;Москва. Доверие;73;;Новости дня;[16+]
240635;240705;Москва. Доверие;73;;Улицы московские;[12+]
240705;240730;Москва. Доверие;73;Д/с;Москва на все времена;[16+]
240730;240755;Москва. Доверие;73;;Энциклопедия;[16+]
240755;240805;Москва. Доверие;73;;Новости дня;[16+]
240805;240830;Москва. Доверие;73;;Энциклопедия;[16+]
240830;240845;Москва. Доверие;73;;Новости дня;[16+]
240845;240910;Москва. Доверие;73;;Город без окраин;[12+]
170445;170615;Шокирующее HD;96;Х/ф;Они;[18+]
170615;170745;Шокирующее HD;96;Х/ф;Близнецы;[18+]
170745;170920;Шокирующее HD;96;Х/ф;Астрал. Женщина в чёрном;[18+]
170920;171035;Шокирующее HD;96;Х/ф;Дом на Чёрной горе;[18+]
171035;171155;Шокирующее HD;96;Х/ф;Чокнутая домохозяйка;[18+]
171155;171325;Шокирующее HD;96;Х/ф;Предостережение;[18+]
171325;171510;Шокирующее HD;96;Х/ф;Ужас Амитивилля: Мотель призраков;[18+]
171510;171645;Шокирующее HD;96;Х/ф;Они;[18+]
171645;171850;Шокирующее HD;96;Х/ф;Вкус страха;[18+]
171850;172020;Шокирующее HD;96;Х/ф;Близнецы;[18+]
172020;172205;Шокирующее HD;96;Х/ф;Астрал. Женщина в чёрном;[18+]
172205;180005;Шокирующее HD;96;Х/ф;Силуэт;[18+]
180005;180130;Шокирующее HD;96;Х/ф;Моя младшая сестра;[18+]
180130;180305;Шокирующее HD;96;Х/ф;Слэшер;[18+]
180305;180420;Шокирующее HD;96;Х/ф;Из глубин;[18+]
180420;180540;Шокирующее HD;96;Х/ф;Дом на Чёрной горе;[18+]
180540;180655;Шокирующее HD;96;Х/ф;Чокнутая домохозяйка;[18+]
180655;180820;Шокирующее HD;96;Х/ф;Предостережение;[18+]
180820;181000;Шокирующее HD;96;Х/ф;Ужас Амитивилля: Мотель призраков;[18+]
181000;181155;Шокирующее HD;96;Х/ф;Силуэт;[18+]
181155;181320;Шокирующее HD;96;Х/ф;Моя младшая сестра;[18+]
181320;181455;Шокирующее HD;96;Х/ф;Слэшер;[18+]
181455;181610;Шокирующее HD;96;Х/ф;Из глубин;[18+]
181610;181730;Шокирующее HD;96;Х/ф;Дом на Чёрной горе;[18+]
181730;181855;Шокирующее HD;96;Х/ф;Чокнутая домохозяйка;[18+]
181855;182025;Шокирующее HD;96;Х/ф;Предостережение;[18+]
182025;182205;Шокирующее HD;96;Х/ф;Ужас Амитивилля: Мотель призраков;[18+]
182205;190000;Шокирующее HD;96;Х/ф;Голем;[18+]
190000;190130;Шокирующее HD;96;Х/ф;Техасская резня бензопилой: Кожаное лицо;[18+]
190130;190310;Шокирующее HD;96;Х/ф;Туннель;[18+]
190310;190445;Шокирующее HD;96;Х/ф;День мертвецов: Злая кровь;[18+]
190445;190635;Шокирующее HD;96;Х/ф;Силуэт;[18+]
190635;190755;Шокирующее HD;96;Х/ф;Моя младшая сестра;[18+]
190755;190920;Шокирующее HD;96;Х/ф;Слэшер;[18+]
190920;191100;Шокирующее HD;96;Х/ф;Голем;[18+]
191100;191235;Шокирующее HD;96;Х/ф;Техасская резня бензопилой: Кожаное лицо;[18+]
191235;191405;Шокирующее HD;96;Х/ф;Туннель;[18+]
191405;191540;Шокирующее HD;96;Х/ф;День мертвецов: Злая кровь;[18+]
191540;191750;Шокирующее HD;96;Х/ф;Силуэт;[18+]
191750;191915;Шокирующее HD;96;Х/ф;Моя младшая сестра;[18+]
191915;192055;Шокирующее HD;96;Х/ф;Слэшер;[18+]
192055;192220;Шокирующее HD;96;Х/ф;Из глубин;[18+]
192220;192355;Шокирующее HD;96;Х/ф;Не дыши: Игра на выживание;[18+]
192355;200130;Шокирующее HD;96;Х/ф;Дом напротив;[18+]
200130;200310;Шокирующее HD;96;Х/ф;Тварь;[18+]
200310;200440;Шокирующее HD;96;Х/ф;Падение к демонам;[18+]
200440;200630;Шокирующее HD;96;Х/ф;Голем;[18+]
200630;200755;Шокирующее HD;96;Х/ф;Техасская резня бензопилой: Кожаное лицо;[18+]
200755;200920;Шокирующее HD;96;Х/ф;Туннель;[18+]
200920;201045;Шокирующее HD;96;Х/ф;Не дыши: Игра на выживание;[18+]
201045;201220;Шокирующее HD;96;Х/ф;Дом напротив;[18+]
201220;201400;Шокирующее HD;96;Х/ф;Тварь;[18+]
201400;201535;Шокирующее HD;96;Х/ф;Падение к демонам;[18+]
201535;201730;Шокирующее HD;96;Х/ф;Голем;[18+]
201730;201905;Шокирующее HD;96;Х/ф;Техасская резня бензопилой: Кожаное лицо;[18+]
201905;202045;Шокирующее HD;96;Х/ф;Туннель;[18+]
202045;202220;Шокирующее HD;96;Х/ф;День мертвецов: Злая кровь;[18+]
202220;210000;Шокирующее HD;96;Х/ф;Синяя бездна;[18+]
210000;210130;Шокирующее HD;96;Х/ф;Синяя бездна-2;[18+]
210130;210310;Шокирующее HD;96;Х/ф;Скрежет;[18+]
210310;210435;Шокирующее HD;96;Х/ф;"Проклятие "Мэри";[18+]
210435;210600;Шокирующее HD;96;Х/ф;Не дыши: Игра на выживание;[18+]
210600;210725;Шокирующее HD;96;Х/ф;Дом напротив;[18+]
210725;210850;Шокирующее HD;96;Х/ф;Тварь;[18+]
210850;211010;Шокирующее HD;96;Х/ф;Падение к демонам;[18+]
211010;211135;Шокирующее HD;96;Х/ф;Синяя бездна;[18+]
211135;211305;Шокирующее HD;96;Х/ф;Синяя бездна-2;[18+]
211305;211450;Шокирующее HD;96;Х/ф;Скрежет;[18+]
211450;211615;Шокирующее HD;96;Х/ф;"Проклятие "Мэри";[18+]
211615;211750;Шокирующее HD;96;Х/ф;Не дыши: Игра на выживание;[18+]
211750;211920;Шокирующее HD;96;Х/ф;Дом напротив;[18+]
211920;212055;Шокирующее HD;96;Х/ф;Тварь;[18+]
212055;212225;Шокирующее HD;96;Х/ф;Падение к демонам;[18+]
212225;212355;Шокирующее HD;96;Х/ф;Летучие мыши: Пробуждение;[18+]
212355;220130;Шокирующее HD;96;Х/ф;Чёрная вдова. Укус смерти;[18+]
220130;220310;Шокирующее HD;96;Х/ф;Месть волчицы;[18+]
220310;220455;Шокирующее HD;96;Х/ф;Проклятие пиковой дамы;[18+]
220455;220620;Шокирующее HD;96;Х/ф;Синяя бездна;[18+]
220620;220745;Шокирующее HD;96;Х/ф;Синяя бездна-2;[18+]
220745;220910;Шокирующее HD;96;Х/ф;Скрежет;[18+]
220910;221030;Шокирующее HD;96;Х/ф;Летучие мыши: Пробуждение;[18+]
221030;221205;Шокирующее HD;96;Х/ф;Чёрная вдова. Укус смерти;[18+]
221205;221350;Шокирующее HD;96;Х/ф;Месть волчицы;[18+]
221350;221530;Шокирующее HD;96;Х/ф;Проклятие пиковой дамы;[18+]
221530;221705;Шокирующее HD;96;Х/ф;Синяя бездна;[18+]
221705;221840;Шокирующее HD;96;Х/ф;Синяя бездна-2;[18+]
221840;222020;Шокирующее HD;96;Х/ф;Скрежет;[18+]
222020;222150;Шокирующее HD;96;Х/ф;"Проклятие "Мэри";[18+]
222150;222340;Шокирующее HD;96;Х/ф;Экзорцизм. Изгоняющий духов;[18+]
222340;230130;Шокирующее HD;96;Х/ф;Оно. Новая глава;[18+]
230130;230310;Шокирующее HD;96;Х/ф;Проклятие;[18+]
230310;230445;Шокирующее HD;96;Х/ф;Разгневанная душа;[18+]
230445;230610;Шокирующее HD;96;Х/ф;Летучие мыши: Пробуждение;[18+]
230610;230735;Шокирующее HD;96;Х/ф;Чёрная вдова. Укус смерти;[18+]
230735;230905;Шокирующее HD;96;Х/ф;Месть волчицы;[18+]
230905;231050;Шокирующее HD;96;Х/ф;Экзорцизм. Изгоняющий духов;[18+]
231050;231245;Шокирующее HD;96;Х/ф;Оно. Новая глава;[18+]
231245;231425;Шокирующее HD;96;Х/ф;Проклятие;[18+]
231425;231600;Шокирующее HD;96;Х/ф;Разгневанная душа;[18+]
231600;231735;Шокирующее HD;96;Х/ф;Летучие мыши: Пробуждение;[18+]
231735;231905;Шокирующее HD;96;Х/ф;Чёрная вдова. Укус смерти;[18+]
231905;232045;Шокирующее HD;96;Х/ф;Месть волчицы;[18+]
232045;232225;Шокирующее HD;96;Х/ф;Проклятие пиковой дамы;[18+]
232225;240000;Шокирующее HD;96;Х/ф;Кто не спрятался;[18+]
240000;240130;Шокирующее HD;96;Х/ф;Ночь мести;[18+]
240130;240315;Шокирующее HD;96;Х/ф;Ледяной демон;[18+]
240315;240445;Шокирующее HD;96;Х/ф;Чем глубже копаешь;[18+]
171000;171045;Мир сериала;59;Т/с;Анна-детективъ 25 с.;[16+]
171045;171145;Мир сериала;59;Т/с;Анна-детективъ 26 с.;[16+]
171145;171240;Мир сериала;59;Т/с;Охотники за головами 8 с.;[18+]
171240;171330;Мир сериала;59;Т/с;Чужой 23 с.;[16+]
171330;171430;Мир сериала;59;Т/с;Чужой 24 с.;[16+]
171430;171520;Мир сериала;59;Т/с;Цыплёнок жареный 5 с.;[18+]
171520;171615;Мир сериала;59;Т/с;Цыплёнок жареный 6 с.;[18+]
171615;171700;Мир сериала;59;Т/с;Кулинар 13 с.;[16+]
171700;171800;Мир сериала;59;Т/с;Кулинар 14 с.;[16+]
171800;171845;Мир сериала;59;Т/с;Анна-детективъ 25 с.;[16+]
171845;171945;Мир сериала;59;Т/с;Анна-детективъ 26 с.;[16+]
171945;172040;Мир сериала;59;Т/с;СССР 1 с.;[18+]
172040;172130;Мир сериала;59;Т/с;"Операция "Мухаббат" 1 с.;[16+]
172130;172230;Мир сериала;59;Т/с;"Операция "Мухаббат" 2 с.;[16+]
172230;172320;Мир сериала;59;Т/с;Цыплёнок жареный 7 с.;[18+]
172320;180015;Мир сериала;59;Т/с;Цыплёнок жареный 8 с.;[18+]
180015;180105;Мир сериала;59;Т/с;Кулинар 15 с.;[16+]
180105;180200;Мир сериала;59;Т/с;Кулинар 16 с.;[16+]
180200;180245;Мир сериала;59;Т/с;Анна-детективъ 27 с.;[16+]
180245;180345;Мир сериала;59;Т/с;Анна-детективъ 28 с.;[16+]
180345;180440;Мир сериала;59;Т/с;СССР 1 с.;[18+]
180440;180530;Мир сериала;59;Т/с;"Операция "Мухаббат" 1 с.;[16+]
180530;180630;Мир сериала;59;Т/с;"Операция "Мухаббат" 2 с.;[16+]
180630;180720;Мир сериала;59;Т/с;Цыплёнок жареный 7 с.;[18+]
180720;180815;Мир сериала;59;Т/с;Цыплёнок жареный 8 с.;[18+]
180815;180905;Мир сериала;59;Т/с;Кулинар 15 с.;[16+]
180905;181000;Мир сериала;59;Т/с;Кулинар 16 с.;[16+]
181000;181045;Мир сериала;59;Т/с;Анна-детективъ 27 с.;[16+]
181045;181145;Мир сериала;59;Т/с;Анна-детективъ 28 с.;[16+]
181145;181240;Мир сериала;59;Т/с;СССР 1 с.;[18+]
181240;181330;Мир сериала;59;Т/с;"Операция "Мухаббат" 1 с.;[16+]
181330;181430;Мир сериала;59;Т/с;"Операция "Мухаббат" 2 с.;[16+]
181430;181520;Мир сериала;59;Т/с;Цыплёнок жареный 7 с.;[18+]
181520;181615;Мир сериала;59;Т/с;Цыплёнок жареный 8 с.;[18+]
181615;181705;Мир сериала;59;Т/с;Кулинар 15 с.;[16+]
181705;181800;Мир сериала;59;Т/с;Кулинар 16 с.;[16+]
181800;181845;Мир сериала;59;Т/с;Анна-детективъ 27 с.;[16+]
181845;181945;Мир сериала;59;Т/с;Анна-детективъ 28 с.;[16+]
181945;182040;Мир сериала;59;Т/с;СССР 2 с.;[18+]
182040;182130;Мир сериала;59;Т/с;"Операция "Мухаббат" 3 с.;[16+]
182130;182230;Мир сериала;59;Т/с;"Операция "Мухаббат" 4 с.;[16+]
182230;182320;Мир сериала;59;Т/с;Цыплёнок жареный 9 с.;[18+]
182320;190015;Мир сериала;59;Т/с;Цыплёнок жареный 10 с.;[18+]
190015;190105;Мир сериала;59;Т/с;Кулинар 17 с.;[16+]
190105;190200;Мир сериала;59;Т/с;Кулинар 18 с.;[16+]
190200;190240;Мир сериала;59;Т/с;Анна-детективъ 29 с.;[16+]
190240;190345;Мир сериала;59;Т/с;Анна-детективъ 30 с.;[16+]
190345;190440;Мир сериала;59;Т/с;СССР 2 с.;[18+]
190440;190530;Мир сериала;59;Т/с;"Операция "Мухаббат" 3 с.;[16+]
190530;190630;Мир сериала;59;Т/с;"Операция "Мухаббат" 4 с.;[16+]
190630;190720;Мир сериала;59;Т/с;Цыплёнок жареный 9 с.;[18+]
190720;190815;Мир сериала;59;Т/с;Цыплёнок жареный 10 с.;[18+]
190815;190905;Мир сериала;59;Т/с;Кулинар 17 с.;[16+]
190905;191000;Мир сериала;59;Т/с;Кулинар 18 с.;[16+]
191000;191040;Мир сериала;59;Т/с;Анна-детективъ 29 с.;[16+]
191040;191145;Мир сериала;59;Т/с;Анна-детективъ 30 с.;[16+]
191145;191240;Мир сериала;59;Т/с;СССР 2 с.;[18+]
191240;191330;Мир сериала;59;Т/с;"Операция "Мухаббат" 3 с.;[16+]
191330;191430;Мир сериала;59;Т/с;"Операция "Мухаббат" 4 с.;[16+]
191430;191520;Мир сериала;59;Т/с;Цыплёнок жареный 9 с.;[18+]
191520;191615;Мир сериала;59;Т/с;Цыплёнок жареный 10 с.;[18+]
191615;191705;Мир сериала;59;Т/с;Кулинар 17 с.;[16+]
191705;191800;Мир сериала;59;Т/с;Кулинар 18 с.;[16+]
191800;191840;Мир сериала;59;Т/с;Анна-детективъ 29 с.;[16+]
191840;191945;Мир сериала;59;Т/с;Анна-детективъ 30 с.;[16+]
191945;192040;Мир сериала;59;Т/с;СССР 3 с.;[18+]
192040;192130;Мир сериала;59;Т/с;"Операция "Мухаббат" 5 с.;[16+]
192130;192230;Мир сериала;59;Т/с;"Операция "Мухаббат" 6 с.;[16+]
192230;192315;Мир сериала;59;Т/с;Цыплёнок жареный 11 с.;[18+]
192315;200015;Мир сериала;59;Т/с;Цыплёнок жареный 12 с.;[18+]
200015;200105;Мир сериала;59;Т/с;Кулинар 19 с.;[16+]
200105;200200;Мир сериала;59;Т/с;Кулинар 20 с.;[16+]
200200;200245;Мир сериала;59;Т/с;Анна-детективъ 31 с.;[16+]
200245;200345;Мир сериала;59;Т/с;Анна-детективъ 32 с.;[16+]
200345;200440;Мир сериала;59;Т/с;СССР 3 с.;[18+]
200440;200530;Мир сериала;59;Т/с;"Операция "Мухаббат" 5 с.;[16+]
200530;200630;Мир сериала;59;Т/с;"Операция "Мухаббат" 6 с.;[16+]
200630;200715;Мир сериала;59;Т/с;Цыплёнок жареный 11 с.;[18+]
200715;200815;Мир сериала;59;Т/с;Цыплёнок жареный 12 с.;[18+]
200815;200905;Мир сериала;59;Т/с;Кулинар 19 с.;[16+]
200905;201000;Мир сериала;59;Т/с;Кулинар 20 с.;[16+]
201000;201045;Мир сериала;59;Т/с;Анна-детективъ 31 с.;[16+]
201045;201145;Мир сериала;59;Т/с;Анна-детективъ 32 с.;[16+]
201145;201240;Мир сериала;59;Т/с;СССР 3 с.;[18+]
201240;201330;Мир сериала;59;Т/с;"Операция "Мухаббат" 5 с.;[16+]
201330;201430;Мир сериала;59;Т/с;"Операция "Мухаббат" 6 с.;[16+]
201430;201515;Мир сериала;59;Т/с;Цыплёнок жареный 11 с.;[18+]
201515;201615;Мир сериала;59;Т/с;Цыплёнок жареный 12 с.;[18+]
201615;201705;Мир сериала;59;Т/с;Кулинар 19 с.;[16+]
201705;201800;Мир сериала;59;Т/с;Кулинар 20 с.;[16+]
201800;201845;Мир сериала;59;Т/с;Анна-детективъ 31 с.;[16+]
201845;201945;Мир сериала;59;Т/с;Анна-детективъ 32 с.;[16+]
201945;202040;Мир сериала;59;Т/с;СССР 4 с.;[18+]
202040;202130;Мир сериала;59;Т/с;"Операция "Мухаббат" 7 с.;[16+]
202130;202230;Мир сериала;59;Т/с;"Операция "Мухаббат" 8 с.;[16+]
202230;202315;Мир сериала;59;Т/с;Цыплёнок жареный 13 с.;[18+]
202315;210015;Мир сериала;59;Т/с;Цыплёнок жареный 14 с.;[18+]
210015;210105;Мир сериала;59;Т/с;Григорий Р 1 с.;[16+]
210105;210200;Мир сериала;59;Т/с;Григорий Р 2 с.;[16+]
210200;210245;Мир сериала;59;Т/с;Анна-детективъ 33 с.;[16+]
210245;210345;Мир сериала;59;Т/с;Анна-детективъ 34 с.;[16+]
210345;210440;Мир сериала;59;Т/с;СССР 4 с.;[18+]
210440;210530;Мир сериала;59;Т/с;"Операция "Мухаббат" 7 с.;[16+]
210530;210630;Мир сериала;59;Т/с;"Операция "Мухаббат" 8 с.;[16+]
210630;210715;Мир сериала;59;Т/с;Цыплёнок жареный 13 с.;[18+]
210715;210815;Мир сериала;59;Т/с;Цыплёнок жареный 14 с.;[18+]
210815;210905;Мир сериала;59;Т/с;Григорий Р 1 с.;[16+]
210905;211000;Мир сериала;59;Т/с;Григорий Р 2 с.;[16+]
211000;211045;Мир сериала;59;Т/с;Анна-детективъ 33 с.;[16+]
211045;211145;Мир сериала;59;Т/с;Анна-детективъ 34 с.;[16+]
211145;211240;Мир сериала;59;Т/с;СССР 4 с.;[18+]
211240;211330;Мир сериала;59;Т/с;"Операция "Мухаббат" 7 с.;[16+]
211330;211430;Мир сериала;59;Т/с;"Операция "Мухаббат" 8 с.;[16+]
211430;211515;Мир сериала;59;Т/с;Цыплёнок жареный 13 с.;[18+]
211515;211615;Мир сериала;59;Т/с;Цыплёнок жареный 14 с.;[18+]
211615;211705;Мир сериала;59;Т/с;Григорий Р 1 с.;[16+]
211705;211800;Мир сериала;59;Т/с;Григорий Р 2 с.;[16+]
211800;211845;Мир сериала;59;Т/с;Анна-детективъ 33 с.;[16+]
211845;211945;Мир сериала;59;Т/с;Анна-детективъ 34 с.;[16+]
211945;212040;Мир сериала;59;Т/с;СССР 5 с.;[18+]
212040;212130;Мир сериала;59;Т/с;"Операция "Мухаббат" 9 с.;[16+]
212130;212230;Мир сериала;59;Т/с;"Операция "Мухаббат" 10 с.;[16+]
212230;212320;Мир сериала;59;Т/с;Цыплёнок жареный 15 с.;[18+]
212320;220015;Мир сериала;59;Т/с;Цыплёнок жареный 16 с.;[18+]
220015;220105;Мир сериала;59;Т/с;Григорий Р 3 с.;[16+]
220105;220200;Мир сериала;59;Т/с;Григорий Р 4 с.;[16+]
220200;220245;Мир сериала;59;Т/с;Анна-детективъ 35 с.;[16+]
220245;220345;Мир сериала;59;Т/с;Анна-детективъ 36 с.;[16+]
220345;220440;Мир сериала;59;Т/с;СССР 5 с.;[18+]
220440;220530;Мир сериала;59;Т/с;"Операция "Мухаббат" 9 с.;[16+]
220530;220630;Мир сериала;59;Т/с;"Операция "Мухаббат" 10 с.;[16+]
220630;220720;Мир сериала;59;Т/с;Цыплёнок жареный 15 с.;[18+]
220720;220815;Мир сериала;59;Т/с;Цыплёнок жареный 16 с.;[18+]
220815;220905;Мир сериала;59;Т/с;Григорий Р 3 с.;[16+]
220905;221000;Мир сериала;59;Т/с;Григорий Р 4 с.;[16+]
221000;221045;Мир сериала;59;Т/с;Анна-детективъ 35 с.;[16+]
221045;221145;Мир сериала;59;Т/с;Анна-детективъ 36 с.;[16+]
221145;221240;Мир сериала;59;Т/с;СССР 5 с.;[18+]
221240;221330;Мир сериала;59;Т/с;"Операция "Мухаббат" 9 с.;[16+]
221330;221430;Мир сериала;59;Т/с;"Операция "Мухаббат" 10 с.;[16+]
221430;221520;Мир сериала;59;Т/с;Цыплёнок жареный 15 с.;[18+]
221520;221615;Мир сериала;59;Т/с;Цыплёнок жареный 16 с.;[18+]
221615;221705;Мир сериала;59;Т/с;Григорий Р 3 с.;[16+]
221705;221800;Мир сериала;59;Т/с;Григорий Р 4 с.;[16+]
221800;221845;Мир сериала;59;Т/с;Анна-детективъ 35 с.;[16+]
221845;221945;Мир сериала;59;Т/с;Анна-детективъ 36 с.;[16+]
221945;222040;Мир сериала;59;Т/с;СССР 6 с.;[18+]
222040;222130;Мир сериала;59;Т/с;"Операция "Мухаббат" 11 с.;[16+]
222130;222230;Мир сериала;59;Т/с;"Операция "Мухаббат" 12 с.;[16+]
222230;222315;Мир сериала;59;Т/с;Хор 1 с.;[16+]
222315;230015;Мир сериала;59;Т/с;Хор 2 с.;[16+]
230015;230105;Мир сериала;59;Т/с;Григорий Р 5 с.;[16+]
230105;230200;Мир сериала;59;Т/с;Григорий Р 6 с.;[16+]
230200;230245;Мир сериала;59;Т/с;Анна-детективъ 37 с.;[16+]
230245;230345;Мир сериала;59;Т/с;Анна-детективъ 38 с.;[16+]
230345;230440;Мир сериала;59;Т/с;СССР 6 с.;[18+]
230440;230530;Мир сериала;59;Т/с;"Операция "Мухаббат" 11 с.;[16+]
230530;230630;Мир сериала;59;Т/с;"Операция "Мухаббат" 12 с.;[16+]
230630;230715;Мир сериала;59;Т/с;Хор 1 с.;[16+]
230715;230815;Мир сериала;59;Т/с;Хор 2 с.;[16+]
230815;230905;Мир сериала;59;Т/с;Григорий Р 5 с.;[16+]
230905;231000;Мир сериала;59;Т/с;Григорий Р 6 с.;[16+]
231000;231045;Мир сериала;59;Т/с;Анна-детективъ 37 с.;[16+]
231045;231145;Мир сериала;59;Т/с;Анна-детективъ 38 с.;[16+]
231145;231240;Мир сериала;59;Т/с;СССР 6 с.;[18+]
231240;231330;Мир сериала;59;Т/с;"Операция "Мухаббат" 11 с.;[16+]
231330;231430;Мир сериала;59;Т/с;"Операция "Мухаббат" 12 с.;[16+]
231430;231515;Мир сериала;59;Т/с;Хор 1 с.;[16+]
231515;231615;Мир сериала;59;Т/с;Хор 2 с.;[16+]
231615;231705;Мир сериала;59;Т/с;Григорий Р 5 с.;[16+]
231705;231800;Мир сериала;59;Т/с;Григорий Р 6 с.;[16+]
231800;231845;Мир сериала;59;Т/с;Анна-детективъ 37 с.;[16+]
231845;231945;Мир сериала;59;Т/с;Анна-детективъ 38 с.;[16+]
231945;232040;Мир сериала;59;Т/с;СССР 7 с.;[18+]
232040;232130;Мир сериала;59;Т/с;Седьмая руна 1 с.;[18+]
232130;232230;Мир сериала;59;Т/с;Седьмая руна 2 с.;[18+]
232230;232320;Мир сериала;59;Т/с;Хор 3 с.;[16+]
232320;240015;Мир сериала;59;Т/с;Хор 4 с.;[16+]
240015;240100;Мир сериала;59;Т/с;Григорий Р 7 с.;[16+]
240100;240200;Мир сериала;59;Т/с;Григорий Р 8 с.;[16+]
240200;240245;Мир сериала;59;Т/с;Анна-детективъ 39 с.;[16+]
240245;240345;Мир сериала;59;Т/с;Анна-детективъ 40 с.;[16+]
240345;240440;Мир сериала;59;Т/с;СССР 7 с.;[18+]
240440;240530;Мир сериала;59;Т/с;Седьмая руна 1 с.;[18+]
240530;240630;Мир сериала;59;Т/с;Седьмая руна 2 с.;[18+]
240630;240720;Мир сериала;59;Т/с;Хор 3 с.;[16+]
240720;240815;Мир сериала;59;Т/с;Хор 4 с.;[16+]
240815;240900;Мир сериала;59;Т/с;Григорий Р 7 с.;[16+]
240900;241000;Мир сериала;59;Т/с;Григорий Р 8 с.;[16+]
170515;170705;Киномикс;39;Х/ф;Скрытая угроза;[16+]
170705;170900;Киномикс;39;Х/ф;Мушкетер;[16+]
170900;171110;Киномикс;39;Х/ф;Железный рыцарь;[18+]
171110;171250;Киномикс;39;Х/ф;В постели с незнакомцем;[18+]
171435;171625;Киномикс;39;Х/ф;Джонни Мнемоник;[18+]
171625;171825;Киномикс;39;Х/ф;Санктум;[18+]
171825;172015;Киномикс;39;Х/ф;Хищные твари;[18+]
172015;172220;Киномикс;39;Х/ф;Профессионал;[18+]
172220;180000;Киномикс;39;Х/ф;Гипнотик;[18+]
180000;180210;Киномикс;39;Х/ф;Выживший;[18+]
180210;180415;Киномикс;39;Х/ф;Профессионал;[16+]
180415;180645;Киномикс;39;Х/ф;Большой солдат;[16+]
180645;180835;Киномикс;39;Х/ф;Помпеи;[16+]
180835;181030;Киномикс;39;Х/ф;Тюрьма суперзлодеев;[18+]
181030;181245;Киномикс;39;Х/ф;Сбой сознания;[18+]
181245;181440;Киномикс;39;Х/ф;Атлантида;[18+]
181440;181650;Киномикс;39;Х/ф;Железный рыцарь;[18+]
181650;181825;Киномикс;39;Х/ф;Багровая отмель;[18+]
181825;182010;Киномикс;39;Х/ф;Пророк;[16+]
182010;182220;Киномикс;39;Х/ф;Выживший;[18+]
182220;190000;Киномикс;39;Х/ф;Сокровища джунглей;[18+]
190000;190150;Киномикс;39;Х/ф;Самоволка;[16+]
190150;190400;Киномикс;39;Х/ф;"Операция "Фортуна": Искусство побеждать";[18+]
190400;190530;Киномикс;39;Х/ф;Тачка №19;[16+]
190530;190710;Киномикс;39;Х/ф;Скрытая угроза;[16+]
190710;190855;Киномикс;39;Х/ф;Затерянные во льдах;[16+]
190855;191035;Киномикс;39;Х/ф;Легионер: Беги или умри;[18+]
191035;191245;Киномикс;39;Х/ф;Профессионал;[16+]
191245;191435;Киномикс;39;Х/ф;Хищные твари;[18+]
191435;191635;Киномикс;39;Х/ф;Профессионал;[18+]
191635;191825;Киномикс;39;Х/ф;Джонни Мнемоник;[18+]
191825;192005;Киномикс;39;Х/ф;Гипнотик;[18+]
192005;192200;Киномикс;39;Х/ф;Самоволка;[16+]
192200;200000;Киномикс;39;Х/ф;В поисках зверя;[18+]
200000;200200;Киномикс;39;Х/ф;Скалолаз;[16+]
200200;200400;Киномикс;39;Х/ф;Санктум;[18+]
200400;200655;Киномикс;39;Х/ф;Железный рыцарь;[18+]
200655;200840;Киномикс;39;Х/ф;Падение Лондона;[16+]
201025;201235;Киномикс;39;Х/ф;"Операция "Фортуна": Искусство побеждать";[18+]
201235;201420;Киномикс;39;Х/ф;Пророк;[16+]
201420;201630;Киномикс;39;Х/ф;Выживший;[18+]
201630;201830;Киномикс;39;Х/ф;Тюрьма суперзлодеев;[18+]
201830;202005;Киномикс;39;Х/ф;Сокровища джунглей;[18+]
202005;202210;Киномикс;39;Х/ф;Скалолаз;[16+]
202210;210000;Киномикс;39;Х/ф;Тайна Хеопса;[16+]
210000;210135;Киномикс;39;Х/ф;Три орешка для Золушки;[16+]
210135;210305;Киномикс;39;Х/ф;Багровая отмель;[18+]
210305;210450;Киномикс;39;Х/ф;Джонни Мнемоник;[18+]
210450;210640;Киномикс;39;Х/ф;Хищные твари;[18+]
210640;210915;Киномикс;39;Х/ф;Самоволка;[16+]
210915;211110;Киномикс;39;Х/ф;"Хищник: Миссия "Осирис";[18+]
211110;211310;Киномикс;39;Х/ф;Санктум;[18+]
211310;211450;Киномикс;39;Х/ф;Гипнотик;[18+]
211450;211635;Киномикс;39;Х/ф;Легионер: Беги или умри;[18+]
211635;211845;Киномикс;39;Х/ф;Профессионал;[16+]
211845;212045;Киномикс;39;Х/ф;В поисках зверя;[18+]
212045;212220;Киномикс;39;Х/ф;Три орешка для Золушки;[16+]
212220;220000;Киномикс;39;Х/ф;Кара;[18+]
220000;220145;Киномикс;39;Х/ф;Шаман;[18+]
220145;220400;Киномикс;39;Х/ф;Железный рыцарь;[18+]
220625;220805;Киномикс;39;Х/ф;Пророк;[16+]
220805;221005;Киномикс;39;Х/ф;Тюрьма суперзлодеев;[18+]
221005;221210;Киномикс;39;Х/ф;"Операция "Фортуна": Искусство побеждать";[18+]
221210;221425;Киномикс;39;Х/ф;Железный рыцарь;[18+]
221425;221625;Киномикс;39;Х/ф;Санктум;[18+]
221625;221830;Киномикс;39;Х/ф;Профессионал;[18+]
221830;222005;Киномикс;39;Х/ф;Сокровища джунглей;[18+]
222005;222155;Киномикс;39;Х/ф;Тайна Хеопса;[16+]
222155;230000;Киномикс;39;Х/ф;Скалолаз;[16+]
230000;230210;Киномикс;39;Х/ф;Выживший;[18+]
230210;230405;Киномикс;39;Х/ф;"Хищник: Миссия "Осирис";[18+]
230405;230625;Киномикс;39;Х/ф;Хищные твари;[18+]
230625;230755;Киномикс;39;Х/ф;Тачка №19;[16+]
230755;230950;Киномикс;39;Х/ф;Мушкетер;[16+]
230950;231120;Киномикс;39;Х/ф;Багровая отмель;[18+]
231120;231310;Киномикс;39;Х/ф;Джонни Мнемоник;[18+]
231310;231515;Киномикс;39;Х/ф;Профессионал;[16+]
231515;231705;Киномикс;39;Х/ф;Легионер: Беги или умри;[18+]
231705;231845;Киномикс;39;Х/ф;Гипнотик;[18+]
231845;232025;Киномикс;39;Х/ф;Кара;[18+]
232025;232220;Киномикс;39;Х/ф;В поисках зверя;[18+]
232220;240000;Киномикс;39;Х/ф;Три орешка для Золушки;[16+]
240000;240150;Киномикс;39;Х/ф;Самоволка;[16+]
240150;240340;Киномикс;39;Х/ф;Шаман;[18+]
240340;240515;Киномикс;39;Х/ф;Пророк;[16+]
171000;171250;KHL;106;;"Вспомним Плей-офф". Фонбет Чемпионат КХЛ. Финал Кубка Гагарина. 6-й матч;[12+]
171250;171320;KHL;106;;Тренерский штаб;[6+]
171320;171355;KHL;106;;Топ-20 надежд;[6+]
171355;171610;KHL;106;;Belbet Кубок Минска;[12+]
171610;171715;KHL;106;;Трансферы;[6+]
171715;171950;KHL;106;;"Яркие матчи". Фонбет Чемпионат КХЛ;[12+]
171950;172055;KHL;106;;На связи;[6+]
172055;172305;KHL;106;;Belbet Кубок Минска. Финал;[12+]
172305;172320;KHL;106;;Неделя КХЛ;[12+]
172320;172355;KHL;106;;Топ-20 надежд;[6+]
172355;180010;KHL;106;;МХЛ удивляет;[6+]
180010;180225;KHL;106;;Belbet Кубок Минска. Матч за 5-е место;[12+]
180225;180440;KHL;106;;FONBET. Кубок Республики Башкортостан;[12+]
180440;180540;KHL;106;;На связи;[6+]
180540;180555;KHL;106;;МХЛ удивляет;[6+]
180555;180810;KHL;106;;Belbet Кубок Минска. Матч за 3-е место;[12+]
180810;180900;KHL;106;;Хоккейный борт. 3-й сезон 3 с.;[16+]
180900;181000;KHL;106;Д/ф;Защита Валерия Васильева;[12+]
181000;181215;KHL;106;;FONBET. Кубок Республики Башкортостан;[12+]
181215;181425;KHL;106;;Belbet Кубок Минска. Финал;[12+]
181425;181440;KHL;106;;Неделя КХЛ;[12+]
181440;181655;KHL;106;;Belbet Кубок Минска. Матч за 3-е место;[12+]
181655;181920;KHL;106;;Товарищеский матч. Прямая трансляция;[]
181920;182010;KHL;106;;Хоккейный борт. 3-й сезон 3 с.;[16+]
182010;182055;KHL;106;;По фану;[16+]
182055;182320;KHL;106;;FONBET. Кубок Республики Башкортостан. Прямая трансляция;[]
182320;182335;KHL;106;;МХЛ удивляет;[6+]
182335;190150;KHL;106;;OLIMPBET Чемпионат МХЛ. Финал Кубка Харламова. 1-й матч;[12+]
190150;190215;KHL;106;;Тренерский штаб;[6+]
190215;190430;KHL;106;;Товарищеский матч;[12+]
190430;190640;KHL;106;;FONBET. Кубок Республики Башкортостан;[12+]
190640;190915;KHL;106;;"Яркие матчи". Фонбет Чемпионат КХЛ;[12+]
190915;191000;KHL;106;;Хоккейный борт. 3-й сезон 3 с.;[16+]
191000;191220;KHL;106;;OLIMPBET Чемпионат МХЛ. Финал Кубка Харламова. 1-й матч;[12+]
191220;191235;KHL;106;;Неделя КХЛ;[12+]
191235;191450;KHL;106;;Товарищеский матч;[12+]
191450;191705;KHL;106;;FONBET. Кубок Республики Башкортостан;[12+]
191705;191720;KHL;106;;МХЛ удивляет;[6+]
191720;191955;KHL;106;;"Яркие матчи". Фонбет Чемпионат КХЛ;[12+]
191955;192010;KHL;106;;Неделя КХЛ;[12+]
192010;192225;KHL;106;;FONBET. Кубок Республики Башкортостан;[12+]
192225;192330;KHL;106;;Трансферы;[6+]
192330;200155;KHL;106;;OLIMPBET Чемпионат МХЛ. Финал Кубка Харламова. 2-й матч;[12+]
200155;200425;KHL;106;;"Лучшие клубы". Фонбет Чемпионат КХЛ;[12+]
200425;200650;KHL;106;;"Яркие матчи". Фонбет Чемпионат КХЛ;[12+]
200650;200750;KHL;106;Д/ф;Защита Валерия Васильева;[12+]
200750;201000;KHL;106;;"Лучшие клубы". Фонбет Чемпионат КХЛ;[12+]
201000;201225;KHL;106;;OLIMPBET Чемпионат МХЛ. Финал Кубка Харламова. 2-й матч;[12+]
201225;201455;KHL;106;;"Лучшие клубы". Фонбет Чемпионат КХЛ;[12+]
201455;201720;KHL;106;;"Яркие матчи". Фонбет Чемпионат КХЛ;[12+]
201720;201825;KHL;106;;Трансферы;[6+]
201825;202040;KHL;106;;"Лучшие клубы". Фонбет Чемпионат КХЛ;[12+]
202040;202055;KHL;106;;Неделя КХЛ;[12+]
202055;202320;KHL;106;;FONBET. Кубок Республики Башкортостан. Прямая трансляция;[]
202320;210150;KHL;106;;OLIMPBET Чемпионат МХЛ. Финал Кубка Харламова. 3-й матч;[12+]
210150;210250;KHL;106;;МХЛ удивляет;[6+]
210250;210520;KHL;106;;"Яркие матчи". Фонбет Чемпионат КХЛ;[12+]
210520;210735;KHL;106;;FONBET. Кубок Республики Башкортостан;[12+]
210735;211000;KHL;106;;"Лучшие клубы". Фонбет Чемпионат КХЛ;[12+]
211000;211230;KHL;106;;OLIMPBET Чемпионат МХЛ. Финал Кубка Харламова. 3-й матч;[12+]
211230;211445;KHL;106;;FONBET. Кубок Республики Башкортостан;[12+]
211445;211715;KHL;106;;"Яркие матчи". Фонбет Чемпионат КХЛ;[12+]
211715;211815;KHL;106;Д/ф;Защита Валерия Васильева;[12+]
211815;212030;KHL;106;;FONBET. Кубок Республики Башкортостан;[12+]
212030;212255;KHL;106;;"Лучшие клубы". Фонбет Чемпионат КХЛ;[12+]
212255;212330;KHL;106;;Топ-20 надежд;[6+]
212330;220230;KHL;106;;OLIMPBET Чемпионат МХЛ. Финал Кубка Харламова. 4-й матч;[12+]
220230;220455;KHL;106;;"Яркие матчи". Фонбет Чемпионат КХЛ;[12+]
220455;220710;KHL;106;;"Лучшие клубы". Фонбет Чемпионат КХЛ;[12+]
220710;220750;KHL;106;;По фану;[16+]
220750;221000;KHL;106;;"Яркие матчи". Фонбет Чемпионат КХЛ;[12+]
221000;221255;KHL;106;;OLIMPBET Чемпионат МХЛ. Финал Кубка Харламова. 4-й матч;[12+]
221255;221305;KHL;106;;МХЛ удивляет;[6+]
221305;221520;KHL;106;;"Лучшие клубы". Фонбет Чемпионат КХЛ;[12+]
221520;221745;KHL;106;;"Яркие матчи". Фонбет Чемпионат КХЛ;[12+]
221745;222020;KHL;106;;Товарищеский матч. Прямая трансляция;[]
222020;222035;KHL;106;;Неделя КХЛ;[12+]
222035;222255;KHL;106;;"Лучшие клубы". Фонбет Чемпионат КХЛ;[12+]
222255;222340;KHL;106;;Трансферы;[6+]
222340;230230;KHL;106;;OLIMPBET Чемпионат МХЛ. Финал Кубка Харламова. 5-й матч;[12+]
230230;230455;KHL;106;;Товарищеский матч;[12+]
230455;230715;KHL;106;;"Яркие матчи". Фонбет Чемпионат КХЛ;[12+]
230715;230730;KHL;106;;МХЛ удивляет;[6+]
230730;231000;KHL;106;;"Лучшие клубы". Фонбет Чемпионат КХЛ;[12+]
231000;231250;KHL;106;;OLIMPBET Чемпионат МХЛ. Финал Кубка Харламова. 5-й матч;[12+]
231250;231515;KHL;106;;Товарищеский матч;[12+]
231515;231735;KHL;106;;"Яркие матчи". Фонбет Чемпионат КХЛ;[12+]
231735;232005;KHL;106;;"Лучшие клубы". Фонбет Чемпионат КХЛ;[12+]
232005;232230;KHL;106;;Товарищеский матч;[12+]
232230;232330;KHL;106;;МХЛ удивляет;[6+]
232330;240225;KHL;106;;OLIMPBET Чемпионат МХЛ. Финал Кубка Харламова. 6-й матч;[12+]
240225;240315;KHL;106;;Трансферы;[6+]
240315;240330;KHL;106;;Неделя КХЛ;[12+]
240330;240600;KHL;106;;"Яркие матчи". Фонбет Чемпионат КХЛ;[12+]
240600;240700;KHL;106;Д/ф;Защита Валерия Васильева;[12+]
240700;240730;KHL;106;;Тренерский штаб;[6+]
240730;241000;KHL;106;;"Лучшие клубы". Фонбет Чемпионат КХЛ;[12+]
170410;170430;Индия;71;Т/с;Шорья и Анокхи: история любви 136 с.;[16+]
170430;170455;Индия;71;Т/с;Шорья и Анокхи: история любви 137 с.;[16+]
170455;170515;Индия;71;Т/с;Шорья и Анокхи: история любви 138 с.;[16+]
170515;170535;Индия;71;Т/с;История наших отношений 185 с.;[16+]
170535;170550;Индия;71;Т/с;История наших отношений 186 с.;[16+]
170550;170610;Индия;71;Т/с;История наших отношений 187 с.;[16+]
170610;170645;Индия;71;Т/с;История наших отношений 188 с.;[16+]
170645;170705;Индия;71;Т/с;Уловка любви 91 с.;[16+]
170705;170730;Индия;71;Т/с;Уловка любви 92 с.;[16+]
170730;170750;Индия;71;Т/с;Уловка любви 93 с.;[16+]
170750;170815;Индия;71;Т/с;История наших отношений 205 с.;[16+]
170815;170835;Индия;71;Т/с;История наших отношений 206 с.;[16+]
170835;170900;Индия;71;Т/с;История наших отношений 207 с.;[16+]
170900;170920;Индия;71;Т/с;История наших отношений 208 с.;[16+]
170920;170945;Индия;71;Т/с;История наших отношений 209 с.;[16+]
170945;171005;Индия;71;Т/с;Порог любви 91 с.;[16+]
171005;171025;Индия;71;Т/с;Порог любви 92 с.;[16+]
171025;171050;Индия;71;Т/с;Порог любви 93 с.;[16+]
171050;171115;Индия;71;Т/с;Порог любви 94 с.;[16+]
171115;171135;Индия;71;Т/с;Уловка любви 115 с.;[16+]
171135;171200;Индия;71;Т/с;Уловка любви 116 с.;[16+]
171200;171225;Индия;71;Т/с;Уловка любви 117 с.;[16+]
171225;171245;Индия;71;Т/с;Шорья и Анокхи: история любви 127 с.;[16+]
171245;171305;Индия;71;Т/с;Шорья и Анокхи: история любви 128 с.;[16+]
171305;171330;Индия;71;Т/с;Шорья и Анокхи: история любви 129 с.;[16+]
171330;171350;Индия;71;Т/с;Шорья и Анокхи: история любви 130 с.;[16+]
171350;171415;Индия;71;Т/с;Шорья и Анокхи: история любви 131 с.;[16+]
171415;171440;Индия;71;Т/с;Шорья и Анокхи: история любви 132 с.;[16+]
171440;171505;Индия;71;Т/с;Уловка любви 118 с.;[16+]
171505;171530;Индия;71;Т/с;Уловка любви 119 с.;[16+]
171530;171555;Индия;71;Т/с;Уловка любви 120 с.;[16+]
171555;171620;Индия;71;Т/с;Порог любви 94 с.;[16+]
171620;171640;Индия;71;Т/с;Порог любви 95 с.;[16+]
171640;171705;Индия;71;Т/с;Порог любви 96 с.;[16+]
171705;171730;Индия;71;Т/с;Шорья и Анокхи: история любви 133 с.;[16+]
171730;171750;Индия;71;Т/с;Шорья и Анокхи: история любви 134 с.;[16+]
171750;171815;Индия;71;Т/с;Шорья и Анокхи: история любви 135 с.;[16+]
171815;171840;Индия;71;Т/с;Порог любви 97 с.;[16+]
171840;171900;Индия;71;Т/с;Порог любви 98 с.;[16+]
171900;171925;Индия;71;Т/с;Порог любви 99 с.;[16+]
171925;171950;Индия;71;Т/с;Шорья и Анокхи: история любви 136 с.;[16+]
171950;172010;Индия;71;Т/с;Шорья и Анокхи: история любви 137 с.;[16+]
172010;172035;Индия;71;Т/с;Шорья и Анокхи: история любви 138 с.;[16+]
172035;172100;Индия;71;Т/с;Уловка любви 121 с.;[16+]
172100;172125;Индия;71;Т/с;Уловка любви 122 с.;[16+]
172125;172150;Индия;71;Т/с;Уловка любви 123 с.;[16+]
172150;172210;Индия;71;Т/с;Порог любви 100 с.;[16+]
172210;172235;Индия;71;Т/с;Порог любви 101 с.;[16+]
172235;172300;Индия;71;Т/с;Порог любви 102 с.;[16+]
172300;172320;Индия;71;Т/с;Шорья и Анокхи: история любви 139 с.;[16+]
172320;172345;Индия;71;Т/с;Шорья и Анокхи: история любви 140 с.;[16+]
172345;180010;Индия;71;Т/с;Шорья и Анокхи: история любви 141 с.;[16+]
180010;180030;Индия;71;Т/с;Уловка любви 118 с.;[16+]
180030;180055;Индия;71;Т/с;Уловка любви 119 с.;[16+]
180055;180120;Индия;71;Т/с;Уловка любви 120 с.;[16+]
180120;180145;Индия;71;Т/с;Порог любви 97 с.;[16+]
180145;180210;Индия;71;Т/с;Порог любви 98 с.;[16+]
180210;180230;Индия;71;Т/с;Порог любви 99 с.;[16+]
180230;180255;Индия;71;Т/с;Шорья и Анокхи: история любви 136 с.;[16+]
180255;180320;Индия;71;Т/с;Шорья и Анокхи: история любви 137 с.;[16+]
180320;180340;Индия;71;Т/с;Шорья и Анокхи: история любви 138 с.;[16+]
180340;180405;Индия;71;Т/с;Шорья и Анокхи: история любви 139 с.;[16+]
180405;180430;Индия;71;Т/с;Шорья и Анокхи: история любви 140 с.;[16+]
180430;180450;Индия;71;Т/с;Шорья и Анокхи: история любви 141 с.;[16+]
180450;180515;Индия;71;Т/с;История наших отношений 189 с.;[16+]
180515;180530;Индия;71;Т/с;История наших отношений 190 с.;[16+]
180530;180555;Индия;71;Т/с;История наших отношений 191 с.;[16+]
180555;180610;Индия;71;Т/с;История наших отношений 192 с.;[16+]
180610;180630;Индия;71;Т/с;История наших отношений 193 с.;[16+]
180630;180645;Индия;71;;Путешествие по Индии 5 с.;[12+]
180645;180710;Индия;71;Т/с;Уловка любви 94 с.;[16+]
180710;180735;Индия;71;Т/с;Уловка любви 95 с.;[16+]
180735;180755;Индия;71;Т/с;Уловка любви 96 с.;[16+]
180755;180815;Индия;71;Т/с;История наших отношений 210 с.;[16+]
180815;180840;Индия;71;Т/с;История наших отношений 211 с.;[16+]
180840;180900;Индия;71;Т/с;История наших отношений 212 с.;[16+]
180900;180925;Индия;71;Т/с;Порог любви 94 с.;[16+]
180925;180945;Индия;71;Т/с;Порог любви 95 с.;[16+]
180945;181005;Индия;71;Т/с;Порог любви 96 с.;[16+]
181005;181030;Индия;71;Т/с;Порог любви 97 с.;[16+]
181030;181050;Индия;71;Т/с;Уловка любви 118 с.;[16+]
181050;181115;Индия;71;Т/с;Уловка любви 119 с.;[16+]
181115;181140;Индия;71;Т/с;Уловка любви 120 с.;[16+]
181140;181205;Индия;71;Т/с;Шорья и Анокхи: история любви 130 с.;[16+]
181205;181225;Индия;71;Т/с;Шорья и Анокхи: история любви 131 с.;[16+]
181225;181250;Индия;71;Т/с;Шорья и Анокхи: история любви 132 с.;[16+]
181250;181315;Индия;71;Т/с;Шорья и Анокхи: история любви 133 с.;[16+]
181315;181340;Индия;71;Т/с;Шорья и Анокхи: история любви 134 с.;[16+]
181340;181400;Индия;71;Т/с;Шорья и Анокхи: история любви 135 с.;[16+]
181400;181425;Индия;71;Т/с;Уловка любви 121 с.;[16+]
181425;181450;Индия;71;Т/с;Уловка любви 122 с.;[16+]
181450;181515;Индия;71;Т/с;Уловка любви 123 с.;[16+]
181515;181540;Индия;71;Т/с;Порог любви 97 с.;[16+]
181540;181600;Индия;71;Т/с;Порог любви 98 с.;[16+]
181600;181625;Индия;71;Т/с;Порог любви 99 с.;[16+]
181625;181650;Индия;71;Т/с;Шорья и Анокхи: история любви 136 с.;[16+]
181650;181710;Индия;71;Т/с;Шорья и Анокхи: история любви 137 с.;[16+]
181710;181735;Индия;71;Т/с;Шорья и Анокхи: история любви 138 с.;[16+]
181735;181800;Индия;71;Т/с;Порог любви 100 с.;[16+]
181800;181820;Индия;71;Т/с;Порог любви 101 с.;[16+]
181820;181845;Индия;71;Т/с;Порог любви 102 с.;[16+]
181845;181910;Индия;71;Т/с;Шорья и Анокхи: история любви 139 с.;[16+]
181910;181930;Индия;71;Т/с;Шорья и Анокхи: история любви 140 с.;[16+]
181930;181955;Индия;71;Т/с;Шорья и Анокхи: история любви 141 с.;[16+]
181955;182020;Индия;71;Т/с;Уловка любви 124 с.;[16+]
182020;182045;Индия;71;Т/с;Уловка любви 125 с.;[16+]
182045;182110;Индия;71;Т/с;Уловка любви 126 с.;[16+]
182110;182130;Индия;71;Т/с;Порог любви 102 с.;[16+]
182130;182215;Индия;71;Т/с;Порог любви 103 с.;[16+]
182215;182300;Индия;71;Т/с;Порог любви 104 с.;[16+]
182300;182320;Индия;71;Т/с;Шорья и Анокхи: история любви 142 с.;[16+]
182320;182345;Индия;71;Т/с;Шорья и Анокхи: история любви 143 с.;[16+]
182345;190010;Индия;71;Т/с;Шорья и Анокхи: история любви 144 с.;[16+]
190010;190030;Индия;71;Т/с;Уловка любви 121 с.;[16+]
190030;190055;Индия;71;Т/с;Уловка любви 122 с.;[16+]
190055;190120;Индия;71;Т/с;Уловка любви 123 с.;[16+]
190120;190145;Индия;71;Т/с;Порог любви 100 с.;[16+]
190145;190205;Индия;71;Т/с;Порог любви 101 с.;[16+]
190205;190230;Индия;71;Т/с;Порог любви 102 с.;[16+]
190230;190255;Индия;71;Т/с;Шорья и Анокхи: история любви 139 с.;[16+]
190255;190315;Индия;71;Т/с;Шорья и Анокхи: история любви 140 с.;[16+]
190315;190340;Индия;71;Т/с;Шорья и Анокхи: история любви 141 с.;[16+]
190340;190405;Индия;71;Т/с;Шорья и Анокхи: история любви 142 с.;[16+]
190405;190425;Индия;71;Т/с;Шорья и Анокхи: история любви 143 с.;[16+]
190425;190450;Индия;71;Т/с;История наших отношений 194 с.;[16+]
190450;190510;Индия;71;Т/с;История наших отношений 195 с.;[16+]
190510;190530;Индия;71;Т/с;История наших отношений 196 с.;[16+]
190530;190555;Индия;71;Т/с;История наших отношений 197 с.;[16+]
190555;190625;Индия;71;Т/с;История наших отношений 198 с.;[16+]
190625;190650;Индия;71;Т/с;Уловка любви 97 с.;[16+]
190650;190710;Индия;71;Т/с;Уловка любви 98 с.;[16+]
190710;190735;Индия;71;Т/с;Уловка любви 99 с.;[16+]
190735;190755;Индия;71;Т/с;История наших отношений 213 с.;[16+]
190755;190820;Индия;71;Т/с;История наших отношений 214 с.;[16+]
190820;190840;Индия;71;Т/с;История наших отношений 215 с.;[16+]
190840;190905;Индия;71;Т/с;История наших отношений 216 с.;[16+]
190905;190925;Индия;71;Т/с;Порог любви 96 с.;[16+]
190925;190945;Индия;71;Т/с;Порог любви 97 с.;[16+]
190945;191010;Индия;71;Т/с;Порог любви 98 с.;[16+]
191010;191030;Индия;71;Т/с;Порог любви 99 с.;[16+]
191030;191055;Индия;71;Т/с;Уловка любви 120 с.;[16+]
191055;191115;Индия;71;Т/с;Уловка любви 121 с.;[16+]
191115;191140;Индия;71;Т/с;Уловка любви 122 с.;[16+]
191140;191200;Индия;71;Т/с;Уловка любви 123 с.;[16+]
191200;191220;Индия;71;Т/с;Шорья и Анокхи: история любви 133 с.;[16+]
191220;191245;Индия;71;Т/с;Шорья и Анокхи: история любви 134 с.;[16+]
191245;191305;Индия;71;Т/с;Шорья и Анокхи: история любви 135 с.;[16+]
191305;191325;Индия;71;Т/с;Шорья и Анокхи: история любви 136 с.;[16+]
191325;191350;Индия;71;Т/с;Шорья и Анокхи: история любви 137 с.;[16+]
191350;191410;Индия;71;Т/с;Шорья и Анокхи: история любви 138 с.;[16+]
191410;191435;Индия;71;Т/с;Уловка любви 124 с.;[16+]
191435;191500;Индия;71;Т/с;Уловка любви 125 с.;[16+]
191500;191525;Индия;71;Т/с;Уловка любви 126 с.;[16+]
191525;191550;Индия;71;Т/с;Порог любви 100 с.;[16+]
191550;191610;Индия;71;Т/с;Порог любви 101 с.;[16+]
191610;191635;Индия;71;Т/с;Порог любви 102 с.;[16+]
191635;191700;Индия;71;Т/с;Шорья и Анокхи: история любви 139 с.;[16+]
191700;191720;Индия;71;Т/с;Шорья и Анокхи: история любви 140 с.;[16+]
191720;191745;Индия;71;Т/с;Шорья и Анокхи: история любви 141 с.;[16+]
191745;191825;Индия;71;Т/с;Порог любви 103 с.;[16+]
191825;191910;Индия;71;Т/с;Порог любви 104 с.;[16+]
191910;191935;Индия;71;Т/с;Шорья и Анокхи: история любви 142 с.;[16+]
191935;191955;Индия;71;Т/с;Шорья и Анокхи: история любви 143 с.;[16+]
191955;192020;Индия;71;Т/с;Шорья и Анокхи: история любви 144 с.;[16+]
192020;192045;Индия;71;Т/с;Уловка любви 127 с.;[16+]
192045;192110;Индия;71;Т/с;Уловка любви 128 с.;[16+]
192110;192135;Индия;71;Т/с;Уловка любви 129 с.;[16+]
192135;192200;Индия;71;Т/с;Спутник моей жизни 1 с.;[16+]
192200;192230;Индия;71;Т/с;Спутник моей жизни 2 с.;[16+]
192230;192300;Индия;71;Т/с;Спутник моей жизни 3 с.;[16+]
192300;192320;Индия;71;Т/с;Шорья и Анокхи: история любви 145 с.;[16+]
192320;192345;Индия;71;Т/с;Шорья и Анокхи: история любви 146 с.;[16+]
192345;200010;Индия;71;Т/с;Шорья и Анокхи: история любви 147 с.;[16+]
200010;200030;Индия;71;Т/с;Уловка любви 124 с.;[16+]
200030;200055;Индия;71;Т/с;Уловка любви 125 с.;[16+]
200055;200120;Индия;71;Т/с;Уловка любви 126 с.;[16+]
200120;200205;Индия;71;Т/с;Порог любви 103 с.;[16+]
200205;200245;Индия;71;Т/с;Порог любви 104 с.;[16+]
200245;200310;Индия;71;Т/с;Шорья и Анокхи: история любви 143 с.;[16+]
200310;200330;Индия;71;Т/с;Шорья и Анокхи: история любви 144 с.;[16+]
200330;200355;Индия;71;Т/с;Шорья и Анокхи: история любви 145 с.;[16+]
200355;200420;Индия;71;Т/с;Шорья и Анокхи: история любви 146 с.;[16+]
200420;200440;Индия;71;Т/с;История наших отношений 199 с.;[16+]
200440;200505;Индия;71;Т/с;История наших отношений 200 с.;[16+]
200505;200525;Индия;71;Т/с;История наших отношений 201 с.;[16+]
200525;200545;Индия;71;Т/с;История наших отношений 202 с.;[16+]
200545;200605;Индия;71;Т/с;История наших отношений 203 с.;[16+]
200605;200635;Индия;71;Т/с;История наших отношений 204 с.;[16+]
200635;200655;Индия;71;Т/с;Уловка любви 100 с.;[16+]
200655;200720;Индия;71;Т/с;Уловка любви 101 с.;[16+]
200720;200740;Индия;71;Т/с;Уловка любви 102 с.;[16+]
200740;200805;Индия;71;Т/с;История наших отношений 217 с.;[16+]
200805;200825;Индия;71;Т/с;История наших отношений 218 с.;[16+]
200825;200845;Индия;71;Т/с;История наших отношений 219 с.;[16+]
200845;200905;Индия;71;Т/с;История наших отношений 220 с.;[16+]
200905;200925;Индия;71;Т/с;Порог любви 100 с.;[16+]
200925;200945;Индия;71;Т/с;Порог любви 101 с.;[16+]
200945;201010;Индия;71;Т/с;Порог любви 102 с.;[16+]
201010;201030;Индия;71;Т/с;Уловка любви 123 с.;[16+]
201030;201055;Индия;71;Т/с;Уловка любви 124 с.;[16+]
201055;201120;Индия;71;Т/с;Уловка любви 125 с.;[16+]
201120;201140;Индия;71;Т/с;Уловка любви 126 с.;[16+]
201140;201205;Индия;71;Т/с;Шорья и Анокхи: история любви 136 с.;[16+]
201205;201230;Индия;71;Т/с;Шорья и Анокхи: история любви 137 с.;[16+]
201230;201250;Индия;71;Т/с;Шорья и Анокхи: история любви 138 с.;[16+]
201250;201315;Индия;71;Т/с;Шорья и Анокхи: история любви 139 с.;[16+]
201315;201340;Индия;71;Т/с;Шорья и Анокхи: история любви 140 с.;[16+]
201340;201405;Индия;71;Т/с;Шорья и Анокхи: история любви 141 с.;[16+]
201405;201425;Индия;71;Т/с;Уловка любви 127 с.;[16+]
201425;201450;Индия;71;Т/с;Уловка любви 128 с.;[16+]
201450;201515;Индия;71;Т/с;Уловка любви 129 с.;[16+]
201515;201600;Индия;71;Т/с;Порог любви 103 с.;[16+]
201600;201640;Индия;71;Т/с;Порог любви 104 с.;[16+]
201640;201705;Индия;71;Т/с;Шорья и Анокхи: история любви 142 с.;[16+]
201705;201730;Индия;71;Т/с;Шорья и Анокхи: история любви 143 с.;[16+]
201730;201750;Индия;71;Т/с;Шорья и Анокхи: история любви 144 с.;[16+]
201750;201820;Индия;71;Т/с;Спутник моей жизни 1 с.;[16+]
201820;201850;Индия;71;Т/с;Спутник моей жизни 2 с.;[16+]
201850;201915;Индия;71;Т/с;Спутник моей жизни 3 с.;[16+]
201915;201940;Индия;71;Т/с;Шорья и Анокхи: история любви 145 с.;[16+]
201940;202000;Индия;71;Т/с;Шорья и Анокхи: история любви 146 с.;[16+]
202000;202025;Индия;71;Т/с;Шорья и Анокхи: история любви 147 с.;[16+]
202025;202050;Индия;71;Т/с;Уловка любви 130 с.;[16+]
202050;202115;Индия;71;Т/с;Уловка любви 131 с.;[16+]
202115;202140;Индия;71;Т/с;Уловка любви 132 с.;[16+]
202140;202205;Индия;71;Т/с;Спутник моей жизни 4 с.;[16+]
202205;202235;Индия;71;Т/с;Спутник моей жизни 5 с.;[16+]
202235;202300;Индия;71;Т/с;Спутник моей жизни 6 с.;[16+]
202300;202320;Индия;71;Т/с;Шорья и Анокхи: история любви 148 с.;[16+]
202320;202345;Индия;71;Т/с;Шорья и Анокхи: история любви 149 с.;[16+]
202345;210010;Индия;71;Т/с;Шорья и Анокхи: история любви 150 с.;[16+]
210010;210030;Индия;71;Т/с;Уловка любви 127 с.;[16+]
210030;210055;Индия;71;Т/с;Уловка любви 128 с.;[16+]
210055;210120;Индия;71;Т/с;Уловка любви 129 с.;[16+]
210120;210150;Индия;71;Т/с;Спутник моей жизни 1 с.;[16+]
210150;210215;Индия;71;Т/с;Спутник моей жизни 2 с.;[16+]
210215;210245;Индия;71;Т/с;Спутник моей жизни 3 с.;[16+]
210245;210310;Индия;71;Т/с;Шорья и Анокхи: история любви 146 с.;[16+]
210310;210330;Индия;71;Т/с;Шорья и Анокхи: история любви 147 с.;[16+]
210330;210355;Индия;71;Т/с;Шорья и Анокхи: история любви 148 с.;[16+]
210355;210420;Индия;71;Т/с;Шорья и Анокхи: история любви 149 с.;[16+]
210420;210440;Индия;71;Т/с;История наших отношений 205 с.;[16+]
210440;210505;Индия;71;Т/с;История наших отношений 206 с.;[16+]
210505;210525;Индия;71;Т/с;История наших отношений 207 с.;[16+]
210525;210550;Индия;71;Т/с;История наших отношений 208 с.;[16+]
210550;210620;Индия;71;Т/с;История наших отношений 209 с.;[16+]
210620;210645;Индия;71;Т/с;Уловка любви 103 с.;[16+]
210645;210705;Индия;71;Т/с;Уловка любви 104 с.;[16+]
210705;210730;Индия;71;Т/с;Уловка любви 105 с.;[16+]
210730;210750;Индия;71;Т/с;История наших отношений 221 с.;[16+]
210750;210815;Индия;71;Т/с;История наших отношений 222 с.;[16+]
210815;210835;Индия;71;Т/с;История наших отношений 224 с.;[16+]
210835;210900;Индия;71;Т/с;История наших отношений 223 с.;[16+]
210900;210940;Индия;71;Т/с;Порог любви 103 с.;[16+]
210940;211020;Индия;71;Т/с;Порог любви 104 с.;[16+]
211020;211040;Индия;71;Т/с;Уловка любви 126 с.;[16+]
211040;211105;Индия;71;Т/с;Уловка любви 127 с.;[16+]
211105;211130;Индия;71;Т/с;Уловка любви 128 с.;[16+]
211130;211155;Индия;71;Т/с;Уловка любви 129 с.;[16+]
211155;211220;Индия;71;Т/с;Шорья и Анокхи: история любви 139 с.;[16+]
211220;211240;Индия;71;Т/с;Шорья и Анокхи: история любви 140 с.;[16+]
211240;211305;Индия;71;Т/с;Шорья и Анокхи: история любви 141 с.;[16+]
211305;211330;Индия;71;Т/с;Шорья и Анокхи: история любви 142 с.;[16+]
211330;211355;Индия;71;Т/с;Шорья и Анокхи: история любви 143 с.;[16+]
211355;211415;Индия;71;Т/с;Шорья и Анокхи: история любви 144 с.;[16+]
211415;211440;Индия;71;Т/с;Уловка любви 130 с.;[16+]
211440;211505;Индия;71;Т/с;Уловка любви 131 с.;[16+]
211505;211530;Индия;71;Т/с;Уловка любви 132 с.;[16+]
211530;211600;Индия;71;Т/с;Спутник моей жизни 1 с.;[16+]
211600;211625;Индия;71;Т/с;Спутник моей жизни 2 с.;[16+]
211625;211655;Индия;71;Т/с;Спутник моей жизни 3 с.;[16+]
211655;211715;Индия;71;Т/с;Шорья и Анокхи: история любви 145 с.;[16+]
211715;211740;Индия;71;Т/с;Шорья и Анокхи: история любви 146 с.;[16+]
211740;211805;Индия;71;Т/с;Шорья и Анокхи: история любви 147 с.;[16+]
211805;211830;Индия;71;Т/с;Спутник моей жизни 4 с.;[16+]
211830;211855;Индия;71;Т/с;Спутник моей жизни 5 с.;[16+]
211855;211920;Индия;71;Т/с;Спутник моей жизни 6 с.;[16+]
211920;211945;Индия;71;Т/с;Шорья и Анокхи: история любви 148 с.;[16+]
211945;212010;Индия;71;Т/с;Шорья и Анокхи: история любви 149 с.;[16+]
212010;212030;Индия;71;Т/с;Шорья и Анокхи: история любви 150 с.;[16+]
212030;212055;Индия;71;Т/с;Уловка любви 133 с.;[16+]
212055;212120;Индия;71;Т/с;Уловка любви 134 с.;[16+]
212120;212145;Индия;71;Т/с;Уловка любви 135 с.;[16+]
212145;212210;Индия;71;Т/с;Спутник моей жизни 7 с.;[16+]
212210;212235;Индия;71;Т/с;Спутник моей жизни 8 с.;[16+]
212235;212300;Индия;71;Т/с;Спутник моей жизни 9 с.;[16+]
212300;212320;Индия;71;Т/с;Шорья и Анокхи: история любви 151 с.;[16+]
212320;212345;Индия;71;Т/с;Шорья и Анокхи: история любви 152 с.;[16+]
212345;220010;Индия;71;Т/с;Шорья и Анокхи: история любви 153 с.;[16+]
220010;220030;Индия;71;Т/с;Уловка любви 130 с.;[16+]
220030;220055;Индия;71;Т/с;Уловка любви 131 с.;[16+]
220055;220120;Индия;71;Т/с;Уловка любви 132 с.;[16+]
220120;220150;Индия;71;Т/с;Спутник моей жизни 4 с.;[16+]
220150;220215;Индия;71;Т/с;Спутник моей жизни 5 с.;[16+]
220215;220240;Индия;71;Т/с;Спутник моей жизни 6 с.;[16+]
220240;220305;Индия;71;Т/с;Шорья и Анокхи: история любви 149 с.;[16+]
220305;220325;Индия;71;Т/с;Шорья и Анокхи: история любви 150 с.;[16+]
220325;220350;Индия;71;Т/с;Уловка любви 121 с.;[16+]
220350;220415;Индия;71;Т/с;Уловка любви 122 с.;[16+]
220415;220440;Индия;71;Т/с;Уловка любви 123 с.;[16+]
220440;220500;Индия;71;Т/с;Уловка любви 124 с.;[16+]
220500;220525;Индия;71;Т/с;Порог любви 100 с.;[16+]
220525;220545;Индия;71;Т/с;Порог любви 101 с.;[16+]
220545;220605;Индия;71;Т/с;Порог любви 102 с.;[16+]
220605;220645;Индия;71;Т/с;Порог любви 103 с.;[16+]
220645;220735;Индия;71;Т/с;Порог любви 104 с.;[16+]
220735;220800;Индия;71;Т/с;Спутник моей жизни 1 с.;[16+]
220800;220830;Индия;71;Т/с;Спутник моей жизни 2 с.;[16+]
220830;220855;Индия;71;Т/с;Спутник моей жизни 3 с.;[16+]
220855;220920;Индия;71;Т/с;Спутник моей жизни 4 с.;[16+]
220920;220945;Индия;71;Т/с;Спутник моей жизни 5 с.;[16+]
220945;221010;Индия;71;Т/с;Спутник моей жизни 6 с.;[16+]
221010;221030;Индия;71;Т/с;Спутник моей жизни 7 с.;[16+]
221030;221050;Индия;71;Т/с;Спутник моей жизни 8 с.;[16+]
221050;221115;Индия;71;Т/с;Шорья и Анокхи: история любви 139 с.;[16+]
221115;221140;Индия;71;Т/с;Шорья и Анокхи: история любви 140 с.;[16+]
221140;221205;Индия;71;Т/с;Шорья и Анокхи: история любви 141 с.;[16+]
221205;221225;Индия;71;Т/с;Шорья и Анокхи: история любви 142 с.;[16+]
221225;221250;Индия;71;Т/с;Шорья и Анокхи: история любви 143 с.;[16+]
221250;221315;Индия;71;Т/с;Шорья и Анокхи: история любви 144 с.;[16+]
221315;221335;Индия;71;Т/с;Шорья и Анокхи: история любви 145 с.;[16+]
221335;221400;Индия;71;Т/с;Шорья и Анокхи: история любви 146 с.;[16+]
221400;221425;Индия;71;Т/с;Шорья и Анокхи: история любви 147 с.;[16+]
221425;221445;Индия;71;Т/с;Шорья и Анокхи: история любви 148 с.;[16+]
221445;221510;Индия;71;Т/с;Шорья и Анокхи: история любви 149 с.;[16+]
221510;221535;Индия;71;Т/с;Шорья и Анокхи: история любви 150 с.;[16+]
221535;221555;Индия;71;Т/с;Шорья и Анокхи: история любви 151 с.;[16+]
221555;221620;Индия;71;Т/с;Шорья и Анокхи: история любви 152 с.;[16+]
221620;221645;Индия;71;Т/с;Шорья и Анокхи: история любви 153 с.;[16+]
221645;221710;Индия;71;Т/с;Уловка любви 121 с.;[16+]
221710;221730;Индия;71;Т/с;Уловка любви 122 с.;[16+]
221730;221755;Индия;71;Т/с;Уловка любви 123 с.;[16+]
221755;221820;Индия;71;Т/с;Уловка любви 124 с.;[16+]
221820;221845;Индия;71;Т/с;Уловка любви 125 с.;[16+]
221845;221910;Индия;71;Т/с;Уловка любви 126 с.;[16+]
221910;221935;Индия;71;Т/с;Уловка любви 127 с.;[16+]
221935;222000;Индия;71;Т/с;Уловка любви 128 с.;[16+]
222000;222020;Индия;71;Т/с;Порог любви 100 с.;[16+]
222020;222045;Индия;71;Т/с;Порог любви 101 с.;[16+]
222045;222110;Индия;71;Т/с;Порог любви 102 с.;[16+]
222110;222150;Индия;71;Т/с;Порог любви 103 с.;[16+]
222150;222235;Индия;71;Т/с;Порог любви 104 с.;[16+]
222235;222300;Индия;71;Т/с;Спутник моей жизни 1 с.;[16+]
222300;222330;Индия;71;Т/с;Спутник моей жизни 2 с.;[16+]
222330;222355;Индия;71;Т/с;Спутник моей жизни 3 с.;[16+]
222355;230025;Индия;71;Т/с;Спутник моей жизни 4 с.;[16+]
230025;230050;Индия;71;Т/с;Спутник моей жизни 5 с.;[16+]
230050;230115;Индия;71;Т/с;Спутник моей жизни 6 с.;[16+]
230115;230140;Индия;71;Т/с;Спутник моей жизни 7 с.;[16+]
230140;230205;Индия;71;Т/с;Спутник моей жизни 8 с.;[16+]
230205;230230;Индия;71;Т/с;Спутник моей жизни 9 с.;[16+]
230230;230255;Индия;71;Т/с;Уловка любви 125 с.;[16+]
230255;230315;Индия;71;Т/с;Уловка любви 126 с.;[16+]
230315;230340;Индия;71;Т/с;Уловка любви 127 с.;[16+]
230340;230405;Индия;71;Т/с;Уловка любви 128 с.;[16+]
230405;230430;Индия;71;Т/с;Уловка любви 129 с.;[16+]
230430;230455;Индия;71;Т/с;Уловка любви 130 с.;[16+]
230455;230515;Индия;71;Т/с;Уловка любви 131 с.;[16+]
230515;230535;Индия;71;;Путешествие по Индии 2 с.;[12+]
230535;230555;Индия;71;Т/с;Шорья и Анокхи: история любви 140 с.;[16+]
230555;230615;Индия;71;Т/с;Шорья и Анокхи: история любви 141 с.;[16+]
230615;230640;Индия;71;Т/с;Шорья и Анокхи: история любви 142 с.;[16+]
230640;230700;Индия;71;Т/с;Шорья и Анокхи: история любви 143 с.;[16+]
230700;230720;Индия;71;Т/с;Шорья и Анокхи: история любви 144 с.;[16+]
230720;230745;Индия;71;Т/с;Шорья и Анокхи: история любви 145 с.;[16+]
230745;230805;Индия;71;Т/с;Шорья и Анокхи: история любви 146 с.;[16+]
230805;230830;Индия;71;Т/с;Шорья и Анокхи: история любви 147 с.;[16+]
230830;230850;Индия;71;Т/с;Шорья и Анокхи: история любви 148 с.;[16+]
230850;230910;Индия;71;Т/с;Шорья и Анокхи: история любви 149 с.;[16+]
230910;230930;Индия;71;Т/с;Шорья и Анокхи: история любви 150 с.;[16+]
230930;230955;Индия;71;Т/с;Шорья и Анокхи: история любви 151 с.;[16+]
230955;231015;Индия;71;Т/с;Шорья и Анокхи: история любви 152 с.;[16+]
231015;231035;Индия;71;Т/с;Шорья и Анокхи: история любви 153 с.;[16+]
231035;231100;Индия;71;Т/с;Порог любви 100 с.;[16+]
231100;231125;Индия;71;Т/с;Порог любви 101 с.;[16+]
231125;231145;Индия;71;Т/с;Порог любви 102 с.;[16+]
231145;231230;Индия;71;Т/с;Порог любви 103 с.;[16+]
231230;231310;Индия;71;Т/с;Порог любви 104 с.;[16+]
231310;231340;Индия;71;Т/с;Спутник моей жизни 1 с.;[16+]
231340;231410;Индия;71;Т/с;Спутник моей жизни 2 с.;[16+]
231410;231435;Индия;71;Т/с;Спутник моей жизни 3 с.;[16+]
231435;231505;Индия;71;Т/с;Спутник моей жизни 4 с.;[16+]
231505;231530;Индия;71;Т/с;Спутник моей жизни 5 с.;[16+]
231530;231555;Индия;71;Т/с;Спутник моей жизни 6 с.;[16+]
231555;231620;Индия;71;Т/с;Спутник моей жизни 7 с.;[16+]
231620;231645;Индия;71;Т/с;Спутник моей жизни 8 с.;[16+]
231645;231705;Индия;71;Т/с;Уловка любви 128 с.;[16+]
231705;231730;Индия;71;Т/с;Уловка любви 129 с.;[16+]
231730;231755;Индия;71;Т/с;Уловка любви 130 с.;[16+]
231755;231820;Индия;71;Т/с;Уловка любви 131 с.;[16+]
231820;231845;Индия;71;Т/с;Уловка любви 132 с.;[16+]
231845;231910;Индия;71;Т/с;Уловка любви 133 с.;[16+]
231910;231935;Индия;71;Т/с;Уловка любви 134 с.;[16+]
231935;232000;Индия;71;Т/с;Уловка любви 135 с.;[16+]
232000;232020;Индия;71;Т/с;Шорья и Анокхи: история любви 139 с.;[16+]
232020;232045;Индия;71;Т/с;Шорья и Анокхи: история любви 140 с.;[16+]
232045;232110;Индия;71;Т/с;Шорья и Анокхи: история любви 141 с.;[16+]
232110;232130;Индия;71;Т/с;Шорья и Анокхи: история любви 142 с.;[16+]
232130;232155;Индия;71;Т/с;Шорья и Анокхи: история любви 143 с.;[16+]
232155;232220;Индия;71;Т/с;Шорья и Анокхи: история любви 144 с.;[16+]
232220;232240;Индия;71;Т/с;Шорья и Анокхи: история любви 145 с.;[16+]
232240;232305;Индия;71;Т/с;Шорья и Анокхи: история любви 146 с.;[16+]
232305;232330;Индия;71;Т/с;Шорья и Анокхи: история любви 147 с.;[16+]
232330;232350;Индия;71;Т/с;Шорья и Анокхи: история любви 148 с.;[16+]
232350;240015;Индия;71;Т/с;Шорья и Анокхи: история любви 149 с.;[16+]
240015;240040;Индия;71;Т/с;Шорья и Анокхи: история любви 150 с.;[16+]
240040;240100;Индия;71;Т/с;Шорья и Анокхи: история любви 151 с.;[16+]
240100;240125;Индия;71;Т/с;Шорья и Анокхи: история любви 152 с.;[16+]
240125;240150;Индия;71;Т/с;Шорья и Анокхи: история любви 153 с.;[16+]
240150;240215;Индия;71;Т/с;Уловка любви 130 с.;[16+]
240215;240240;Индия;71;Т/с;Уловка любви 131 с.;[16+]
240240;240300;Индия;71;Т/с;Уловка любви 132 с.;[16+]
240300;240325;Индия;71;Т/с;Уловка любви 133 с.;[16+]
240325;240350;Индия;71;Т/с;Уловка любви 134 с.;[16+]
240350;240410;Индия;71;Т/с;Уловка любви 135 с.;[16+]
171000;171200;Наше любимое кино;53;Х/ф;Окулус;[18+]
171200;171400;Наше любимое кино;53;Х/ф;Блеф;[12+]
171400;171615;Наше любимое кино;53;Х/ф;К-19;[12+]
171615;171750;Наше любимое кино;53;Х/ф;Точка опоры;[16+]
171750;171925;Наше любимое кино;53;Х/ф;Лапочка;[12+]
171925;172110;Наше любимое кино;53;Х/ф;Великолепная Гилли Хопкинс;[12+]
172110;172305;Наше любимое кино;53;Х/ф;Счастливый случай;[12+]
172305;180105;Наше любимое кино;53;Х/ф;Дальняя дорога;[16+]
180105;180245;Наше любимое кино;53;Х/ф;Параллельные миры;[16+]
180245;180420;Наше любимое кино;53;Х/ф;Пластик;[18+]
180420;180615;Наше любимое кино;53;Х/ф;Невидимый убийца;[18+]
180615;180810;Наше любимое кино;53;Х/ф;Дело Коллини;[16+]
180810;181000;Наше любимое кино;53;Х/ф;Холостяки;[18+]
181000;181200;Наше любимое кино;53;Х/ф;Середина 90-х;[18+]
181200;181400;Наше любимое кино;53;Х/ф;Дело Коллини;[16+]
181400;181600;Наше любимое кино;53;Х/ф;Дальняя дорога;[16+]
181600;181740;Наше любимое кино;53;Х/ф;Параллельные миры;[16+]
181740;181915;Наше любимое кино;53;Х/ф;Пластик;[18+]
181915;182110;Наше любимое кино;53;Х/ф;Невидимый убийца;[18+]
182110;182305;Наше любимое кино;53;Х/ф;Холостяки;[18+]
182305;190105;Наше любимое кино;53;Х/ф;Сабрина;[18+]
190105;190255;Наше любимое кино;53;Х/ф;"Гонки "Пушечное ядро";[16+]
190255;190425;Наше любимое кино;53;Х/ф;Ловкие руки;[18+]
190425;190615;Наше любимое кино;53;Х/ф;Ненависть;[18+]
190615;190810;Наше любимое кино;53;Х/ф;Отчаянные наследники;[18+]
190810;191000;Наше любимое кино;53;Х/ф;Не слышу зла;[18+]
191000;191200;Наше любимое кино;53;Х/ф;Мой папа - вождь;[12+]
191200;191400;Наше любимое кино;53;Х/ф;Отчаянные наследники;[18+]
191400;191600;Наше любимое кино;53;Х/ф;Сабрина;[18+]
191600;191750;Наше любимое кино;53;Х/ф;"Гонки "Пушечное ядро";[16+]
191750;191920;Наше любимое кино;53;Х/ф;Ловкие руки;[18+]
191920;192110;Наше любимое кино;53;Х/ф;Ненависть;[18+]
192110;192305;Наше любимое кино;53;Х/ф;Не слышу зла;[18+]
192305;200105;Наше любимое кино;53;Х/ф;Перевозчик-3;[16+]
200105;200255;Наше любимое кино;53;Х/ф;Жена;[16+]
200255;200440;Наше любимое кино;53;Х/ф;Гранит;[18+]
200440;200615;Наше любимое кино;53;Х/ф;Бестолковые;[16+]
200615;200810;Наше любимое кино;53;Х/ф;Конец света;[18+]
200810;201000;Наше любимое кино;53;Х/ф;Столкновение;[18+]
201000;201200;Наше любимое кино;53;Х/ф;Привет, Джули!;[18+]
201200;201400;Наше любимое кино;53;Х/ф;Конец света;[18+]
201400;201600;Наше любимое кино;53;Х/ф;Перевозчик-3;[16+]
201600;201750;Наше любимое кино;53;Х/ф;Жена;[16+]
201750;201935;Наше любимое кино;53;Х/ф;Гранит;[18+]
201935;202110;Наше любимое кино;53;Х/ф;Бестолковые;[16+]
202110;202305;Наше любимое кино;53;Х/ф;Столкновение;[18+]
202305;210105;Наше любимое кино;53;Х/ф;На гребне волны;[18+]
210105;210240;Наше любимое кино;53;Х/ф;Перед рассветом;[18+]
210240;210425;Наше любимое кино;53;Х/ф;22 пули: Бессмертный;[18+]
210425;210615;Наше любимое кино;53;Х/ф;Бронкская история;[16+]
210615;210810;Наше любимое кино;53;Х/ф;Выживут только любовники;[18+]
210810;211000;Наше любимое кино;53;Х/ф;Викинги против пришельцев;[16+]
211000;211200;Наше любимое кино;53;Х/ф;Извержение;[18+]
211200;211400;Наше любимое кино;53;Х/ф;Выживут только любовники;[18+]
211400;211600;Наше любимое кино;53;Х/ф;На гребне волны;[18+]
211600;211735;Наше любимое кино;53;Х/ф;Перед рассветом;[18+]
211735;211925;Наше любимое кино;53;Х/ф;22 пули: Бессмертный;[18+]
211925;212110;Наше любимое кино;53;Х/ф;Бронкская история;[16+]
212110;212305;Наше любимое кино;53;Х/ф;Викинги против пришельцев;[16+]
212305;220110;Наше любимое кино;53;Х/ф;Леон;[16+]
220110;220225;Наше любимое кино;53;Х/ф;Мулан: Рождение легенды;[18+]
220225;220410;Наше любимое кино;53;Х/ф;Эйр Америка;[18+]
220410;220615;Наше любимое кино;53;Х/ф;Выкуп;[18+]
220615;220810;Наше любимое кино;53;Х/ф;Белый Олеандр;[18+]
220810;221000;Наше любимое кино;53;Х/ф;Учитель года;[12+]
221000;221200;Наше любимое кино;53;Х/ф;Жених напрокат;[12+]
221200;221400;Наше любимое кино;53;Х/ф;Белый Олеандр;[18+]
221400;221605;Наше любимое кино;53;Х/ф;Леон;[16+]
221605;221720;Наше любимое кино;53;Х/ф;Мулан: Рождение легенды;[18+]
221720;221910;Наше любимое кино;53;Х/ф;Эйр Америка;[18+]
221910;222110;Наше любимое кино;53;Х/ф;Выкуп;[18+]
222110;222305;Наше любимое кино;53;Х/ф;Учитель года;[12+]
222305;230110;Наше любимое кино;53;Х/ф;За гранью;[16+]
230110;230235;Наше любимое кино;53;Х/ф;Доспехи Бога;[18+]
230235;230425;Наше любимое кино;53;Х/ф;Доспехи Бога-2: Операция Кондор;[16+]
230425;230615;Наше любимое кино;53;Х/ф;С меня хватит;[16+]
230615;230810;Наше любимое кино;53;Х/ф;Всё или ничего;[18+]
230810;231000;Наше любимое кино;53;Х/ф;Вспомнить все;[18+]
231000;231200;Наше любимое кино;53;Х/ф;Кто я;[18+]
231200;231400;Наше любимое кино;53;Х/ф;Всё или ничего;[18+]
231400;231605;Наше любимое кино;53;Х/ф;За гранью;[16+]
231605;231730;Наше любимое кино;53;Х/ф;Доспехи Бога;[18+]
231730;231920;Наше любимое кино;53;Х/ф;Доспехи Бога-2: Операция Кондор;[16+]
231920;232110;Наше любимое кино;53;Х/ф;С меня хватит;[16+]
232110;232305;Наше любимое кино;53;Х/ф;Вспомнить все;[18+]
232305;240055;Наше любимое кино;53;Х/ф;Другой мир;[18+]
240055;240235;Наше любимое кино;53;Х/ф;Другой мир-2: Эволюция;[18+]
240235;240440;Наше любимое кино;53;Х/ф;Элизабеттаун;[16+]
240440;240615;Наше любимое кино;53;Х/ф;Гампи. Собачья жизнь;[6+]
240615;240810;Наше любимое кино;53;Х/ф;Солдат Джейн;[18+]
240810;241000;Наше любимое кино;53;Х/ф;Проклятие нефритового скорпиона;[18+]
171215;171355;Русский роман;48;Х/ф;Посторонняя;[16+]
171355;171535;Русский роман;48;Х/ф;Несмешная любовь;[16+]
171535;171850;Русский роман;48;Х/ф;Женский приговор;[16+]
171850;172200;Русский роман;48;Х/ф;Идеальный мужчина;[16+]
172200;172330;Русский роман;48;Х/ф;В потоке трех стихий;[16+]
172330;180255;Русский роман;48;Х/ф;Сердечные раны;[16+]
180255;180435;Русский роман;48;Х/ф;Если ты меня слышишь;[16+]
180435;180720;Русский роман;48;Х/ф;Жених для дурочки;[16+]
180720;180850;Русский роман;48;Х/ф;Полцарства за любовь;[16+]
180850;181155;Русский роман;48;Х/ф;Идеальный мужчина;[16+]
181155;181320;Русский роман;48;Х/ф;В потоке трех стихий;[16+]
181320;181500;Русский роман;48;Х/ф;Если ты меня слышишь;[16+]
181500;181825;Русский роман;48;Х/ф;Сердечные раны;[16+]
181825;182150;Русский роман;48;Т/с;Провинциалка;[16+]
182150;182330;Русский роман;48;Х/ф;Московская пленница;[16+]
182330;190250;Русский роман;48;Х/ф;Яблочко от яблоньки;[16+]
190250;190435;Русский роман;48;Х/ф;Плохая соседка;[16+]
190435;190740;Русский роман;48;Х/ф;Заклятые подруги;[16+]
190740;190855;Русский роман;48;Х/ф;Прошлым летом в Чулимске;[16+]
190855;191210;Русский роман;48;Т/с;Провинциалка;[16+]
191210;191350;Русский роман;48;Х/ф;Московская пленница;[16+]
191350;191535;Русский роман;48;Х/ф;Плохая соседка;[16+]
191535;191830;Русский роман;48;Х/ф;Яблочко от яблоньки;[16+]
191830;192155;Русский роман;48;Х/ф;Подсадная утка;[16+]
192155;192330;Русский роман;48;Х/ф;Гостья из прошлого;[16+]
192330;200245;Русский роман;48;Х/ф;Муж на час;[16+]
200245;200425;Русский роман;48;Х/ф;Я тебя никогда не забуду;[16+]
200425;200720;Русский роман;48;Х/ф;Любовница;[16+]
200720;200855;Русский роман;48;Х/ф;Это моя собака;[16+]
200855;201200;Русский роман;48;Х/ф;Подсадная утка;[16+]
201200;201340;Русский роман;48;Х/ф;Гостья из прошлого;[16+]
201340;201515;Русский роман;48;Х/ф;Я тебя никогда не забуду;[16+]
201515;201825;Русский роман;48;Х/ф;Муж на час;[16+]
201825;202145;Русский роман;48;Х/ф;Фродя;[16+]
202145;202330;Русский роман;48;Х/ф;45 секунд;[16+]
202330;210255;Русский роман;48;Х/ф;Когда солнце взойдёт;[16+]
210255;210435;Русский роман;48;Х/ф;Китайский Новый год;[16+]
210435;210720;Русский роман;48;Х/ф;Дочь за отца;[16+]
210720;210855;Русский роман;48;Х/ф;Кактус и Елена;[16+]
210855;211145;Русский роман;48;Х/ф;Фродя;[16+]
211145;211330;Русский роман;48;Х/ф;45 секунд;[16+]
211330;211510;Русский роман;48;Х/ф;Китайский Новый год;[16+]
211510;211830;Русский роман;48;Х/ф;Когда солнце взойдёт;[16+]
211830;212145;Русский роман;48;Х/ф;Долги совести;[16+]
212145;212330;Русский роман;48;Х/ф;Оазис любви;[16+]
212330;220255;Русский роман;48;Х/ф;Дом на краю леса;[16+]
220255;220445;Русский роман;48;Х/ф;Другой берег;[16+]
220445;220745;Русский роман;48;Х/ф;Женский приговор;[16+]
220745;220905;Русский роман;48;Х/ф;Посторонняя;[16+]
220905;221150;Русский роман;48;Х/ф;Яблочко от яблоньки;[16+]
221150;221510;Русский роман;48;Х/ф;Любовь по найму;[16+]
221510;221825;Русский роман;48;Х/ф;Гадкий утенок;[16+]
221825;222145;Русский роман;48;Х/ф;Фермерша;[16+]
222145;230100;Русский роман;48;Х/ф;Укради меня;[16+]
230100;230415;Русский роман;48;Х/ф;Любовь не делится на два;[16+]
230415;230725;Русский роман;48;Х/ф;Я все преодолею;[16+]
230725;230855;Русский роман;48;Х/ф;Гостья из прошлого;[16+]
230855;231155;Русский роман;48;Х/ф;Второй брак;[16+]
231155;231545;Русский роман;48;Х/ф;Новая жизнь Маши Соленовой;[16+]
231545;231900;Русский роман;48;Т/с;Берега;[16+]
231900;232230;Русский роман;48;Х/ф;Причал любви и надежды;[16+]
232230;240135;Русский роман;48;Х/ф;Его любовь;[16+]
240135;240455;Русский роман;48;Х/ф;Месть как лекарство;[16+]
240455;240830;Русский роман;48;Х/ф;Начнём всё сначала;[16+]
240830;241215;Русский роман;48;Х/ф;Долги совести;[16+]
170500;170525;Пятый канал;5;;Известия;[16+]
170525;170550;Пятый канал;5;Т/с;Десантура. Никто, кроме нас 2 с.;[16+]
170550;170645;Пятый канал;5;Т/с;Десантура. Никто, кроме нас 3 с.;[16+]
170645;170740;Пятый канал;5;Т/с;Десантура. Никто, кроме нас 4 с.;[16+]
170740;170825;Пятый канал;5;Т/с;Десантура. Никто, кроме нас 5 с.;[16+]
170825;170900;Пятый канал;5;;Фирменный рецепт;[12+]
170900;170930;Пятый канал;5;;Известия;[16+]
170930;170940;Пятый канал;5;Т/с;Десантура. Никто, кроме нас 5 с.;[16+]
170940;171045;Пятый канал;5;Т/с;Десантура. Никто, кроме нас 6 с.;[16+]
171045;171155;Пятый канал;5;Т/с;Десантура. Никто, кроме нас 7 с.;[16+]
171155;171300;Пятый канал;5;Т/с;Десантура. Никто, кроме нас 8 с.;[16+]
171300;171330;Пятый канал;5;;Известия;[16+]
171330;171420;Пятый канал;5;Т/с;Великолепная пятёрка-8;[16+]
171420;171515;Пятый канал;5;Т/с;Великолепная пятёрка-5;[16+]
171515;171605;Пятый канал;5;Т/с;Великолепная пятёрка-5;[16+]
171605;171700;Пятый канал;5;Т/с;Великолепная пятёрка-5;[16+]
171700;171730;Пятый канал;5;;Известия;[16+]
171730;171820;Пятый канал;5;Т/с;След;[16+]
171820;171900;Пятый канал;5;Т/с;След;[16+]
171900;171945;Пятый канал;5;Т/с;След;[16+]
171945;172040;Пятый канал;5;Т/с;След;[16+]
172040;172125;Пятый канал;5;Т/с;След;[16+]
172125;172220;Пятый канал;5;Т/с;Премьера. "След";[16+]
172220;172305;Пятый канал;5;Т/с;Премьера. "Великолепная пятёрка-8";[16+]
172305;180000;Пятый канал;5;Т/с;Великолепная пятёрка-5;[16+]
180000;180030;Пятый канал;5;;Известия. Итоговый выпуск;[16+]
180030;180115;Пятый канал;5;Т/с;След;[16+]
180115;180155;Пятый канал;5;Т/с;След;[16+]
180155;180230;Пятый канал;5;Т/с;След;[16+]
180230;180315;Пятый канал;5;Т/с;След;[16+]
180315;180350;Пятый канал;5;Т/с;След;[16+]
180350;180430;Пятый канал;5;Т/с;След;[16+]
180430;180500;Пятый канал;5;Т/с;След;[16+]
180500;180525;Пятый канал;5;;Известия;[16+]
180525;180600;Пятый канал;5;Т/с;След;[16+]
180600;180740;Пятый канал;5;Х/ф;Свадьба в Малиновке;[12+]
180740;180825;Пятый канал;5;Т/с;Бывших не бывает 1 с.;[16+]
180825;180900;Пятый канал;5;;Страна советов;[16+]
180900;180930;Пятый канал;5;;Известия;[16+]
180930;180940;Пятый канал;5;Т/с;Бывших не бывает 1 с.;[16+]
180940;181045;Пятый канал;5;Т/с;Бывших не бывает 2 с.;[16+]
181045;181155;Пятый канал;5;Т/с;Бывших не бывает 3 с.;[16+]
181155;181300;Пятый канал;5;Т/с;Бывших не бывает 4 с.;[16+]
181300;181330;Пятый канал;5;;Известия;[16+]
181330;181420;Пятый канал;5;Т/с;Великолепная пятёрка-8;[16+]
181420;181515;Пятый канал;5;Т/с;Великолепная пятёрка-5;[16+]
181515;181605;Пятый канал;5;Т/с;Великолепная пятёрка-5;[16+]
181605;181700;Пятый канал;5;Т/с;Великолепная пятёрка-5;[16+]
181700;181730;Пятый канал;5;;Известия;[16+]
181730;181820;Пятый канал;5;Т/с;След;[16+]
181820;181900;Пятый канал;5;Т/с;След;[16+]
181900;181945;Пятый канал;5;Т/с;След;[16+]
181945;182035;Пятый канал;5;Т/с;След;[16+]
182035;182125;Пятый канал;5;Т/с;След;[16+]
182125;182220;Пятый канал;5;Т/с;Премьера. "След";[16+]
182220;182305;Пятый канал;5;Т/с;Премьера. "Великолепная пятёрка-8";[16+]
182305;190000;Пятый канал;5;Т/с;Великолепная пятёрка-5;[16+]
190000;190030;Пятый канал;5;;Известия. Итоговый выпуск;[16+]
190030;190115;Пятый канал;5;Т/с;След;[16+]
190115;190200;Пятый канал;5;Т/с;След;[16+]
190200;190235;Пятый канал;5;Т/с;След;[16+]
190235;190315;Пятый канал;5;Т/с;След;[16+]
190315;190345;Пятый канал;5;Т/с;След;[16+]
190345;190420;Пятый канал;5;Т/с;След;[16+]
190420;190500;Пятый канал;5;Т/с;Господа офицеры 1 с.;[16+]
190500;190525;Пятый канал;5;;Известия;[16+]
190525;190530;Пятый канал;5;Т/с;Господа офицеры 1 с.;[16+]
190530;190615;Пятый канал;5;Т/с;Господа офицеры 2 с.;[16+]
190615;190700;Пятый канал;5;Т/с;Господа офицеры 3 с.;[16+]
190700;190755;Пятый канал;5;Т/с;Господа офицеры 4 с.;[16+]
190755;190825;Пятый канал;5;Т/с;Господа офицеры 5 с.;[16+]
190825;190900;Пятый канал;5;;Стройнадзор;[16+]
190900;190930;Пятый канал;5;;Известия;[16+]
190930;191000;Пятый канал;5;Т/с;Господа офицеры 5 с.;[16+]
191000;191100;Пятый канал;5;Т/с;Господа офицеры 6 с.;[16+]
191100;191200;Пятый канал;5;Т/с;Господа офицеры 7 с.;[16+]
191200;191300;Пятый канал;5;Т/с;Господа офицеры 8 с.;[16+]
191300;191330;Пятый канал;5;;Известия;[16+]
191330;191420;Пятый канал;5;Т/с;Великолепная пятёрка-8;[16+]
191420;191515;Пятый канал;5;Т/с;Великолепная пятёрка-5;[16+]
191515;191605;Пятый канал;5;Т/с;Великолепная пятёрка-5;[16+]
191605;191700;Пятый канал;5;Т/с;Великолепная пятёрка-5;[16+]
191700;191730;Пятый канал;5;;Известия;[16+]
191730;191820;Пятый канал;5;Т/с;След;[16+]
191820;191900;Пятый канал;5;Т/с;След;[16+]
191900;191945;Пятый канал;5;Т/с;След;[16+]
191945;192040;Пятый канал;5;Т/с;След;[16+]
192040;192125;Пятый канал;5;Т/с;След;[16+]
192125;192220;Пятый канал;5;Т/с;Премьера. "След";[16+]
192220;192305;Пятый канал;5;Т/с;Премьера. "Великолепная пятёрка-8";[16+]
192305;200000;Пятый канал;5;Т/с;Великолепная пятёрка-5;[16+]
200000;200030;Пятый канал;5;;Известия. Итоговый выпуск;[16+]
200030;200115;Пятый канал;5;Т/с;След;[16+]
200115;200205;Пятый канал;5;Т/с;След;[16+]
200205;200240;Пятый канал;5;Т/с;След;[16+]
200240;200315;Пятый канал;5;Т/с;След;[16+]
200315;200355;Пятый канал;5;Т/с;След;[16+]
200355;200445;Пятый канал;5;Т/с;Кремень 1 с.;[16+]
200445;200500;Пятый канал;5;Т/с;Кремень 2 с.;[16+]
200500;200525;Пятый канал;5;;Известия;[16+]
200525;200555;Пятый канал;5;Т/с;Кремень 2 с.;[16+]
200555;200640;Пятый канал;5;Т/с;Кремень 3 с.;[16+]
200640;200735;Пятый канал;5;Т/с;Кремень 4 с.;[16+]
200735;200825;Пятый канал;5;Т/с;Кремень. Оcвобождение 1 с.;[16+]
200825;200900;Пятый канал;5;;Ваше здоровье!;[12+]
200900;200930;Пятый канал;5;;Известия;[16+]
200930;200940;Пятый канал;5;Т/с;Кремень. Оcвобождение 1 с.;[16+]
200940;201045;Пятый канал;5;Т/с;Кремень. Оcвобождение 2 с.;[16+]
201045;201155;Пятый канал;5;Т/с;Кремень. Оcвобождение 3 с.;[16+]
201155;201300;Пятый канал;5;Т/с;Кремень. Оcвобождение 4 с.;[16+]
201300;201330;Пятый канал;5;;Известия;[16+]
201330;201420;Пятый канал;5;Т/с;Великолепная пятёрка-8;[16+]
201420;201515;Пятый канал;5;Т/с;Великолепная пятёрка-5;[16+]
201515;201605;Пятый канал;5;Т/с;Великолепная пятёрка-5;[16+]
201605;201700;Пятый канал;5;Т/с;Великолепная пятёрка-5;[16+]
201700;201730;Пятый канал;5;;Известия;[16+]
201730;201820;Пятый канал;5;Т/с;След;[16+]
201820;201905;Пятый канал;5;Т/с;След;[16+]
201905;201945;Пятый канал;5;Т/с;След;[16+]
201945;202040;Пятый канал;5;Т/с;След;[16+]
202040;202125;Пятый канал;5;Т/с;След;[16+]
202125;202220;Пятый канал;5;Т/с;Премьера. "След";[16+]
202220;202305;Пятый канал;5;Т/с;Премьера. "Великолепная пятёрка-8";[16+]
202305;210000;Пятый канал;5;Т/с;Великолепная пятёрка-5;[16+]
210000;210030;Пятый канал;5;;Известия. Итоговый выпуск;[16+]
210030;210115;Пятый канал;5;Т/с;След;[16+]
210115;210155;Пятый канал;5;Т/с;След;[16+]
210155;210235;Пятый канал;5;Т/с;След;[16+]
210235;210305;Пятый канал;5;Т/с;След;[16+]
210305;210335;Пятый канал;5;Т/с;След;[16+]
210335;210420;Пятый канал;5;Т/с;Наш спецназ;[16+]
210420;210500;Пятый канал;5;Т/с;Наш спецназ;[16+]
210500;210525;Пятый канал;5;;Известия;[16+]
210525;210605;Пятый канал;5;Т/с;Наш спецназ;[16+]
210605;210650;Пятый канал;5;Т/с;Наш спецназ;[16+]
210650;210740;Пятый канал;5;Т/с;Наш спецназ;[16+]
210740;210830;Пятый канал;5;Т/с;Наш спецназ;[16+]
210830;210900;Пятый канал;5;;Премьера. Ваше здоровье!;[12+]
210900;210930;Пятый канал;5;;Известия;[16+]
210930;210935;Пятый канал;5;Т/с;Наш спецназ;[16+]
210935;211030;Пятый канал;5;Т/с;Наш спецназ;[16+]
211030;211120;Пятый канал;5;Т/с;Наш спецназ;[16+]
211120;211220;Пятый канал;5;Т/с;Наш спецназ;[16+]
211220;211300;Пятый канал;5;Т/с;Наш спецназ;[16+]
211300;211330;Пятый канал;5;;Известия;[16+]
211330;211340;Пятый канал;5;Т/с;Наш спецназ;[16+]
211340;211435;Пятый канал;5;Т/с;Наш спецназ;[16+]
211435;211525;Пятый канал;5;Т/с;Наш спецназ;[16+]
211525;211620;Пятый канал;5;Т/с;Наш спецназ;[16+]
211620;211700;Пятый канал;5;Т/с;Наш спецназ;[16+]
211700;211730;Пятый канал;5;;Известия;[16+]
211730;211745;Пятый канал;5;Т/с;Наш спецназ;[16+]
211745;211840;Пятый канал;5;Т/с;Наш спецназ;[16+]
211840;211935;Пятый канал;5;Т/с;Наш спецназ;[16+]
211935;212025;Пятый канал;5;Т/с;Наш спецназ;[16+]
212025;212125;Пятый канал;5;Т/с;Наш спецназ;[16+]
212125;212220;Пятый канал;5;Т/с;Наш спецназ;[16+]
212220;212310;Пятый канал;5;Т/с;Наш спецназ;[16+]
212310;220010;Пятый канал;5;;Премьера. Светская хроника;[16+]
220010;220100;Пятый канал;5;;Премьера. Они потрясли мир;[16+]
220100;220150;Пятый канал;5;;Они потрясли мир;[16+]
220150;220235;Пятый канал;5;Т/с;Условный мент-5;[16+]
220235;220315;Пятый канал;5;Т/с;Условный мент-5;[16+]
220315;220355;Пятый канал;5;Т/с;Условный мент-5;[16+]
220355;220435;Пятый канал;5;Т/с;Условный мент-5;[16+]
220435;220500;Пятый канал;5;Т/с;Условный мент-5;[16+]
220500;220520;Пятый канал;5;Т/с;Условный мент-5;[16+]
220520;220600;Пятый канал;5;Т/с;Условный мент-5;[16+]
220600;220645;Пятый канал;5;Т/с;Условный мент-5;[16+]
220645;220730;Пятый канал;5;Т/с;Условный мент-5;[16+]
220730;220820;Пятый канал;5;Т/с;Условный мент-5;[16+]
220820;220900;Пятый канал;5;Т/с;Условный мент-5;[16+]
220900;220930;Пятый канал;5;;Премьера. Страна советов;[16+]
220930;221005;Пятый канал;5;;Премьера. "Стройнадзор";[16+]
221005;221020;Пятый канал;5;Т/с;Условный мент-5;[16+]
221020;221115;Пятый канал;5;Т/с;Условный мент-5;[16+]
221115;221205;Пятый канал;5;Т/с;Условный мент-5;[16+]
221205;221300;Пятый канал;5;Т/с;Условный мент-5;[16+]
221300;221400;Пятый канал;5;Т/с;Условный мент-5;[16+]
221400;221455;Пятый канал;5;Т/с;Условный мент-5;[16+]
221455;221545;Пятый канал;5;Т/с;Условный мент-5;[16+]
221545;221640;Пятый канал;5;Т/с;Условный мент-6;[16+]
221640;221740;Пятый канал;5;Т/с;Премьера. "Условный мент-6";[16+]
221740;221835;Пятый канал;5;Т/с;Условный мент-5;[16+]
221835;221925;Пятый канал;5;Т/с;Условный мент-5;[16+]
221925;222020;Пятый канал;5;Т/с;Условный мент-5;[16+]
222020;222115;Пятый канал;5;Т/с;Условный мент-5;[16+]
222115;222205;Пятый канал;5;Т/с;Условный мент-5;[16+]
222205;222305;Пятый канал;5;Т/с;Условный мент-5;[16+]
222305;230000;Пятый канал;5;Т/с;Условный мент-5;[16+]
230000;230105;Пятый канал;5;;Известия. Главное;[16+]
230105;230210;Пятый канал;5;;Светская хроника;[16+]
230210;230250;Пятый канал;5;Т/с;Следопыт;[16+]
230250;230330;Пятый канал;5;Т/с;Следопыт;[16+]
230330;230415;Пятый канал;5;Т/с;Следопыт;[16+]
230415;230500;Пятый канал;5;Т/с;Следопыт;[16+]
230500;230510;Пятый канал;5;М/с;Маша и Медведь;[0+]
230510;230550;Пятый канал;5;Т/с;Следопыт;[16+]
230550;230630;Пятый канал;5;Т/с;Следопыт;[16+]
230630;230715;Пятый канал;5;Т/с;Следопыт;[16+]
230715;230805;Пятый канал;5;Т/с;Следопыт;[16+]
230805;230900;Пятый канал;5;Т/с;Следопыт;[16+]
230900;230930;Пятый канал;5;;Премьера. Фирменный рецепт;[12+]
230930;231110;Пятый канал;5;Х/ф;Морозко;[0+]
231110;231235;Пятый канал;5;Х/ф;Гений 1 с.;[16+]
231235;231420;Пятый канал;5;Х/ф;Гений 2 с.;[16+]
231420;231515;Пятый канал;5;Т/с;Премьера. "Крот Баюн";[16+]
231515;231605;Пятый канал;5;Т/с;Крот Баюн;[16+]
231605;231700;Пятый канал;5;Т/с;Крот Баюн;[16+]
231700;231755;Пятый канал;5;Т/с;Крот Баюн;[16+]
231755;231845;Пятый канал;5;Т/с;Крот Баюн;[16+]
231845;231945;Пятый канал;5;Т/с;Крот Баюн;[16+]
231945;232040;Пятый канал;5;Т/с;Крот Баюн;[16+]
232040;232135;Пятый канал;5;Т/с;Крот Баюн;[16+]
232135;232235;Пятый канал;5;Х/ф;Каникулы строгого режима 1 с.;[12+]
232235;232335;Пятый канал;5;Х/ф;Каникулы строгого режима 2 с.;[12+]
232335;240035;Пятый канал;5;Х/ф;Каникулы строгого режима 3 с.;[12+]
240035;240135;Пятый канал;5;Т/с;Лютый-2 1 с.;[16+]
240135;240230;Пятый канал;5;Т/с;Лютый-2 2 с.;[16+]
240230;240320;Пятый канал;5;Т/с;Лютый-2 3 с.;[16+]
240320;240410;Пятый канал;5;Т/с;Лютый-2 4 с.;[16+]
240410;240500;Пятый канал;5;Т/с;Свидетели;[16+]
171035;171225;TV1000 action;41;Х/ф;Воздушный маршал;[16+]
171225;171435;TV1000 action;41;Х/ф;Солдат Джейн;[16+]
171435;171620;TV1000 action;41;Х/ф;Соломон Кейн;[16+]
171620;171800;TV1000 action;41;Х/ф;Хеллбой: Проклятие Горбуна;[16+]
171800;171950;TV1000 action;41;Х/ф;Ворон;[16+]
171950;172125;TV1000 action;41;Х/ф;Другой мир: Год волка;[16+]
172125;172300;TV1000 action;41;Х/ф;Гипнотик;[16+]
172300;180030;TV1000 action;41;Х/ф;Ограбление: Код 211;[16+]
180030;180225;TV1000 action;41;Х/ф;План побега;[16+]
180225;180405;TV1000 action;41;Х/ф;План побега-2;[16+]
180405;180545;TV1000 action;41;Х/ф;План побега-3;[16+]
180545;180730;TV1000 action;41;Х/ф;Скалолаз;[16+]
180730;180935;TV1000 action;41;Х/ф;Восхождение;[16+]
180935;181110;TV1000 action;41;Х/ф;Гипнотик;[16+]
181110;181235;TV1000 action;41;Х/ф;Ограбление: Код 211;[16+]
181235;181420;TV1000 action;41;Х/ф;Вавилон Н.Э;[16+]
181420;181600;TV1000 action;41;Х/ф;Напролом;[16+]
181600;181755;TV1000 action;41;Х/ф;План побега;[16+]
181755;181935;TV1000 action;41;Х/ф;План побега-2;[16+]
181935;182115;TV1000 action;41;Х/ф;План побега-3;[16+]
182115;182300;TV1000 action;41;Х/ф;Репродукция;[16+]
182300;190100;TV1000 action;41;Х/ф;Вне/себя;[16+]
190100;190255;TV1000 action;41;Х/ф;Преступник;[16+]
190255;190445;TV1000 action;41;Х/ф;Мой создатель;[16+]
190445;190635;TV1000 action;41;Х/ф;Сбой сознания;[16+]
190635;190830;TV1000 action;41;Х/ф;Вирус;[16+]
190830;191000;TV1000 action;41;Х/ф;Треугольник;[16+]
191000;191155;TV1000 action;41;Х/ф;Телохранитель киллера;[16+]
191155;191355;TV1000 action;41;Х/ф;Телохранитель жены киллера;[16+]
191355;191545;TV1000 action;41;Х/ф;Мой создатель;[16+]
191545;191730;TV1000 action;41;Х/ф;Репродукция;[16+]
191730;191930;TV1000 action;41;Х/ф;Вне/себя;[16+]
191930;192125;TV1000 action;41;Х/ф;Преступник;[16+]
192125;192300;TV1000 action;41;Х/ф;Заложница-2;[16+]
192300;200055;TV1000 action;41;Х/ф;Прогулка среди могил;[16+]
200055;200235;TV1000 action;41;Х/ф;Отзвуки прошлого;[16+]
200235;200440;TV1000 action;41;Х/ф;Поезд на Юму;[16+]
200440;200635;TV1000 action;41;Х/ф;Одним меньше;[16+]
200635;200805;TV1000 action;41;Х/ф;Клин клином;[16+]
200805;200955;TV1000 action;41;Х/ф;Три девятки;[16+]
200955;201145;TV1000 action;41;Х/ф;Полицейский седан;[16+]
201145;201345;TV1000 action;41;Х/ф;Прогулка среди могил;[16+]
201345;201515;TV1000 action;41;Х/ф;Заложница-2;[16+]
201515;201710;TV1000 action;41;Х/ф;Водопад Ангела;[16+]
201710;201855;TV1000 action;41;Х/ф;Отзвуки прошлого;[16+]
201855;202105;TV1000 action;41;Х/ф;Легенда;[16+]
202105;202300;TV1000 action;41;Х/ф;Агент Три нуля;[16+]
202300;210035;TV1000 action;41;Х/ф;Из Парижа с любовью;[16+]
210035;210215;TV1000 action;41;Х/ф;Рейс навылет;[16+]
210215;210405;TV1000 action;41;Х/ф;Папа из спецназа;[16+]
210405;210600;TV1000 action;41;Х/ф;Джон Уик-2;[16+]
210600;210755;TV1000 action;41;Х/ф;Джон Уик-3;[16+]
210755;211035;TV1000 action;41;Х/ф;Джон Уик-4;[16+]
211035;211230;TV1000 action;41;Х/ф;Манкимэн;[16+]
211230;211400;TV1000 action;41;Х/ф;Ограбление: Код 211;[16+]
211400;211545;TV1000 action;41;Х/ф;Папа из спецназа;[16+]
211545;211730;TV1000 action;41;Х/ф;Рейс навылет;[16+]
211730;211925;TV1000 action;41;Х/ф;Агент Три нуля;[16+]
211925;212055;TV1000 action;41;Х/ф;Из Парижа с любовью;[16+]
212055;212300;TV1000 action;41;Х/ф;Беглец;[16+]
212300;220055;TV1000 action;41;Х/ф;Не брать живым;[16+]
220055;220310;TV1000 action;41;Х/ф;Повелитель бури;[16+]
220310;220500;TV1000 action;41;Х/ф;Территория зла;[16+]
220500;220655;TV1000 action;41;Х/ф;Уцелевший;[16+]
220655;220820;TV1000 action;41;Х/ф;Другой мир: Год волка;[16+]
220820;220950;TV1000 action;41;Х/ф;Хеллбой: Проклятие Горбуна;[16+]
220950;221115;TV1000 action;41;Х/ф;Синяя бездна;[16+]
221115;221240;TV1000 action;41;Х/ф;Синяя бездна-2;[16+]
221240;221440;TV1000 action;41;Х/ф;Территория зла;[16+]
221440;221640;TV1000 action;41;Х/ф;Беглец;[16+]
221640;221855;TV1000 action;41;Х/ф;Повелитель бури;[16+]
221855;222105;TV1000 action;41;Х/ф;Уцелевший;[16+]
222105;222300;TV1000 action;41;Х/ф;Битва за Землю;[16+]
222300;230110;TV1000 action;41;Х/ф;Падение Луны;[16+]
230110;230245;TV1000 action;41;Х/ф;Последний день Земли;[16+]
230245;230425;TV1000 action;41;Х/ф;Катастрофа;[16+]
230425;230600;TV1000 action;41;Х/ф;Соломон Кейн;[16+]
230600;230735;TV1000 action;41;Х/ф;Ворон;[16+]
230735;230900;TV1000 action;41;Х/ф;Акулий торнадо;[16+]
230900;231030;TV1000 action;41;Х/ф;Акулий торнадо-2;[16+]
231030;231230;TV1000 action;41;Х/ф;Отель Мумбаи: Противостояние;[16+]
231230;231405;TV1000 action;41;Х/ф;Средь бела дня;[16+]
231405;231620;TV1000 action;41;Х/ф;Падение Луны;[16+]
231620;231810;TV1000 action;41;Х/ф;Битва за Землю;[16+]
231810;231955;TV1000 action;41;Х/ф;Катастрофа;[16+]
231955;232130;TV1000 action;41;Х/ф;Последний день Земли;[16+]
232130;232300;TV1000 action;41;Х/ф;Восстание;[16+]
232300;240050;TV1000 action;41;Х/ф;"Хищник: Миссия "Осирис";[16+]
240050;240225;TV1000 action;41;Х/ф;Разрушитель миров;[16+]
240225;240405;TV1000 action;41;Х/ф;Земля. Перезагрузка;[16+]
240405;240530;TV1000 action;41;Х/ф;Битвы монстров;[16+]
240530;240655;TV1000 action;41;Х/ф;Гипнотик;[16+]
240655;240820;TV1000 action;41;Х/ф;Акулий торнадо-3;[16+]
240820;241035;TV1000 action;41;Х/ф;Акулий торнадо-4: Пробуждение;[16+]
171000;171020;.Black;86;;Тачкомания 8 с.;[16+]
171020;171045;.Black;86;;Тачкомания 9 с.;[16+]
171045;171105;.Black;86;;Тачкомания 10 с.;[16+]
171105;171150;.Black;86;Т/с;Последний мент 21 с.;[16+]
171150;171235;.Black;86;Т/с;Последний мент 22 с.;[16+]
171235;171320;.Black;86;Т/с;Последний мент 23 с.;[16+]
171320;171405;.Black;86;Т/с;Последний мент 24 с.;[16+]
171405;171455;.Black;86;Т/с;Последний мент 25 с.;[16+]
171455;171555;.Black;86;Т/с;Тихоокеанские расследования 1 с.;[16+]
171555;171655;.Black;86;Т/с;Тихоокеанские расследования 2 с.;[16+]
171655;171745;.Black;86;Т/с;Соммердаль 7 с.;[16+]
171745;171840;.Black;86;Т/с;Соммердаль 8 с.;[16+]
171840;171925;.Black;86;Т/с;Премьера. "Жестокое правосудие" 11 с.;[16+]
171925;172015;.Black;86;Т/с;Премьера. "Жестокое правосудие" 12 с.;[16+]
172015;172115;.Black;86;Т/с;Премьера. "Тихоокеанские расследования" 3 с.;[16+]
172115;172210;.Black;86;Т/с;Премьера. "Тихоокеанские расследования" 4 с.;[16+]
172210;172310;.Black;86;Т/с;Чисто английские убийства 5 с.;[16+]
172310;180005;.Black;86;Т/с;Чисто английские убийства 6 с.;[16+]
180005;180105;.Black;86;Т/с;Чисто английские убийства 7 с.;[16+]
180105;180200;.Black;86;Т/с;Чисто английские убийства 8 с.;[16+]
180200;180305;.Black;86;Т/с;Убийство 19 с.;[16+]
180305;180410;.Black;86;Т/с;Убийство 20 с.;[18+]
180410;180510;.Black;86;Т/с;Тихоокеанские расследования 3 с.;[16+]
180510;180600;.Black;86;Т/с;Тихоокеанские расследования 4 с.;[16+]
180600;180725;.Black;86;Х/ф;Васаби;[18+]
180725;180915;.Black;86;Х/ф;Трасса 60;[18+]
180915;180935;.Black;86;;Тачкомания 9 с.;[16+]
180935;181000;.Black;86;;Тачкомания 10 с.;[16+]
181000;181025;.Black;86;;Тачкомания 1 с.;[16+]
181025;181045;.Black;86;;Тачкомания 2 с.;[16+]
181045;181110;.Black;86;;Тачкомания 3 с.;[16+]
181110;181135;.Black;86;;Тачкомания 4 с.;[16+]
181135;181225;.Black;86;Т/с;Последний мент 26 с.;[16+]
181225;181320;.Black;86;Т/с;Последний мент 27 с.;[16+]
181320;181410;.Black;86;Т/с;Последний мент 28 с.;[16+]
181410;181500;.Black;86;Т/с;Последний мент 29 с.;[16+]
181500;181600;.Black;86;Т/с;Тихоокеанские расследования 3 с.;[16+]
181600;181655;.Black;86;Т/с;Тихоокеанские расследования 4 с.;[16+]
181655;181750;.Black;86;Т/с;Соммердаль 1 с.;[16+]
181750;181840;.Black;86;Т/с;Соммердаль 2 с.;[16+]
181840;181925;.Black;86;Т/с;Премьера. "Жестокое правосудие" 13 с.;[16+]
181925;182015;.Black;86;Т/с;Премьера. "Жестокое правосудие" 14 с.;[16+]
182015;182110;.Black;86;Т/с;Премьера. "Тихоокеанские расследования" 5 с.;[16+]
182110;182210;.Black;86;Т/с;Премьера. "Тихоокеанские расследования" 6 с.;[16+]
182210;182310;.Black;86;Т/с;Чисто английские убийства 9 с.;[16+]
182310;190005;.Black;86;Т/с;Чисто английские убийства 10 с.;[16+]
190005;190100;.Black;86;Т/с;Чисто английские убийства 11 с.;[16+]
190100;190200;.Black;86;Т/с;Чисто английские убийства 12 с.;[16+]
190200;190305;.Black;86;Т/с;Убийство 1 с.;[16+]
190305;190410;.Black;86;Т/с;Убийство 2 с.;[18+]
190410;190505;.Black;86;Т/с;Тихоокеанские расследования 5 с.;[16+]
190505;190555;.Black;86;Т/с;Тихоокеанские расследования 6 с.;[16+]
190555;190740;.Black;86;Х/ф;Взрывная блондинка;[18+]
190740;190940;.Black;86;Х/ф;Премьера. "Кто убил BlackBerry";[18+]
190940;191000;.Black;86;;Тачкомания 4 с.;[16+]
191000;191150;.Black;86;Х/ф;Премьера. "Ларго Винч";[16+]
191150;191235;.Black;86;Т/с;Последний мент 30 с.;[16+]
191235;191325;.Black;86;Т/с;Последний мент 31 с.;[16+]
191325;191410;.Black;86;Т/с;Последний мент 32 с.;[16+]
191410;191500;.Black;86;Т/с;Последний мент 33 с.;[16+]
191500;191555;.Black;86;Т/с;Тихоокеанские расследования 5 с.;[16+]
191555;191655;.Black;86;Т/с;Тихоокеанские расследования 6 с.;[16+]
191655;191745;.Black;86;Т/с;Соммердаль 3 с.;[16+]
191745;191840;.Black;86;Т/с;Соммердаль 4 с.;[16+]
191840;191925;.Black;86;Т/с;Премьера. "Жестокое правосудие" 15 с.;[16+]
191925;192015;.Black;86;Т/с;Премьера. "Жестокое правосудие" 16 с.;[16+]
192015;192110;.Black;86;Т/с;Премьера. "Тихоокеанские расследования" 7 с.;[16+]
192110;192210;.Black;86;Т/с;Премьера. "Тихоокеанские расследования" 8 с.;[16+]
192210;192310;.Black;86;Т/с;Чисто английские убийства 13 с.;[16+]
192310;200005;.Black;86;Т/с;Чисто английские убийства 14 с.;[16+]
200005;200105;.Black;86;Т/с;Чисто английские убийства 1 с.;[16+]
200105;200200;.Black;86;Т/с;Чисто английские убийства 2 с.;[16+]
200200;200305;.Black;86;Т/с;Убийство 3 с.;[16+]
200305;200415;.Black;86;Т/с;Убийство 4 с.;[18+]
200415;200510;.Black;86;Т/с;Тихоокеанские расследования 7 с.;[16+]
200510;200600;.Black;86;Т/с;Тихоокеанские расследования 8 с.;[16+]
200600;200755;.Black;86;Х/ф;Вспомнить все;[18+]
200755;200940;.Black;86;Х/ф;Ларго Винч;[18+]
200940;201000;.Black;86;;Тачкомания 6 с.;[16+]
201000;201020;.Black;86;;Тачкомания 9 с.;[16+]
201020;201145;.Black;86;Х/ф;Встречное расследование;[16+]
201145;201235;.Black;86;Т/с;Последний мент 34 с.;[16+]
201235;201325;.Black;86;Т/с;Последний мент 35 с.;[16+]
201325;201415;.Black;86;Т/с;Последний мент 36 с.;[16+]
201415;201505;.Black;86;Т/с;Последний мент 37 с.;[16+]
201505;201600;.Black;86;Т/с;Тихоокеанские расследования 7 с.;[16+]
201600;201655;.Black;86;Т/с;Тихоокеанские расследования 8 с.;[16+]
201655;201745;.Black;86;Т/с;Соммердаль 5 с.;[16+]
201745;201840;.Black;86;Т/с;Соммердаль 6 с.;[16+]
201840;201925;.Black;86;Т/с;Премьера. "Жестокое правосудие" 17 с.;[16+]
201925;202015;.Black;86;Т/с;Премьера. "Жестокое правосудие" 18 с.;[16+]
202015;202110;.Black;86;Т/с;Премьера. "Тихоокеанские расследования" 9 с.;[16+]
202110;202210;.Black;86;Т/с;Премьера. "Тихоокеанские расследования" 10 с.;[16+]
202210;202305;.Black;86;Т/с;Чисто английские убийства 3 с.;[16+]
202305;210005;.Black;86;Т/с;Чисто английские убийства 4 с.;[16+]
210005;210100;.Black;86;Т/с;Чисто английские убийства 5 с.;[16+]
210100;210200;.Black;86;Т/с;Чисто английские убийства 6 с.;[16+]
210200;210305;.Black;86;Т/с;Убийство 5 с.;[16+]
210305;210410;.Black;86;Т/с;Убийство 6 с.;[18+]
210410;210505;.Black;86;Т/с;Тихоокеанские расследования 9 с.;[16+]
210505;210555;.Black;86;Т/с;Тихоокеанские расследования 10 с.;[16+]
210555;210740;.Black;86;Х/ф;Игры шпионов;[16+]
210740;210940;.Black;86;Х/ф;Премьера. "Ларго Винч: Заговор в Бирме";[18+]
210940;211000;.Black;86;;Тачкомания 7 с.;[16+]
211000;211140;.Black;86;Х/ф;Премьера. "Ловкие руки";[16+]
211140;211230;.Black;86;Т/с;Последний мент 38 с.;[16+]
211230;211320;.Black;86;Т/с;Последний мент 39 с.;[16+]
211320;211415;.Black;86;Т/с;Последний мент 1 с.;[16+]
211415;211505;.Black;86;Т/с;Последний мент 2 с.;[16+]
211505;211600;.Black;86;Т/с;Тихоокеанские расследования 9 с.;[16+]
211600;211655;.Black;86;Т/с;Тихоокеанские расследования 10 с.;[16+]
211655;211745;.Black;86;Т/с;Соммердаль 7 с.;[16+]
211745;211840;.Black;86;Т/с;Соммердаль 8 с.;[16+]
211840;211925;.Black;86;Т/с;Премьера. "Жестокое правосудие" 19 с.;[16+]
211925;212015;.Black;86;Т/с;Премьера. "Жестокое правосудие" 20 с.;[16+]
212015;212110;.Black;86;Т/с;Премьера. "Тихоокеанские расследования" 11 с.;[16+]
212110;212210;.Black;86;Т/с;Премьера. "Тихоокеанские расследования" 12 с.;[16+]
212210;212310;.Black;86;Т/с;Чисто английские убийства 7 с.;[16+]
212310;220005;.Black;86;Т/с;Чисто английские убийства 8 с.;[16+]
220005;220105;.Black;86;Т/с;Чисто английские убийства 9 с.;[16+]
220105;220200;.Black;86;Т/с;Чисто английские убийства 10 с.;[16+]
220200;220305;.Black;86;Т/с;Убийство 7 с.;[16+]
220305;220415;.Black;86;Т/с;Убийство 8 с.;[18+]
220415;220510;.Black;86;Т/с;Тихоокеанские расследования 11 с.;[16+]
220510;220600;.Black;86;Т/с;Тихоокеанские расследования 12 с.;[16+]
220600;220755;.Black;86;Х/ф;Код 355;[16+]
220755;220935;.Black;86;Х/ф;Игры шпионов;[16+]
220935;221000;.Black;86;;Тачкомания 8 с.;[16+]
221000;221020;.Black;86;;Тачкомания 10 с.;[16+]
221020;221045;.Black;86;;Заряженные тачки 1 с.;[16+]
221045;221105;.Black;86;;Заряженные тачки 2 с.;[16+]
221105;221240;.Black;86;Х/ф;За гранью;[16+]
221240;221450;.Black;86;Х/ф;Кто убил BlackBerry;[16+]
221450;221650;.Black;86;Х/ф;Трасса 60;[16+]
221650;221745;.Black;86;Т/с;Чисто английские убийства 5 с.;[16+]
221745;221835;.Black;86;Т/с;Чисто английские убийства 6 с.;[16+]
221835;221930;.Black;86;Т/с;Чисто английские убийства 7 с.;[16+]
221930;222025;.Black;86;Т/с;Чисто английские убийства 8 с.;[16+]
222025;222125;.Black;86;Т/с;Чисто английские убийства 9 с.;[16+]
222125;222220;.Black;86;Т/с;Чисто английские убийства 10 с.;[16+]
222220;222310;.Black;86;Т/с;Чисто английские убийства 11 с.;[16+]
222310;230005;.Black;86;Т/с;Чисто английские убийства 12 с.;[16+]
230005;230105;.Black;86;Т/с;Чисто английские убийства 13 с.;[16+]
230105;230200;.Black;86;Т/с;Чисто английские убийства 14 с.;[16+]
230200;230350;.Black;86;Х/ф;Крушение;[16+]
230350;230525;.Black;86;Х/ф;Васаби;[18+]
230525;230725;.Black;86;Х/ф;Код 355;[16+]
230725;230855;.Black;86;Х/ф;Ловкие руки;[18+]
230855;230915;.Black;86;;Заряженные тачки 3 с.;[16+]
230915;230940;.Black;86;;Заряженные тачки 4 с.;[16+]
230940;231000;.Black;86;;Заряженные тачки 5 с.;[16+]
231000;231020;.Black;86;;Заряженные тачки 6 с.;[16+]
231020;231045;.Black;86;;Заряженные тачки 7 с.;[16+]
231045;231245;.Black;86;Х/ф;Ларго Винч;[16+]
231245;231455;.Black;86;Х/ф;Ларго Винч: Заговор в Бирме;[16+]
231455;231635;.Black;86;Х/ф;Ловкие руки;[16+]
231635;231730;.Black;86;Т/с;Чисто английские убийства 1 с.;[16+]
231730;231825;.Black;86;Т/с;Чисто английские убийства 2 с.;[16+]
231825;231925;.Black;86;Т/с;Чисто английские убийства 3 с.;[16+]
231925;232020;.Black;86;Т/с;Чисто английские убийства 4 с.;[16+]
232020;232115;.Black;86;Т/с;Чисто английские убийства 5 с.;[16+]
232115;232210;.Black;86;Т/с;Чисто английские убийства 6 с.;[16+]
232210;232310;.Black;86;Т/с;Чисто английские убийства 7 с.;[16+]
232310;240005;.Black;86;Т/с;Чисто английские убийства 8 с.;[16+]
240005;240105;.Black;86;Т/с;Чисто английские убийства 9 с.;[16+]
240105;240200;.Black;86;Т/с;Чисто английские убийства 10 с.;[16+]
240200;240400;.Black;86;Х/ф;Самый быстрый Indian;[16+]
240400;240600;.Black;86;Х/ф;Код 355;[16+]
240600;240745;.Black;86;Х/ф;Игры шпионов;[16+]
240745;240915;.Black;86;Х/ф;Матадор;[16+]
240915;240935;.Black;86;;Заряженные тачки 8 с.;[16+]
240935;241000;.Black;86;;Заряженные тачки 9 с.;[16+]
171015;171940;Русский бестселлер;50;Т/с;Берега моей мечты;[16+]
171940;172300;Русский бестселлер;50;Т/с;Испытание-2;[16+]
172300;180245;Русский бестселлер;50;Т/с;Капитанша;[16+]
180245;180625;Русский бестселлер;50;Т/с;Метод Фрейда;[16+]
180625;180715;Русский бестселлер;50;Т/с;Москва. Три вокзала-8 28 с.;[16+]
180715;180805;Русский бестселлер;50;Т/с;Москва. Три вокзала-8 29 с.;[16+]
180805;180855;Русский бестселлер;50;Т/с;Москва. Три вокзала-8 30 с.;[16+]
180855;181235;Русский бестселлер;50;Т/с;Метод Фрейда;[16+]
181235;181620;Русский бестселлер;50;Т/с;Капитанша;[16+]
181620;181940;Русский бестселлер;50;Т/с;Испытание-2;[16+]
181940;182300;Русский бестселлер;50;Т/с;Испытание-2;[16+]
182300;190245;Русский бестселлер;50;Т/с;Капитанша;[16+]
190245;190630;Русский бестселлер;50;Т/с;Метод Фрейда;[16+]
190630;190720;Русский бестселлер;50;Т/с;Москва. Три вокзала-8 31 с.;[16+]
190720;190805;Русский бестселлер;50;Т/с;Москва. Три вокзала-8 32 с.;[16+]
190805;190850;Русский бестселлер;50;Т/с;Москва. Три вокзала-8 33 с.;[16+]
190850;191230;Русский бестселлер;50;Т/с;Метод Фрейда;[16+]
191230;191615;Русский бестселлер;50;Т/с;Капитанша;[16+]
191615;191940;Русский бестселлер;50;Т/с;Испытание-2;[16+]
191940;192300;Русский бестселлер;50;Т/с;Испытание-2;[16+]
192300;200240;Русский бестселлер;50;Т/с;Капитанша;[16+]
200240;200620;Русский бестселлер;50;Т/с;Метод Фрейда;[16+]
200620;200710;Русский бестселлер;50;Т/с;Москва. Три вокзала-8 34 с.;[16+]
200710;200800;Русский бестселлер;50;Т/с;Москва. Три вокзала-8 35 с.;[16+]
200800;200850;Русский бестселлер;50;Т/с;Москва. Три вокзала-8 36 с.;[16+]
200850;201235;Русский бестселлер;50;Т/с;Метод Фрейда;[16+]
201235;201615;Русский бестселлер;50;Т/с;Капитанша;[16+]
201615;201940;Русский бестселлер;50;Т/с;Испытание-2;[16+]
201940;202300;Русский бестселлер;50;Т/с;Испытание-2;[16+]
202300;210240;Русский бестселлер;50;Т/с;Капитанша;[16+]
210240;210610;Русский бестселлер;50;Т/с;Метод Фрейда-2;[16+]
210610;210655;Русский бестселлер;50;Т/с;Москва. Три вокзала-8 37 с.;[16+]
210655;210740;Русский бестселлер;50;Т/с;Москва. Три вокзала-8 38 с.;[16+]
210740;210820;Русский бестселлер;50;Т/с;Москва. Три вокзала-8 39 с.;[16+]
210820;210905;Русский бестселлер;50;Т/с;Москва. Три вокзала-8 40 с.;[16+]
210905;211225;Русский бестселлер;50;Т/с;Метод Фрейда-2;[16+]
211225;211610;Русский бестселлер;50;Т/с;Капитанша;[16+]
211610;211930;Русский бестселлер;50;Т/с;Испытание-2;[16+]
211930;220250;Русский бестселлер;50;Т/с;Счастливый билет;[16+]
220250;220625;Русский бестселлер;50;Т/с;Метод Фрейда-2;[16+]
220625;220710;Русский бестселлер;50;Т/с;Москва. Три вокзала-8 41 с.;[16+]
220710;220750;Русский бестселлер;50;Т/с;Москва. Три вокзала-8 42 с.;[16+]
220750;220840;Русский бестселлер;50;Т/с;Москва. Три вокзала-8 43 с.;[16+]
220840;221210;Русский бестселлер;50;Т/с;Метод Фрейда-2;[16+]
221210;221930;Русский бестселлер;50;Т/с;Счастливый билет;[16+]
221930;230255;Русский бестселлер;50;Т/с;Обмани, если любишь;[16+]
230255;230625;Русский бестселлер;50;Т/с;Метод Фрейда-2;[16+]
230625;230710;Русский бестселлер;50;Т/с;Москва. Три вокзала-8 44 с.;[16+]
230710;230755;Русский бестселлер;50;Т/с;Москва. Три вокзала-8 45 с.;[16+]
230755;230845;Русский бестселлер;50;Т/с;Москва. Три вокзала-8 46 с.;[16+]
230845;231205;Русский бестселлер;50;Т/с;Метод Фрейда-2;[16+]
231205;231930;Русский бестселлер;50;Т/с;Обмани, если любишь;[16+]
231930;240450;Русский бестселлер;50;Т/с;Тайга. Курс выживания;[16+]
240450;240625;Русский бестселлер;50;Х/ф;Ворошиловский стрелок;[18+]
240625;240705;Русский бестселлер;50;Т/с;Москва. Три вокзала-8 47 с.;[16+]
240705;240750;Русский бестселлер;50;Т/с;Москва. Три вокзала-8 48 с.;[16+]
240750;240840;Русский бестселлер;50;Т/с;Москва. Три вокзала-9 1 с.;[16+]
240840;240920;Русский бестселлер;50;Т/с;Москва. Три вокзала-9 2 с.;[16+]
240920;241015;Русский бестселлер;50;Т/с;Москва. Три вокзала-9 3 с.;[16+]
171005;171200;Comedy;91;М/ф;Унесённые призраками;[16+]
171200;171340;Comedy;91;Х/ф;Круиз по джунглям: Тайна Вальверде;[18+]
171340;171515;Comedy;91;Х/ф;Папа из спецназа;[18+]
171515;171645;Comedy;91;М/ф;Лея и волшебная карта;[18+]
171645;171815;Comedy;91;Х/ф;Сокровища Ермака;[6+]
171815;171955;Comedy;91;Х/ф;Либерея: Охотники за сокровищами;[18+]
171955;172135;Comedy;91;Х/ф;Телохранитель на фрилансе;[18+]
172135;172300;Comedy;91;Х/ф;Кража в музее;[18+]
172300;180020;Comedy;91;Х/ф;Агент Джонни Инглиш;[18+]
180020;180155;Comedy;91;Х/ф;Агент Джонни Инглиш: Перезагрузка;[16+]
180155;180320;Comedy;91;Х/ф;Агент Джонни Инглиш 3.0;[16+]
180320;180435;Comedy;91;Х/ф;Вински и порошок-невидимка;[12+]
180435;180615;Comedy;91;Х/ф;Круиз по джунглям: Тайна Вальверде;[18+]
180615;180750;Comedy;91;Х/ф;Папа из спецназа;[18+]
180750;180910;Comedy;91;Х/ф;Погоня;[18+]
180910;181035;Comedy;91;М/ф;Доктор Динозавров;[12+]
181035;181200;Comedy;91;Х/ф;Кража в музее;[18+]
181200;181345;Comedy;91;Х/ф;Последний богатырь;[12+]
181345;181535;Comedy;91;Х/ф;Последний богатырь: Корень зла;[16+]
181535;181710;Comedy;91;Х/ф;Последний богатырь: Посланник Тьмы;[16+]
181710;181830;Comedy;91;Х/ф;Агент Джонни Инглиш;[18+]
181830;182005;Comedy;91;Х/ф;Агент Джонни Инглиш: Перезагрузка;[16+]
182005;182130;Comedy;91;Х/ф;Агент Джонни Инглиш 3.0;[16+]
182130;182300;Comedy;91;Х/ф;Трудный ребёнок;[18+]
182300;190020;Comedy;91;Х/ф;Очень опасная штучка;[18+]
190020;190220;Comedy;91;Х/ф;Сердцеедки;[18+]
190220;190350;Comedy;91;Х/ф;Красотки;[18+]
190350;190520;Comedy;91;Х/ф;Новый парень моей мамы;[18+]
190520;190650;Comedy;91;Х/ф;Супер Майки;[18+]
190650;190825;Comedy;91;Х/ф;Максимальное ускорение;[18+]
190825;191015;Comedy;91;Х/ф;Спрячь бабушку в холодильнике;[18+]
191015;191155;Comedy;91;Х/ф;Сокровища Ермака;[6+]
191155;191335;Comedy;91;Х/ф;Либерея: Охотники за сокровищами;[18+]
191335;191515;Comedy;91;Х/ф;Телохранитель на фрилансе;[18+]
191515;191645;Comedy;91;Х/ф;Красотки;[18+]
191645;191815;Comedy;91;Х/ф;Трудный ребёнок;[18+]
191815;191940;Comedy;91;Х/ф;Очень опасная штучка;[18+]
191940;192135;Comedy;91;Х/ф;Сердцеедки;[18+]
192135;192300;Comedy;91;Х/ф;Блондинка в эфире;[18+]
192300;200050;Comedy;91;Х/ф;Молли и ботан;[18+]
200050;200220;Comedy;91;Х/ф;40 дней и 40 ночей;[18+]
200220;200350;Comedy;91;Х/ф;Красавица и миллионер;[16+]
200350;200525;Comedy;91;М/ф;Лея и волшебная карта;[18+]
200525;200655;Comedy;91;Х/ф;Сокровища Ермака;[6+]
200655;200840;Comedy;91;Х/ф;Либерея: Охотники за сокровищами;[18+]
200840;201025;Comedy;91;Х/ф;Телохранитель на фрилансе;[18+]
201025;201105;Comedy;91;М/с;Смешарики;[6+]
201105;201230;Comedy;91;Х/ф;Агент Джонни Инглиш;[18+]
201230;201405;Comedy;91;Х/ф;Агент Джонни Инглиш: Перезагрузка;[16+]
201405;201525;Comedy;91;Х/ф;Агент Джонни Инглиш 3.0;[16+]
201525;201650;Comedy;91;Х/ф;Блондинка в эфире;[18+]
201650;201840;Comedy;91;Х/ф;Молли и ботан;[18+]
201840;202010;Comedy;91;Х/ф;40 дней и 40 ночей;[18+]
202010;202140;Comedy;91;Х/ф;Красавица и миллионер;[16+]
202140;202300;Comedy;91;Х/ф;Кот и пёс;[18+]
202300;210045;Comedy;91;Х/ф;Да, возможно;[16+]
210045;210230;Comedy;91;Х/ф;Отпуск с бывшим;[18+]
210230;210405;Comedy;91;Х/ф;Очень плохие родители;[18+]
210405;210530;Comedy;91;Х/ф;Агент Джонни Инглиш;[18+]
210530;210710;Comedy;91;Х/ф;Агент Джонни Инглиш: Перезагрузка;[16+]
210710;210835;Comedy;91;Х/ф;Агент Джонни Инглиш 3.0;[16+]
210835;211005;Comedy;91;Х/ф;Кража в музее;[18+]
211005;211140;Comedy;91;Х/ф;Трудный ребёнок;[18+]
211140;211310;Comedy;91;Х/ф;Очень опасная штучка;[18+]
211310;211505;Comedy;91;Х/ф;Сердцеедки;[18+]
211505;211625;Comedy;91;Х/ф;Кот и пёс;[18+]
211625;211805;Comedy;91;Х/ф;Да, возможно;[16+]
211805;211950;Comedy;91;Х/ф;Отпуск с бывшим;[18+]
211950;212130;Comedy;91;Х/ф;Очень плохие родители;[18+]
212130;212300;Comedy;91;Х/ф;Дикая парочка;[18+]
212300;220020;Comedy;91;Х/ф;Один хороший день;[16+]
220020;220205;Comedy;91;Х/ф;Невеста и предрассудки;[16+]
220205;220345;Comedy;91;Х/ф;Сердцеед;[18+]
220345;220515;Comedy;91;Х/ф;Трудный ребёнок;[18+]
220515;220635;Comedy;91;Х/ф;Очень опасная штучка;[18+]
220635;220835;Comedy;91;Х/ф;Сердцеедки;[18+]
220835;221000;Comedy;91;Х/ф;Красотки;[18+]
221000;221125;Comedy;91;Х/ф;Блондинка в эфире;[18+]
221125;221255;Comedy;91;Х/ф;Красавица и миллионер;[16+]
221255;221430;Comedy;91;Х/ф;Дикая парочка;[18+]
221430;221555;Comedy;91;М/ф;Изумительный Морис;[18+]
221555;221755;Comedy;91;М/ф;Унесённые призраками;[16+]
221755;222000;Comedy;91;М/ф;Принцесса Мононоке;[18+]
222000;222115;Comedy;91;Х/ф;Один хороший день;[16+]
222115;222300;Comedy;91;Х/ф;Любовь с препятствиями;[18+]
222300;230035;Comedy;91;Х/ф;Пара из будущего;[16+]
230035;230220;Comedy;91;Х/ф;Пока свадьба не разлучит нас;[18+]
230220;230340;Comedy;91;Х/ф;Вечный День святого Валентина;[16+]
230340;230505;Comedy;91;Х/ф;Блондинка в эфире;[18+]
230505;230655;Comedy;91;Х/ф;Молли и ботан;[18+]
230655;230830;Comedy;91;Х/ф;40 дней и 40 ночей;[18+]
230830;231000;Comedy;91;Х/ф;Красавица и миллионер;[16+]
231000;231120;Comedy;91;Х/ф;Кот и пёс;[18+]
231120;231240;Comedy;91;Х/ф;Вечный День святого Валентина;[16+]
231240;231420;Comedy;91;Х/ф;Да, возможно;[16+]
231420;231605;Comedy;91;Х/ф;Отпуск с бывшим;[18+]
231605;231745;Comedy;91;Х/ф;Очень плохие родители;[18+]
231745;231925;Comedy;91;Х/ф;Любовь с препятствиями;[18+]
231925;232105;Comedy;91;Х/ф;Пара из будущего;[16+]
232105;232300;Comedy;91;Х/ф;Остров головорезов;[18+]
232300;240025;Comedy;91;Х/ф;Приглашение к убийству;[18+]
240025;240145;Comedy;91;Х/ф;Приглашение к убийству-2: Таинственный Нил;[18+]
240145;240315;Comedy;91;Х/ф;Корсиканец;[18+]
240315;240440;Comedy;91;Х/ф;Кот и пёс;[18+]
240440;240625;Comedy;91;Х/ф;Да, возможно;[16+]
240625;240815;Comedy;91;Х/ф;Отпуск с бывшим;[18+]
240815;241005;Comedy;91;Х/ф;Очень плохие родители;[18+]
170745;170920;Megahit;90;Х/ф;Средь бела дня;[18+]
170920;171135;Megahit;90;Х/ф;С богами: Два мира;[16+]
171135;171355;Megahit;90;Х/ф;С богами: Последние 49 дней;[18+]
171355;171555;Megahit;90;Х/ф;Орудия смерти: Город костей;[18+]
171555;171755;Megahit;90;Х/ф;Зелёная книга;[18+]
171755;171945;Megahit;90;Х/ф;Гонка;[18+]
171945;172200;Megahit;90;Х/ф;Ураган;[18+]
172200;180000;Megahit;90;Х/ф;Вердикт за деньги;[18+]
180000;180140;Megahit;90;Х/ф;Малавита;[18+]
180140;180325;Megahit;90;Х/ф;Счастливое число Слевина;[18+]
180325;180455;Megahit;90;Х/ф;Эдисон;[18+]
180455;180715;Megahit;90;Х/ф;С богами: Два мира;[16+]
180715;180930;Megahit;90;Х/ф;С богами: Последние 49 дней;[18+]
180930;181135;Megahit;90;Х/ф;Орудия смерти: Город костей;[18+]
181135;181350;Megahit;90;Х/ф;Голодные игры: И вспыхнет пламя;[18+]
181350;181540;Megahit;90;Х/ф;Голодные игры: Сойка-пересмешница. Часть 1;[18+]
181540;181740;Megahit;90;Х/ф;Вердикт за деньги;[18+]
181740;181920;Megahit;90;Х/ф;Малавита;[18+]
181920;182100;Megahit;90;Х/ф;Счастливое число Слевина;[18+]
182100;182235;Megahit;90;Х/ф;Эдисон;[18+]
182235;190000;Megahit;90;Х/ф;Неудержимый;[18+]
190000;190125;Megahit;90;Х/ф;Защитник;[18+]
190125;190300;Megahit;90;Х/ф;Эффект колибри;[18+]
190300;190450;Megahit;90;Х/ф;Флешбэк;[18+]
190450;190720;Megahit;90;Х/ф;Голодные игры: И вспыхнет пламя;[18+]
190720;190920;Megahit;90;Х/ф;Голодные игры: Сойка-пересмешница. Часть 1;[18+]
190920;191125;Megahit;90;Х/ф;Мой парень - псих;[18+]
191125;191315;Megahit;90;Х/ф;"Операция "Фортуна": Искусство побеждать";[18+]
191315;191455;Megahit;90;Х/ф;Джентльмены;[18+]
191455;191730;Megahit;90;Х/ф;Волк с Уолл-стрит;[18+]
191730;191855;Megahit;90;Х/ф;Защитник;[18+]
191855;192030;Megahit;90;Х/ф;Эффект колибри;[18+]
192030;192215;Megahit;90;Х/ф;Флешбэк;[18+]
192215;200000;Megahit;90;Х/ф;Скрюченный домишко;[18+]
200000;200200;Megahit;90;Х/ф;Достать ножи;[18+]
200200;200405;Megahit;90;Х/ф;Дом из песка и тумана;[18+]
200405;200545;Megahit;90;Х/ф;Гнездо;[18+]
200545;200750;Megahit;90;Х/ф;"Операция "Фортуна": Искусство побеждать";[18+]
200750;200935;Megahit;90;Х/ф;Джентльмены;[18+]
200935;201215;Megahit;90;Х/ф;Волк с Уолл-стрит;[18+]
201215;201415;Megahit;90;Х/ф;Зелёная книга;[18+]
201415;201630;Megahit;90;Х/ф;Ураган;[18+]
201630;201815;Megahit;90;Х/ф;Скрюченный домишко;[18+]
201815;202020;Megahit;90;Х/ф;Достать ножи;[18+]
202020;202215;Megahit;90;Х/ф;Дом из песка и тумана;[18+]
202215;210000;Megahit;90;Х/ф;Рубикон;[16+]
210000;210155;Megahit;90;Х/ф;Падение Луны;[16+]
210155;210320;Megahit;90;Х/ф;Скайлайн;[18+]
210320;210525;Megahit;90;Х/ф;Зелёная книга;[18+]
210525;210725;Megahit;90;Х/ф;Гонка;[18+]
210725;210955;Megahit;90;Х/ф;Ураган;[18+]
210955;211155;Megahit;90;Х/ф;Вердикт за деньги;[18+]
211155;211340;Megahit;90;Х/ф;Малавита;[18+]
211340;211520;Megahit;90;Х/ф;Счастливое число Слевина;[18+]
211520;211655;Megahit;90;Х/ф;Эдисон;[18+]
211655;211840;Megahit;90;Х/ф;Рубикон;[16+]
211840;212035;Megahit;90;Х/ф;Падение Луны;[16+]
212035;212200;Megahit;90;Х/ф;Скайлайн;[18+]
212200;212335;Megahit;90;Х/ф;"Досье "Чёрная канарейка";[18+]
212335;220125;Megahit;90;Х/ф;Другой мир;[18+]
220125;220300;Megahit;90;Х/ф;Другой мир-2: Эволюция;[18+]
220300;220420;Megahit;90;Х/ф;Красотка на взводе;[18+]
220420;220620;Megahit;90;Х/ф;Вердикт за деньги;[18+]
220620;220810;Megahit;90;Х/ф;Малавита;[18+]
220810;220950;Megahit;90;Х/ф;Счастливое число Слевина;[18+]
220950;221125;Megahit;90;Х/ф;Эдисон;[18+]
221125;221245;Megahit;90;Х/ф;Неудержимый;[18+]
221245;221415;Megahit;90;Х/ф;Защитник;[18+]
221415;221545;Megahit;90;Х/ф;Эффект колибри;[18+]
221545;221720;Megahit;90;Х/ф;"Досье "Чёрная канарейка";[18+]
221720;221910;Megahit;90;Х/ф;Другой мир;[18+]
221910;222045;Megahit;90;Х/ф;Другой мир-2: Эволюция;[18+]
222045;222205;Megahit;90;Х/ф;Красотка на взводе;[18+]
222205;230000;Megahit;90;Х/ф;Неверная;[18+]
230000;230145;Megahit;90;Х/ф;Глубокие воды;[18+]
230145;230405;Megahit;90;Х/ф;Исчезнувшая;[18+]
230405;230535;Megahit;90;Х/ф;Неудержимый;[18+]
230535;230710;Megahit;90;Х/ф;Защитник;[18+]
230710;230845;Megahit;90;Х/ф;Эффект колибри;[18+]
230845;231035;Megahit;90;Х/ф;Флешбэк;[18+]
231035;231220;Megahit;90;Х/ф;Скрюченный домишко;[18+]
231220;231425;Megahit;90;Х/ф;Достать ножи;[18+]
231425;231620;Megahit;90;Х/ф;Дом из песка и тумана;[18+]
231620;231815;Megahit;90;Х/ф;Неверная;[18+]
231815;232005;Megahit;90;Х/ф;Глубокие воды;[18+]
232005;232225;Megahit;90;Х/ф;Исчезнувшая;[18+]
232225;240000;Megahit;90;Х/ф;Колесо чудес;[18+]
240000;240120;Megahit;90;Х/ф;Резня;[16+]
240120;240320;Megahit;90;Х/ф;Паразиты;[18+]
240320;240500;Megahit;90;Х/ф;Невидимый гость;[18+]
240500;240645;Megahit;90;Х/ф;Скрюченный домишко;[18+]
240645;240745;Megahit;90;Х/ф;Достать ножи;[18+]
170955;171140;Premiere;89;Х/ф;Засада;[18+]
171140;171315;Premiere;89;Х/ф;Космическая колония;[18+]
171315;171455;Premiere;89;Х/ф;"Хищник: Миссия "Осирис";[18+]
171455;171630;Premiere;89;Х/ф;Ускорение;[18+]
171630;171810;Premiere;89;Х/ф;Артур, ты король;[12+]
171810;172055;Premiere;89;Х/ф;Граф Монте-Кристо;[18+]
172055;172315;Premiere;89;Х/ф;Голодные игры: Баллада о змеях и певчих птицах;[18+]
172315;180100;Premiere;89;Х/ф;Париж. Всё включено;[18+]
180100;180225;Premiere;89;Х/ф;Великолепная поездка;[18+]
180225;180400;Premiere;89;Х/ф;Отпуск не по-детски;[18+]
180400;180530;Premiere;89;Х/ф;Неожиданные связи;[16+]
180530;180705;Premiere;89;Х/ф;Космическая колония;[18+]
180705;180850;Premiere;89;Х/ф;"Хищник: Миссия "Осирис";[18+]
180850;181035;Premiere;89;Х/ф;Ускорение;[18+]
181035;181220;Premiere;89;Х/ф;Огниво;[12+]
181220;181415;Premiere;89;Х/ф;Зачётная принцесса;[16+]
181415;181540;Premiere;89;Х/ф;Царевна-лягушка;[6+]
181540;181710;Premiere;89;Х/ф;Царевна-лягушка-2;[6+]
181710;181850;Premiere;89;Х/ф;Париж. Всё включено;[18+]
181850;182015;Premiere;89;Х/ф;Великолепная поездка;[18+]
182015;182150;Premiere;89;Х/ф;Отпуск не по-детски;[18+]
182150;182320;Premiere;89;Х/ф;Неожиданные связи;[16+]
182320;190100;Premiere;89;Х/ф;Криминальный город: Возмездие;[18+]
190100;190225;Premiere;89;Х/ф;Охота на короля;[18+]
190225;190355;Premiere;89;Х/ф;Схватка с дьяволом;[18+]
190355;190530;Premiere;89;Х/ф;Объект преследования;[18+]
190530;190715;Premiere;89;Х/ф;Огниво;[12+]
190715;190855;Premiere;89;Х/ф;Царевна-лягушка;[6+]
190855;191040;Premiere;89;Х/ф;Царевна-лягушка-2;[6+]
191040;191225;Premiere;89;Х/ф;Артур, ты король;[12+]
191225;191510;Premiere;89;Х/ф;Граф Монте-Кристо;[18+]
191510;191730;Premiere;89;Х/ф;Голодные игры: Баллада о змеях и певчих птицах;[18+]
191730;191905;Premiere;89;Х/ф;Объект преследования;[18+]
191905;192045;Premiere;89;Х/ф;Криминальный город: Возмездие;[18+]
192045;192215;Premiere;89;Х/ф;Охота на короля;[18+]
192215;192335;Premiere;89;Х/ф;Схватка с дьяволом;[18+]
192335;200100;Premiere;89;Х/ф;Чёрный бриллиант;[18+]
200100;200305;Premiere;89;Х/ф;Маскарад;[18+]
200305;200450;Premiere;89;Х/ф;Здравствуй, грусть;[18+]
200450;200735;Premiere;89;Х/ф;Граф Монте-Кристо;[18+]
200735;201010;Premiere;89;Х/ф;Голодные игры: Баллада о змеях и певчих птицах;[18+]
201010;201205;Premiere;89;Х/ф;Зачётная принцесса;[16+]
201205;201345;Premiere;89;Х/ф;Париж. Всё включено;[18+]
201345;201525;Premiere;89;Х/ф;Артур, ты король;[12+]
201525;201650;Premiere;89;Х/ф;Великолепная поездка;[18+]
201650;201825;Premiere;89;Х/ф;Отпуск не по-детски;[18+]
201825;201945;Premiere;89;Х/ф;Чёрный бриллиант;[18+]
201945;202155;Premiere;89;Х/ф;Маскарад;[18+]
202155;202335;Premiere;89;Х/ф;Здравствуй, грусть;[18+]
202335;210100;Premiere;89;Х/ф;На прицеле;[18+]
210100;210300;Premiere;89;Х/ф;Боец. Лучший из лучших;[18+]
210300;210430;Premiere;89;Х/ф;Резидент;[18+]
210430;210605;Premiere;89;Х/ф;Схватка;[18+]
210605;210750;Premiere;89;Х/ф;Париж. Всё включено;[18+]
210750;210915;Premiere;89;Х/ф;Великолепная поездка;[18+]
210915;211050;Premiere;89;Х/ф;Отпуск не по-детски;[18+]
211050;211215;Premiere;89;Х/ф;Неожиданные связи;[16+]
211215;211355;Premiere;89;Х/ф;Криминальный город: Возмездие;[18+]
211355;211520;Premiere;89;Х/ф;Охота на короля;[18+]
211520;211645;Premiere;89;Х/ф;Схватка с дьяволом;[18+]
211645;211810;Premiere;89;Х/ф;На прицеле;[18+]
211810;212010;Premiere;89;Х/ф;Боец. Лучший из лучших;[18+]
212010;212140;Premiere;89;Х/ф;Резидент;[18+]
212140;212315;Premiere;89;Х/ф;Схватка;[18+]
212315;220100;Premiere;89;Х/ф;Плохая девочка;[18+]
220100;220225;Premiere;89;Х/ф;Тайна в её глазах;[16+]
220225;220345;Premiere;89;Х/ф;Цена соблазна;[18+]
220345;220610;Premiere;89;Х/ф;Анатомия падения;[18+]
220610;220800;Premiere;89;Х/ф;Криминальный город: Возмездие;[18+]
220800;220925;Premiere;89;Х/ф;Охота на короля;[18+]
220925;221050;Premiere;89;Х/ф;Схватка с дьяволом;[18+]
221050;221225;Premiere;89;Х/ф;Объект преследования;[18+]
221225;221355;Premiere;89;Х/ф;Время патриотов;[18+]
221355;221540;Premiere;89;Х/ф;Здравствуй, грусть;[18+]
221540;221700;Premiere;89;Х/ф;Чёрный бриллиант;[18+]
221700;221910;Premiere;89;Х/ф;Маскарад;[18+]
221910;222030;Premiere;89;Х/ф;Тайна в её глазах;[16+]
222030;222150;Premiere;89;Х/ф;Цена соблазна;[18+]
222150;222335;Premiere;89;Х/ф;Плохая девочка;[18+]
222335;230100;Premiere;89;Х/ф;Эль Дьябло;[18+]
230100;230225;Premiere;89;Х/ф;Премьера. "Вниз";[18+]
230225;230350;Premiere;89;Х/ф;Игры возмездия;[18+]
230350;230520;Premiere;89;Х/ф;Пропавшая;[18+]
230520;230650;Premiere;89;Х/ф;Чёрный бриллиант;[18+]
230650;230900;Premiere;89;Х/ф;Маскарад;[18+]
230900;231110;Premiere;89;Х/ф;Горизонт в огне;[18+]
231110;231240;Premiere;89;Х/ф;На прицеле;[18+]
231240;231440;Premiere;89;Х/ф;Боец. Лучший из лучших;[18+]
231440;231610;Premiere;89;Х/ф;Резидент;[18+]
231610;231745;Premiere;89;Х/ф;Схватка;[18+]
231745;231910;Premiere;89;Х/ф;Эль Дьябло;[18+]
231910;232040;Premiere;89;Х/ф;Вниз;[18+]
232040;232155;Premiere;89;Х/ф;Игры возмездия;[18+]
232155;232320;Premiere;89;Х/ф;Пропавшая;[18+]
232320;240100;Premiere;89;Х/ф;Вышка;[18+]
240100;240220;Premiere;89;Х/ф;Подводный капкан;[16+]
240220;240340;Premiere;89;Х/ф;Власть огня;[18+]
240340;240525;Premiere;89;Х/ф;13 минут;[18+]
240525;240645;Premiere;89;Х/ф;На прицеле;[18+]
240645;240955;Premiere;89;Х/ф;Боец. Лучший из лучших;[18+]
170640;170805;КиноТВ;63;Х/ф;Я, Франкенштейн;[18+]
170805;171000;КиноТВ;63;Х/ф;Красавица и чудовище;[12+]
171000;171140;КиноТВ;63;Х/ф;Геракл: Начало легенды;[18+]
171140;171325;КиноТВ;63;Х/ф;Помпеи;[18+]
171325;171535;КиноТВ;63;Х/ф;Боги Египта;[18+]
171535;171710;КиноТВ;63;Х/ф;Призрачный гонщик-2;[18+]
171710;171855;КиноТВ;63;Х/ф;В потерянных землях;[18+]
171855;172100;КиноТВ;63;Х/ф;Хеллбой;[18+]
172100;172245;КиноТВ;63;Х/ф;Последний охотник на ведьм;[18+]
172245;180040;КиноТВ;63;Х/ф;Конан-варвар;[18+]
180040;180205;КиноТВ;63;Х/ф;Время ведьм;[18+]
180205;180330;КиноТВ;63;Х/ф;Воронья лощина;[18+]
180330;180505;КиноТВ;63;Х/ф;Беовульф и Грендель;[18+]
180505;180645;КиноТВ;63;Х/ф;Водопад Ангела;[18+]
180645;180840;КиноТВ;63;Х/ф;Серена;[18+]
180840;181105;КиноТВ;63;Х/ф;Затерянный город Z;[16+]
181105;181310;КиноТВ;63;Х/ф;Гостья;[16+]
181310;181535;КиноТВ;63;Х/ф;Дивергент;[18+]
181535;181730;КиноТВ;63;Х/ф;Дивергент, глава 2: Инсургент;[18+]
181730;181905;КиноТВ;63;Х/ф;"Весёлые" каникулы";[18+]
181905;182100;КиноТВ;63;Х/ф;РЭД-2;[18+]
182100;182240;КиноТВ;63;Х/ф;Васаби;[18+]
182240;190050;КиноТВ;63;Х/ф;Доспехи Бога-3: Миссия Зодиак;[18+]
190050;190215;КиноТВ;63;Х/ф;Дедушка лёгкого поведения;[18+]
190215;190330;КиноТВ;63;Х/ф;Большая свадьба;[16+]
190330;190510;КиноТВ;63;Х/ф;Иллюзия обмана;[16+]
190510;190635;КиноТВ;63;Х/ф;Как украсть бриллиант;[18+]
190635;190825;КиноТВ;63;Х/ф;Малавита;[18+]
190825;191025;КиноТВ;63;Х/ф;Оружейный барон;[18+]
191025;191200;КиноТВ;63;Х/ф;Последний рубеж;[18+]
191200;191350;КиноТВ;63;Х/ф;Коломбиана;[18+]
191350;191530;КиноТВ;63;Х/ф;Багровая мята;[18+]
191530;191715;КиноТВ;63;Х/ф;16 кварталов;[18+]
191715;191905;КиноТВ;63;Х/ф;Человек ноября;[18+]
191905;192100;КиноТВ;63;Х/ф;Преступник;[18+]
192100;192300;КиноТВ;63;Х/ф;Вне/себя;[18+]
192300;200040;КиноТВ;63;Х/ф;День курка;[18+]
200040;200205;КиноТВ;63;Х/ф;Геймер;[18+]
200205;200335;КиноТВ;63;Х/ф;Я, Алекс Кросс;[18+]
200335;200505;КиноТВ;63;Х/ф;Игрок;[18+]
200505;200630;КиноТВ;63;Х/ф;Чистильщик;[18+]
200630;200820;КиноТВ;63;Х/ф;Хитмен. Последнее дело;[18+]
200820;201005;КиноТВ;63;Х/ф;Пекарь;[18+]
201005;201155;КиноТВ;63;Х/ф;Эффект колибри;[18+]
201155;201345;КиноТВ;63;Х/ф;Большие деньги;[18+]
201345;201530;КиноТВ;63;Х/ф;Глубоководный горизонт;[18+]
201530;201730;КиноТВ;63;Х/ф;Гнев человеческий;[18+]
201730;201900;КиноТВ;63;Х/ф;Красотка на взводе;[18+]
201900;202100;КиноТВ;63;Х/ф;Аферистка;[18+]
202100;202315;КиноТВ;63;Х/ф;Достать ножи;[18+]
202315;210100;КиноТВ;63;Х/ф;Кодекс вора;[18+]
210100;210235;КиноТВ;63;Х/ф;Охотники за разумом;[18+]
210235;210445;КиноТВ;63;Х/ф;Субстанция;[18+]
210445;210645;КиноТВ;63;Х/ф;Без изъяна;[16+]
210645;210830;КиноТВ;63;Х/ф;Иллюзионист;[16+]
210830;211030;КиноТВ;63;Х/ф;Ганнибал: Восхождение;[18+]
211030;211225;КиноТВ;63;Х/ф;Конец света;[18+]
211225;211410;КиноТВ;63;Х/ф;Соломон Кейн;[18+]
211410;211540;КиноТВ;63;Х/ф;Я, Франкенштейн;[18+]
211540;211725;КиноТВ;63;Х/ф;Три тысячи лет желаний;[18+]
211725;211910;КиноТВ;63;Х/ф;Сапожник;[18+]
211910;212100;КиноТВ;63;Х/ф;Тупой и ещё тупее-2;[16+]
212100;212240;КиноТВ;63;Х/ф;Няньки;[16+]
212240;220010;КиноТВ;63;Х/ф;Такси;[18+]
220010;220135;КиноТВ;63;Х/ф;Такси-2;[18+]
220135;220250;КиноТВ;63;Х/ф;Такси-3;[18+]
220250;220410;КиноТВ;63;Х/ф;Такси-4;[18+]
220410;220530;КиноТВ;63;Х/ф;Вышибала;[18+]
220530;220655;КиноТВ;63;Х/ф;Хатико: самый верный друг;[16+]
220655;220845;КиноТВ;63;Х/ф;Невезучие;[18+]
220845;221035;КиноТВ;63;Х/ф;Шаг вперед: Все или ничего;[18+]
221035;221215;КиноТВ;63;Х/ф;Starперцы;[16+]
221215;221345;КиноТВ;63;Х/ф;Очень опасная штучка;[18+]
221345;221525;КиноТВ;63;Х/ф;Неудержимые-4;[18+]
221525;221725;КиноТВ;63;Х/ф;Паркер;[18+]
221725;221925;КиноТВ;63;Х/ф;Профессионал;[18+]
221925;222100;КиноТВ;63;Х/ф;Защитник;[18+]
222100;222230;КиноТВ;63;Х/ф;Механик;[18+]
222230;230015;КиноТВ;63;Х/ф;Механик: Воскрешение;[18+]
230015;230150;КиноТВ;63;Х/ф;Круче некуда;[18+]
230150;230310;КиноТВ;63;Х/ф;Киллер в отставке;[16+]
230310;230450;КиноТВ;63;Х/ф;Семь психопатов;[18+]
230450;230645;КиноТВ;63;Х/ф;Сердцеедки;[16+]
230645;230820;КиноТВ;63;Х/ф;Мой папа - медведь;[6+]
230820;230950;КиноТВ;63;М/ф;Изумительный Морис;[6+]
230950;231130;КиноТВ;63;Х/ф;Чародейка;[12+]
231130;231310;КиноТВ;63;Х/ф;Волшебник Изумрудного города;[6+]
231310;231510;КиноТВ;63;Х/ф;"Операция "Фортуна": Искусство побеждать";[18+]
231510;231700;КиноТВ;63;Х/ф;Моя жена - киллер;[18+]
231700;231900;КиноТВ;63;Х/ф;Телохранитель киллера;[18+]
231900;232100;КиноТВ;63;Х/ф;Телохранитель жены киллера;[18+]
232100;232255;КиноТВ;63;Х/ф;Ограбление на Бейкер-Стрит;[18+]
232255;240100;КиноТВ;63;Х/ф;Джон Уик-2;[18+]
240100;240255;КиноТВ;63;Х/ф;Джон Уик-3;[18+]
240255;240530;КиноТВ;63;Х/ф;Джон Уик-4;[18+]
240530;240640;КиноТВ;63;Х/ф;Затерянные во льдах;[12+]
170510;170655;Киносемья;34;М/ф;Ози: Голос джунглей;[6+]
170655;170840;Киносемья;34;Х/ф;Близнецы-драконы;[16+]
170840;171005;Киносемья;34;М/ф;Изумительный Морис;[6+]
171005;171150;Киносемья;34;Х/ф;Дивергент, глава 2: Инсургент;[16+]
171150;171305;Киносемья;34;М/ф;Питер Пэн;[12+]
171305;171505;Киносемья;34;Х/ф;Падение Луны;[16+]
171505;171625;Киносемья;34;М/ф;Ози: Голос джунглей;[6+]
171625;171755;Киносемья;34;Х/ф;Легенда Лонгвуда;[12+]
171755;171910;Киносемья;34;Х/ф;Мулан: Рождение легенды;[16+]
171910;172045;Киносемья;34;Х/ф;Нянька на Рождество;[16+]
172045;172250;Киносемья;34;Х/ф;Дивергент;[16+]
172250;180015;Киносемья;34;Х/ф;Питомец Юрского периода;[6+]
180015;180135;Киносемья;34;Х/ф;Макс Стил;[16+]
180135;180300;Киносемья;34;М/ф;Белоснежка и семь гномов;[6+]
180300;180420;Киносемья;34;Х/ф;Капитан Нова;[12+]
180420;180535;Киносемья;34;М/ф;Большое маленькое приключение;[6+]
180535;180705;Киносемья;34;Х/ф;Нелли Рапп: Как поймать монстра;[16+]
180705;180835;Киносемья;34;Х/ф;Чародейка;[12+]
180835;181000;Киносемья;34;Х/ф;Одни на каникулах;[6+]
181000;181150;Киносемья;34;Х/ф;Дивергент, глава 3: За стеной;[12+]
181150;181415;Киносемья;34;Х/ф;Майор Гром: Игра;[16+]
181415;181530;Киносемья;34;Х/ф;Мулан: Рождение легенды;[16+]
181530;181700;Киносемья;34;М/ф;Изумительный Морис;[6+]
181700;181830;Киносемья;34;Х/ф;Чародейка;[12+]
181830;181950;Киносемья;34;Х/ф;Капитан Нова;[12+]
181950;182105;Киносемья;34;М/ф;Питер Пэн;[12+]
182105;182255;Киносемья;34;Х/ф;Дивергент, глава 2: Инсургент;[16+]
182255;190015;Киносемья;34;Х/ф;Питомец Юрского периода. Утраченная тайна;[12+]
190015;190140;Киносемья;34;Х/ф;Аксель;[12+]
190140;190315;Киносемья;34;Х/ф;Легенда Лонгвуда;[12+]
190315;190440;Киносемья;34;Х/ф;Макс Стил;[16+]
190440;190600;Киносемья;34;Х/ф;Одни на каникулах;[6+]
190600;190800;Киносемья;34;Х/ф;Падение Луны;[16+]
190800;190915;Киносемья;34;М/ф;Большое маленькое приключение;[6+]
190915;191040;Киносемья;34;Х/ф;Нелли Рапп: Как поймать монстра;[16+]
191040;191200;Киносемья;34;Х/ф;Питомец Юрского периода;[6+]
191200;191410;Киносемья;34;Х/ф;Дивергент;[16+]
191410;191530;Киносемья;34;М/ф;Белоснежка и семь гномов;[6+]
191530;191655;Киносемья;34;Х/ф;Одни на каникулах;[6+]
191655;191815;Киносемья;34;М/ф;Айнбо. Сердце Амазонии;[6+]
191815;191935;Киносемья;34;М/ф;Большое маленькое приключение;[6+]
191935;192105;Киносемья;34;Х/ф;Аксель;[12+]
192105;192250;Киносемья;34;Х/ф;Дивергент, глава 3: За стеной;[12+]
192250;200015;Киносемья;34;М/ф;Питомец Юрского периода. Возвращение домой;[12+]
200015;200145;Киносемья;34;Х/ф;Деревенские крокодилы;[16+]
200145;200320;Киносемья;34;Х/ф;Чародейка;[12+]
200320;200445;Киносемья;34;Х/ф;Нелли Рапп: Как поймать монстра;[16+]
200445;200655;Киносемья;34;Х/ф;Легенда Лонгвуда;[12+]
200655;200830;Киносемья;34;Х/ф;Зоопарк;[12+]
200830;200955;Киносемья;34;Х/ф;Макс Стил;[16+]
200955;201110;Киносемья;34;М/ф;Питер Пэн;[12+]
201110;201230;Киносемья;34;Х/ф;Питомец Юрского периода. Утраченная тайна;[12+]
201230;201415;Киносемья;34;Х/ф;Дивергент, глава 2: Инсургент;[16+]
201415;201545;Киносемья;34;Х/ф;Аксель;[12+]
201545;201700;Киносемья;34;Х/ф;Мулан: Рождение легенды;[16+]
201700;201825;Киносемья;34;Х/ф;Макс Стил;[16+]
201825;202000;Киносемья;34;Х/ф;Деревенские крокодилы;[16+]
202000;202225;Киносемья;34;Х/ф;Майор Гром: Игра;[16+]
202225;210015;Киносемья;34;Х/ф;Похититель времени;[16+]
210015;210140;Киносемья;34;Х/ф;Деревенские крокодилы-2;[16+]
210140;210300;Киносемья;34;Х/ф;Питомец Юрского периода;[6+]
210300;210455;Киносемья;34;Х/ф;Падение Луны;[16+]
210455;210645;Киносемья;34;Х/ф;Чародейка;[12+]
210645;210815;Киносемья;34;Х/ф;Кольцо дракона;[16+]
210815;210935;Киносемья;34;М/ф;Белоснежка и семь гномов;[6+]
210935;211110;Киносемья;34;Х/ф;Белоснежка: Месть гномов;[12+]
211110;211235;Киносемья;34;М/ф;Питомец Юрского периода. Возвращение домой;[12+]
211235;211420;Киносемья;34;Х/ф;Дивергент, глава 3: За стеной;[12+]
211420;211555;Киносемья;34;Х/ф;Легенда Лонгвуда;[12+]
211555;211715;Киносемья;34;М/ф;Три богатыря и Пуп Земли;[6+]
211715;211835;Киносемья;34;М/ф;Белоснежка и семь гномов;[6+]
211835;212005;Киносемья;34;Х/ф;Деревенские крокодилы-2;[16+]
212005;212135;Киносемья;34;Х/ф;Чародейка;[12+]
212135;212250;Киносемья;34;Х/ф;Мулан: Рождение легенды;[16+]
212250;220015;Киносемья;34;М/ф;Большое путешествие. Вокруг света;[6+]
220015;220130;Киносемья;34;Х/ф;Деревенские крокодилы-3;[16+]
220130;220250;Киносемья;34;Х/ф;Питомец Юрского периода. Утраченная тайна;[12+]
220250;220430;Киносемья;34;Х/ф;Близнецы-драконы;[16+]
220430;220550;Киносемья;34;М/ф;Три богатыря и Пуп Земли;[6+]
220550;220735;Киносемья;34;Х/ф;Белоснежка: Месть гномов;[12+]
220735;220915;Киносемья;34;Х/ф;Мечтатель;[6+]
220915;221035;Киносемья;34;М/ф;Айнбо. Сердце Амазонии;[6+]
221035;221150;Киносемья;34;М/ф;Питер Пэн;[12+]
221150;221315;Киносемья;34;Х/ф;Кольцо дракона;[16+]
221315;221450;Киносемья;34;Х/ф;Зоопарк;[12+]
221450;221610;Киносемья;34;М/ф;Большое путешествие. Вокруг света;[6+]
221610;221730;Киносемья;34;Х/ф;Питомец Юрского периода;[6+]
221730;221850;Киносемья;34;Х/ф;Питомец Юрского периода. Утраченная тайна;[12+]
221850;222010;Киносемья;34;М/ф;Питомец Юрского периода. Возвращение домой;[12+]
222010;222200;Киносемья;34;Х/ф;Похититель времени;[16+]
222200;222320;Киносемья;34;Х/ф;Макс Стил;[16+]
222320;230050;Киносемья;34;Х/ф;Аксель;[12+]
230050;230320;Киносемья;34;Х/ф;Майор Гром: Игра;[16+]
230320;230455;Киносемья;34;Х/ф;Чародейка;[12+]
230455;230610;Киносемья;34;М/ф;Питер Пэн;[12+]
230610;230730;Киносемья;34;Х/ф;Мой котик и я;[6+]
230730;230855;Киносемья;34;М/ф;Доктор Динозавров;[6+]
230855;231020;Киносемья;34;Х/ф;Кольцо дракона;[16+]
231020;231155;Киносемья;34;Х/ф;Легенда Лонгвуда;[12+]
231155;231320;Киносемья;34;М/ф;Белоснежка и семь гномов;[6+]
231320;231525;Киносемья;34;Х/ф;Дивергент;[16+]
231525;231710;Киносемья;34;Х/ф;Дивергент, глава 2: Инсургент;[16+]
231710;231900;Киносемья;34;Х/ф;Дивергент, глава 3: За стеной;[12+]
231900;232025;Киносемья;34;М/ф;Большое путешествие. Вокруг света;[6+]
232025;232200;Киносемья;34;Х/ф;Деревенские крокодилы;[16+]
232200;232325;Киносемья;34;Х/ф;Деревенские крокодилы-2;[16+]
232325;240040;Киносемья;34;Х/ф;Деревенские крокодилы-3;[16+]
240040;240155;Киносемья;34;Х/ф;Мулан: Рождение легенды;[16+]
240155;240340;Киносемья;34;Х/ф;Похититель времени;[16+]
240340;240510;Киносемья;34;Х/ф;Макс Стил;[16+]
171100;171125;Amedia 1;80;М/с;Томбо! 6 с.;[16+]
171125;171255;Amedia 1;80;Т/с;Война Фойла 2 с.;[16+]
171255;171415;Amedia 1;80;Х/ф;Va-банк;[16+]
171415;171500;Amedia 1;80;Т/с;Полиция Токио 9 с.;[16+]
171500;171600;Amedia 1;80;Т/с;Полиция Токио 10 с.;[16+]
171600;171645;Amedia 1;80;Т/с;Соммердаль 1 с.;[16+]
171645;171730;Amedia 1;80;Т/с;Соммердаль 2 с.;[16+]
171730;171750;Amedia 1;80;Х/ф;Лучшие итальянские короткометражки-4: Истории нашей жизни 2 с.;[16+]
171750;171910;Amedia 1;80;Х/ф;Va-банк;[16+]
171910;172045;Amedia 1;80;Т/с;Премьера. "Война Фойла" 3 с.;[16+]
172045;172125;Amedia 1;80;Д/с;Необъяснимая Земля 1 с.;[16+]
172125;172205;Amedia 1;80;Д/с;Необъяснимая Земля 2 с.;[16+]
172205;172245;Amedia 1;80;Т/с;Ночной администратор 1 с.;[16+]
172245;172325;Amedia 1;80;Т/с;Ночной администратор 2 с.;[16+]
172325;180110;Amedia 1;80;Х/ф;Рыцарь дня;[16+]
180110;180150;Amedia 1;80;Т/с;Ходячие мертвецы 3 с.;[16+]
180150;180230;Amedia 1;80;Т/с;Ходячие мертвецы 4 с.;[16+]
180230;180305;Amedia 1;80;Т/с;Ходячие мертвецы 5 с.;[16+]
180305;180440;Amedia 1;80;Т/с;Война Фойла 3 с.;[16+]
180440;180520;Amedia 1;80;Д/с;Необъяснимая Земля 1 с.;[16+]
180520;180600;Amedia 1;80;Д/с;Необъяснимая Земля 2 с.;[16+]
180600;180640;Amedia 1;80;Т/с;Ночной администратор 1 с.;[16+]
180640;180720;Amedia 1;80;Т/с;Ночной администратор 2 с.;[16+]
180720;180800;Amedia 1;80;Т/с;Ходячие мертвецы 3 с.;[16+]
180800;180840;Amedia 1;80;Т/с;Ходячие мертвецы 4 с.;[16+]
180840;180915;Amedia 1;80;Т/с;Ходячие мертвецы 5 с.;[16+]
180915;180940;Amedia 1;80;Т/с;Компьютерщики 5 с.;[16+]
180940;181020;Amedia 1;80;Д/с;Необъяснимая Земля 1 с.;[16+]
181020;181100;Amedia 1;80;Д/с;Необъяснимая Земля 2 с.;[16+]
181100;181125;Amedia 1;80;М/с;Томбо! 7 с.;[16+]
181125;181300;Amedia 1;80;Т/с;Война Фойла 3 с.;[16+]
181300;181440;Amedia 1;80;Х/ф;Рыцарь дня;[16+]
181440;181520;Amedia 1;80;Т/с;Ночной администратор 1 с.;[16+]
181520;181600;Amedia 1;80;Т/с;Ночной администратор 2 с.;[16+]
181600;181645;Amedia 1;80;Т/с;Соммердаль 3 с.;[16+]
181645;181730;Amedia 1;80;Т/с;Соммердаль 4 с.;[16+]
181730;181915;Amedia 1;80;Х/ф;Рыцарь дня;[16+]
181915;182045;Amedia 1;80;Т/с;Премьера. "Война Фойла" 1 с.;[16+]
182045;182125;Amedia 1;80;Д/с;Необъяснимая Земля 2 с.;[16+]
182125;182200;Amedia 1;80;Д/с;Необъяснимая Земля 3 с.;[16+]
182200;182240;Amedia 1;80;Т/с;Ночной администратор 3 с.;[16+]
182240;182320;Amedia 1;80;Т/с;Ночной администратор 4 с.;[16+]
182320;190115;Amedia 1;80;Х/ф;Бойцовский клуб;[16+]
190115;190205;Amedia 1;80;Т/с;Ходячие мертвецы 6 с.;[16+]
190205;190240;Amedia 1;80;Т/с;Ходячие мертвецы 7 с.;[16+]
190240;190320;Amedia 1;80;Т/с;Ходячие мертвецы 8 с.;[16+]
190320;190450;Amedia 1;80;Т/с;Война Фойла 1 с.;[16+]
190450;190530;Amedia 1;80;Д/с;Необъяснимая Земля 2 с.;[16+]
190530;190600;Amedia 1;80;Д/с;Необъяснимая Земля 3 с.;[16+]
190600;190640;Amedia 1;80;Т/с;Ночной администратор 3 с.;[16+]
190640;190720;Amedia 1;80;Т/с;Ночной администратор 4 с.;[16+]
190720;190810;Amedia 1;80;Т/с;Ходячие мертвецы 6 с.;[16+]
190810;190845;Amedia 1;80;Т/с;Ходячие мертвецы 7 с.;[16+]
190845;190920;Amedia 1;80;Т/с;Ходячие мертвецы 8 с.;[16+]
190920;190945;Amedia 1;80;Т/с;Компьютерщики 6 с.;[16+]
190945;191025;Amedia 1;80;Д/с;Необъяснимая Земля 2 с.;[16+]
191025;191100;Amedia 1;80;Д/с;Необъяснимая Земля 3 с.;[16+]
191100;191125;Amedia 1;80;М/с;Томбо! 8 с.;[16+]
191125;191255;Amedia 1;80;Т/с;Война Фойла 1 с.;[16+]
191255;191455;Amedia 1;80;Х/ф;Бойцовский клуб;[16+]
191455;191535;Amedia 1;80;Т/с;Ночной администратор 3 с.;[16+]
191535;191550;Amedia 1;80;Т/с;Italian Best Shorts-7: Быть женщиной 1 с.;[16+]
191550;191635;Amedia 1;80;Т/с;Соммердаль 5 с.;[16+]
191635;191720;Amedia 1;80;Т/с;Соммердаль 6 с.;[16+]
191720;191915;Amedia 1;80;Х/ф;Бойцовский клуб;[16+]
191915;192045;Amedia 1;80;Т/с;Премьера. "Война Фойла" 2 с.;[16+]
192045;192125;Amedia 1;80;Д/с;Необъяснимая Земля 4 с.;[16+]
192125;192210;Amedia 1;80;Д/с;Необъяснимая Земля 5 с.;[16+]
192210;192250;Amedia 1;80;Т/с;Ночной администратор 5 с.;[16+]
192250;192330;Amedia 1;80;Т/с;Ночной администратор 6 с.;[16+]
192330;200115;Amedia 1;80;Х/ф;Возвращение Одиссея;[16+]
200115;200200;Amedia 1;80;Т/с;Ходячие мертвецы 9 с.;[16+]
200200;200235;Amedia 1;80;Т/с;Ходячие мертвецы 10 с.;[16+]
200235;200315;Amedia 1;80;Т/с;Ходячие мертвецы 11 с.;[16+]
200315;200445;Amedia 1;80;Т/с;Война Фойла 2 с.;[16+]
200445;200530;Amedia 1;80;Д/с;Необъяснимая Земля 4 с.;[16+]
200530;200610;Amedia 1;80;Д/с;Необъяснимая Земля 5 с.;[16+]
200610;200655;Amedia 1;80;Т/с;Ночной администратор 5 с.;[16+]
200655;200730;Amedia 1;80;Т/с;Ночной администратор 6 с.;[16+]
200730;200815;Amedia 1;80;Т/с;Ходячие мертвецы 9 с.;[16+]
200815;200855;Amedia 1;80;Т/с;Ходячие мертвецы 10 с.;[16+]
200855;200935;Amedia 1;80;Т/с;Ходячие мертвецы 11 с.;[16+]
200935;201020;Amedia 1;80;Д/с;Необъяснимая Земля 4 с.;[16+]
201020;201100;Amedia 1;80;Д/с;Необъяснимая Земля 5 с.;[16+]
201100;201125;Amedia 1;80;М/с;Томбо! 9 с.;[16+]
201125;201255;Amedia 1;80;Т/с;Война Фойла 2 с.;[16+]
201255;201440;Amedia 1;80;Х/ф;Возвращение Одиссея;[16+]
201440;201520;Amedia 1;80;Т/с;Ночной администратор 4 с.;[16+]
201520;201605;Amedia 1;80;Т/с;Ночной администратор 5 с.;[16+]
201605;201650;Amedia 1;80;Т/с;Соммердаль 6 с.;[16+]
201650;201730;Amedia 1;80;Т/с;Соммердаль 7 с.;[16+]
201730;201915;Amedia 1;80;Х/ф;Возвращение Одиссея;[16+]
201915;202045;Amedia 1;80;Т/с;Премьера. "Война Фойла" 3 с.;[16+]
202045;202125;Amedia 1;80;Д/с;Необъяснимая Земля 5 с.;[16+]
202125;202205;Amedia 1;80;Д/с;Необъяснимая Земля 6 с.;[16+]
202205;202245;Amedia 1;80;Т/с;Ночной администратор 6 с.;[16+]
202245;202325;Amedia 1;80;Т/с;Ночной администратор 7 с.;[16+]
202325;210115;Amedia 1;80;Х/ф;К звёздам;[16+]
210115;210150;Amedia 1;80;Т/с;Ходячие мертвецы 12 с.;[16+]
210150;210225;Amedia 1;80;Т/с;Ходячие мертвецы 13 с.;[16+]
210225;210305;Amedia 1;80;Т/с;Ходячие мертвецы 14 с.;[16+]
210305;210435;Amedia 1;80;Т/с;Война Фойла 3 с.;[16+]
210435;210515;Amedia 1;80;Д/с;Необъяснимая Земля 5 с.;[16+]
210515;210600;Amedia 1;80;Д/с;Необъяснимая Земля 6 с.;[16+]
210600;210640;Amedia 1;80;Т/с;Ночной администратор 6 с.;[16+]
210640;210720;Amedia 1;80;Т/с;Ночной администратор 7 с.;[16+]
210720;210800;Amedia 1;80;Т/с;Ходячие мертвецы 12 с.;[16+]
210800;210830;Amedia 1;80;Т/с;Ходячие мертвецы 13 с.;[16+]
210830;210910;Amedia 1;80;Т/с;Ходячие мертвецы 14 с.;[16+]
210910;210935;Amedia 1;80;Т/с;Компьютерщики 1 с.;[16+]
210935;211020;Amedia 1;80;Д/с;Необъяснимая Земля 5 с.;[16+]
211020;211100;Amedia 1;80;Д/с;Необъяснимая Земля 6 с.;[16+]
211100;211125;Amedia 1;80;М/с;Томбо! 10 с.;[16+]
211125;211255;Amedia 1;80;Т/с;Война Фойла 3 с.;[16+]
211255;211440;Amedia 1;80;Х/ф;К звёздам;[16+]
211440;211520;Amedia 1;80;Т/с;Ночной администратор 6 с.;[16+]
211520;211600;Amedia 1;80;Т/с;Ночной администратор 7 с.;[16+]
211600;211640;Amedia 1;80;Т/с;Соммердаль 7 с.;[16+]
211640;211725;Amedia 1;80;Т/с;Соммердаль 8 с.;[16+]
211725;211915;Amedia 1;80;Х/ф;К звёздам;[16+]
211915;212040;Amedia 1;80;Т/с;Премьера. "Война Фойла" 1 с.;[16+]
212040;212120;Amedia 1;80;Д/с;Необъяснимая Земля 7 с.;[16+]
212120;212200;Amedia 1;80;Д/с;Необъяснимая Земля 8 с.;[16+]
212200;212240;Amedia 1;80;Т/с;Ночной администратор 7 с.;[16+]
212240;212320;Amedia 1;80;Т/с;Ночной администратор 8 с.;[16+]
212320;220120;Amedia 1;80;Х/ф;Секреты Лос-Анджелеса;[16+]
220120;220205;Amedia 1;80;Т/с;Ходячие мертвецы 15 с.;[16+]
220205;220240;Amedia 1;80;Т/с;Ходячие мертвецы 16 с.;[16+]
220240;220325;Amedia 1;80;Т/с;Ходячие мертвецы 1 с.;[16+]
220325;220450;Amedia 1;80;Т/с;Война Фойла 1 с.;[16+]
220450;220530;Amedia 1;80;Д/с;Необъяснимая Земля 7 с.;[16+]
220530;220615;Amedia 1;80;Д/с;Необъяснимая Земля 8 с.;[16+]
220615;220650;Amedia 1;80;Т/с;Ночной администратор 7 с.;[16+]
220650;220730;Amedia 1;80;Т/с;Ночной администратор 8 с.;[16+]
220730;220815;Amedia 1;80;Т/с;Ходячие мертвецы 15 с.;[16+]
220815;220850;Amedia 1;80;Т/с;Ходячие мертвецы 16 с.;[16+]
220850;220935;Amedia 1;80;Т/с;Ходячие мертвецы 1 с.;[16+]
220935;221015;Amedia 1;80;Д/с;Необъяснимая Земля 7 с.;[16+]
221015;221100;Amedia 1;80;Д/с;Необъяснимая Земля 8 с.;[16+]
221100;221150;Amedia 1;80;Т/с;Декстер 7 с.;[16+]
221150;221240;Amedia 1;80;Т/с;Декстер 8 с.;[16+]
221240;221330;Amedia 1;80;Т/с;Декстер 9 с.;[16+]
221330;221420;Amedia 1;80;Т/с;Декстер 10 с.;[16+]
221420;221515;Amedia 1;80;Т/с;Декстер 11 с.;[16+]
221515;221540;Amedia 1;80;М/с;Легенда о героях галактики 1 с.;[16+]
221540;221605;Amedia 1;80;М/с;Легенда о героях галактики 2 с.;[16+]
221605;221625;Amedia 1;80;М/с;Легенда о героях галактики 3 с.;[16+]
221625;221715;Amedia 1;80;Т/с;Соммердаль 1 с.;[16+]
221715;221800;Amedia 1;80;Т/с;Соммердаль 2 с.;[16+]
221800;221845;Amedia 1;80;Т/с;Соммердаль 3 с.;[16+]
221845;221930;Amedia 1;80;Т/с;Соммердаль 4 с.;[16+]
221930;222020;Amedia 1;80;Т/с;Декстер 7 с.;[16+]
222020;222115;Amedia 1;80;Т/с;Декстер 8 с.;[16+]
222115;222205;Amedia 1;80;Т/с;Декстер 9 с.;[16+]
222205;222255;Amedia 1;80;Т/с;Декстер 10 с.;[16+]
222255;222345;Amedia 1;80;Т/с;Декстер 11 с.;[16+]
222345;230115;Amedia 1;80;Х/ф;Короли улиц;[16+]
230115;230155;Amedia 1;80;Т/с;Ходячие мертвецы 3 с.;[16+]
230155;230235;Amedia 1;80;Т/с;Ходячие мертвецы 4 с.;[16+]
230235;230310;Amedia 1;80;Т/с;Ходячие мертвецы 5 с.;[16+]
230310;230400;Amedia 1;80;Т/с;Ходячие мертвецы 6 с.;[16+]
230400;230435;Amedia 1;80;Т/с;Ходячие мертвецы 7 с.;[16+]
230435;230515;Amedia 1;80;Т/с;Ходячие мертвецы 8 с.;[16+]
230515;230555;Amedia 1;80;Т/с;Ходячие мертвецы 9 с.;[16+]
230555;230635;Amedia 1;80;Т/с;Ходячие мертвецы 10 с.;[16+]
230635;230700;Amedia 1;80;М/с;Легенда о героях галактики 1 с.;[16+]
230700;230725;Amedia 1;80;М/с;Легенда о героях галактики 2 с.;[16+]
230725;230755;Amedia 1;80;М/с;Легенда о героях галактики 3 с.;[16+]
230755;230840;Amedia 1;80;Т/с;Соммердаль 1 с.;[16+]
230840;230925;Amedia 1;80;Т/с;Соммердаль 2 с.;[16+]
230925;231010;Amedia 1;80;Т/с;Соммердаль 3 с.;[16+]
231010;231100;Amedia 1;80;Т/с;Соммердаль 4 с.;[16+]
231100;231155;Amedia 1;80;Т/с;Декстер 12 с.;[16+]
231155;231245;Amedia 1;80;Т/с;Декстер 1 с.;[16+]
231245;231340;Amedia 1;80;Т/с;Декстер 2 с.;[16+]
231340;231425;Amedia 1;80;Т/с;Декстер 3 с.;[16+]
231425;231515;Amedia 1;80;Т/с;Декстер 4 с.;[16+]
231515;231540;Amedia 1;80;М/с;Легенда о героях галактики 4 с.;[16+]
231540;231605;Amedia 1;80;М/с;Легенда о героях галактики 5 с.;[16+]
231605;231625;Amedia 1;80;М/с;Легенда о героях галактики 6 с.;[16+]
231625;231710;Amedia 1;80;Т/с;Соммердаль 5 с.;[16+]
231710;231800;Amedia 1;80;Т/с;Соммердаль 6 с.;[16+]
231800;231845;Amedia 1;80;Т/с;Соммердаль 7 с.;[16+]
231845;231935;Amedia 1;80;Т/с;Соммердаль 8 с.;[16+]
231935;232025;Amedia 1;80;Т/с;Декстер 12 с.;[16+]
232025;232115;Amedia 1;80;Т/с;Декстер 1 с.;[16+]
232115;232205;Amedia 1;80;Т/с;Декстер 2 с.;[16+]
232205;232250;Amedia 1;80;Т/с;Декстер 3 с.;[16+]
232250;232340;Amedia 1;80;Т/с;Декстер 4 с.;[16+]
232340;240115;Amedia 1;80;Х/ф;Байкеры;[16+]
240115;240155;Amedia 1;80;Т/с;Ходячие мертвецы 10 с.;[16+]
240155;240235;Amedia 1;80;Т/с;Ходячие мертвецы 11 с.;[16+]
240235;240315;Amedia 1;80;Т/с;Ходячие мертвецы 12 с.;[16+]
240315;240350;Amedia 1;80;Т/с;Ходячие мертвецы 13 с.;[16+]
240350;240430;Amedia 1;80;Т/с;Ходячие мертвецы 14 с.;[16+]
240430;240515;Amedia 1;80;Т/с;Ходячие мертвецы 15 с.;[16+]
240515;240550;Amedia 1;80;Т/с;Ходячие мертвецы 16 с.;[16+]
240550;240635;Amedia 1;80;Т/с;Ходячие мертвецы 1 с.;[16+]
240635;240700;Amedia 1;80;М/с;Легенда о героях галактики 4 с.;[16+]
240700;240725;Amedia 1;80;М/с;Легенда о героях галактики 5 с.;[16+]
240725;240750;Amedia 1;80;М/с;Легенда о героях галактики 6 с.;[16+]
240750;240835;Amedia 1;80;Т/с;Соммердаль 5 с.;[16+]
240835;240925;Amedia 1;80;Т/с;Соммердаль 6 с.;[16+]
240925;241015;Amedia 1;80;Т/с;Соммердаль 7 с.;[16+]
241015;241100;Amedia 1;80;Т/с;Соммердаль 8 с.;[16+]
170600;170805;ТВ Центр;10;;Настроение;[6+]
170805;170835;ТВ Центр;10;;Смех, дрожь и видео;[16+]
170835;170935;ТВ Центр;10;Х/ф;Сельский детектив. Яблоня раздора 1 с.;[16+]
170935;171040;ТВ Центр;10;Х/ф;Сельский детектив. Яблоня раздора 2 с.;[16+]
171040;171130;ТВ Центр;10;Д/ф;Олег Табаков. У меня всё получилось;[16+]
171130;171150;ТВ Центр;10;;События;[6+]
171150;171250;ТВ Центр;10;Х/ф;Я иду тебя искать-7 1 с.;[16+]
171250;171345;ТВ Центр;10;Х/ф;Я иду тебя искать-7 2 с.;[16+]
171345;171430;ТВ Центр;10;;Мой герой;[12+]
171430;171450;ТВ Центр;10;;События;[6+]
171450;171505;ТВ Центр;10;;Город новостей;[6+]
171505;171600;ТВ Центр;10;Х/ф;Чистосердечное призвание 1 с.;[12+]
171600;171655;ТВ Центр;10;Х/ф;Чистосердечное призвание 2 с.;[12+]
171655;171750;ТВ Центр;10;Д/ф;Александра Яковлева. Ураган несчастий;[16+]
171750;171810;ТВ Центр;10;;События;[6+]
171810;171905;ТВ Центр;10;Х/ф;Приют счастья 1 с.;[16+]
171905;172000;ТВ Центр;10;Х/ф;Приют счастья 2 с.;[16+]
172000;172055;ТВ Центр;10;Х/ф;Приют счастья 3 с.;[16+]
172055;172200;ТВ Центр;10;Х/ф;Приют счастья 4 с.;[16+]
172200;172235;ТВ Центр;10;;События;[6+]
172235;172305;ТВ Центр;10;;10 самых...;[16+]
172305;180000;ТВ Центр;10;;Знак качества;[16+]
180000;180030;ТВ Центр;10;;События. 25-й час;[6+]
180030;180045;ТВ Центр;10;;Петровка, 38;[16+]
180045;180130;ТВ Центр;10;Д/ф;СМЕРШ. Румынский гамбит;[16+]
180130;180215;ТВ Центр;10;Д/ф;Война за совместно нажитое;[16+]
180215;180300;ТВ Центр;10;Д/ф;90-е. Двое на миллион;[16+]
180300;180350;ТВ Центр;10;Х/ф;Я иду тебя искать-7 1 с.;[16+]
180350;180440;ТВ Центр;10;Х/ф;Я иду тебя искать-7 2 с.;[16+]
180440;180525;ТВ Центр;10;Д/ф;Олег Табаков. У меня всё получилось;[16+]
180525;180600;ТВ Центр;10;;Мой герой;[12+]
180600;180810;ТВ Центр;10;;Настроение;[6+]
180810;180840;ТВ Центр;10;;Доктор И...;[16+]
180840;180935;ТВ Центр;10;Х/ф;Сельский детектив. Месть Чернобога 1 с.;[12+]
180935;181035;ТВ Центр;10;Х/ф;Сельский детектив. Месть Чернобога 2 с.;[12+]
181035;181130;ТВ Центр;10;Д/ф;Галина Польских. Я нашла своего мужчину;[16+]
181130;181150;ТВ Центр;10;;События;[6+]
181150;181250;ТВ Центр;10;Х/ф;Я иду тебя искать-7 3 с.;[16+]
181250;181345;ТВ Центр;10;Х/ф;Я иду тебя искать-7 4 с.;[16+]
181345;181430;ТВ Центр;10;;Мой герой;[12+]
181430;181450;ТВ Центр;10;;События;[6+]
181450;181505;ТВ Центр;10;;Город новостей;[6+]
181505;181600;ТВ Центр;10;Х/ф;Чистосердечное призвание 3 с.;[12+]
181600;181700;ТВ Центр;10;Х/ф;Чистосердечное призвание 4 с.;[12+]
181700;181750;ТВ Центр;10;Д/ф;Как стать старухой в 50;[16+]
181750;181810;ТВ Центр;10;;События;[6+]
181810;181900;ТВ Центр;10;Х/ф;Приют счастья-2 1 с.;[16+]
181900;182000;ТВ Центр;10;Х/ф;Приют счастья-2 2 с.;[16+]
182000;182055;ТВ Центр;10;Х/ф;Приют счастья-2 3 с.;[16+]
182055;182200;ТВ Центр;10;Х/ф;Приют счастья-2 4 с.;[16+]
182200;182235;ТВ Центр;10;;События;[6+]
182235;182305;ТВ Центр;10;;10 самых...;[16+]
182305;190000;ТВ Центр;10;Д/ф;Укрощение невестки;[16+]
190000;190030;ТВ Центр;10;;События. 25-й час;[6+]
190030;190045;ТВ Центр;10;;Петровка, 38;[16+]
190045;190130;ТВ Центр;10;Д/ф;90-е. Братва, не стреляйте друг в друга;[16+]
190130;190215;ТВ Центр;10;;Хроники московского быта;[16+]
190215;190300;ТВ Центр;10;Д/ф;Русские тайны. Новые пророки;[16+]
190300;190350;ТВ Центр;10;Х/ф;Я иду тебя искать-7 3 с.;[16+]
190350;190440;ТВ Центр;10;Х/ф;Я иду тебя искать-7 4 с.;[16+]
190440;190525;ТВ Центр;10;Д/ф;Галина Польских. Я нашла своего мужчину;[16+]
190525;190600;ТВ Центр;10;;Мой герой;[12+]
190600;190810;ТВ Центр;10;;Настроение;[6+]
190810;190840;ТВ Центр;10;;Доктор И...;[16+]
190840;190940;ТВ Центр;10;Х/ф;Сельский детектив. Иголка в стоге сена 1 с.;[16+]
190940;191035;ТВ Центр;10;Х/ф;Сельский детектив. Иголка в стоге сена 2 с.;[16+]
191035;191130;ТВ Центр;10;Д/ф;Владимир Конкин. Искушение славой;[16+]
191130;191150;ТВ Центр;10;;События;[6+]
191150;191245;ТВ Центр;10;Х/ф;Я иду тебя искать-8 1 с.;[16+]
191245;191345;ТВ Центр;10;Х/ф;Я иду тебя искать-8 2 с.;[16+]
191345;191430;ТВ Центр;10;;Мой герой;[12+]
191430;191450;ТВ Центр;10;;События;[6+]
191450;191505;ТВ Центр;10;;Город новостей;[6+]
191505;191600;ТВ Центр;10;Х/ф;Чистосердечное призвание-2 1 с.;[12+]
191600;191700;ТВ Центр;10;Х/ф;Чистосердечное призвание-2 2 с.;[12+]
191700;191750;ТВ Центр;10;Д/ф;Матлюба Алимова. Чужая среди своих;[16+]
191750;191810;ТВ Центр;10;;События;[6+]
191810;191900;ТВ Центр;10;Х/ф;Приют счастья-3 1 с.;[16+]
191900;192000;ТВ Центр;10;Х/ф;Приют счастья-3 2 с.;[16+]
192000;192055;ТВ Центр;10;Х/ф;Приют счастья-3 3 с.;[16+]
192055;192200;ТВ Центр;10;Х/ф;Приют счастья-3 4 с.;[16+]
192200;192235;ТВ Центр;10;;События;[6+]
192235;192305;ТВ Центр;10;;10 самых...;[16+]
192305;200000;ТВ Центр;10;;Прощание;[16+]
200000;200030;ТВ Центр;10;;События. 25-й час;[6+]
200030;200045;ТВ Центр;10;;Петровка, 38;[16+]
200045;200130;ТВ Центр;10;Д/ф;Настоящий детектив. Состав преступления;[16+]
200130;200215;ТВ Центр;10;Д/ф;"СС. Безумие "чёрного ордена";[16+]
200215;200300;ТВ Центр;10;;Знак качества;[16+]
200300;200345;ТВ Центр;10;Х/ф;Я иду тебя искать-8 1 с.;[16+]
200345;200440;ТВ Центр;10;Х/ф;Я иду тебя искать-8 2 с.;[16+]
200440;200520;ТВ Центр;10;Д/ф;Владимир Конкин. Искушение славой;[16+]
200520;200600;ТВ Центр;10;Д/с;Назад в СССР;[16+]
200600;200820;ТВ Центр;10;;Настроение;[6+]
200820;200840;ТВ Центр;10;;Доктор И...;[16+]
200840;200935;ТВ Центр;10;Х/ф;Сельский детектив. Иголка в стоге сена 3 с.;[16+]
200935;201035;ТВ Центр;10;Х/ф;Сельский детектив. Иголка в стоге сена 4 с.;[16+]
201035;201130;ТВ Центр;10;Д/ф;Виктор Мережко. Здравствуй и прощай;[16+]
201130;201150;ТВ Центр;10;;События;[6+]
201150;201245;ТВ Центр;10;Х/ф;Я иду тебя искать-8 3 с.;[16+]
201245;201345;ТВ Центр;10;Х/ф;Я иду тебя искать-8 4 с.;[16+]
201345;201430;ТВ Центр;10;;Мой герой;[12+]
201430;201450;ТВ Центр;10;;События;[6+]
201450;201505;ТВ Центр;10;;Город новостей;[6+]
201505;201555;ТВ Центр;10;Х/ф;Чистосердечное призвание-2 3 с.;[12+]
201555;201655;ТВ Центр;10;Х/ф;Чистосердечное призвание-2 4 с.;[12+]
201655;201750;ТВ Центр;10;Д/ф;Сёстры Юкины. В Королевстве кривых зеркал;[16+]
201750;201810;ТВ Центр;10;;События;[6+]
201810;201900;ТВ Центр;10;Х/ф;Приют счастья-4 1 с.;[16+]
201900;202000;ТВ Центр;10;Х/ф;Приют счастья-4 2 с.;[16+]
202000;202055;ТВ Центр;10;Х/ф;Приют счастья-4 3 с.;[16+]
202055;202200;ТВ Центр;10;Х/ф;Приют счастья-4 4 с.;[16+]
202200;202235;ТВ Центр;10;;События;[6+]
202235;202305;ТВ Центр;10;;10 самых...;[16+]
202305;210000;ТВ Центр;10;Д/ф;Актёрские драмы. Герой на час;[16+]
210000;210030;ТВ Центр;10;;События. 25-й час;[6+]
210030;210045;ТВ Центр;10;;Петровка, 38;[16+]
210045;210130;ТВ Центр;10;Д/ф;"Охота на маньяка. Дело безумного "Шамана";[16+]
210130;210215;ТВ Центр;10;Д/ф;Дорогие товарищи. Циркач;[16+]
210215;210300;ТВ Центр;10;Д/ф;Следствие ведёт КГБ. Блондинки за углом;[16+]
210300;210350;ТВ Центр;10;Х/ф;Я иду тебя искать-8 3 с.;[16+]
210350;210440;ТВ Центр;10;Х/ф;Я иду тебя искать-8 4 с.;[16+]
210440;210525;ТВ Центр;10;Д/ф;Виктор Мережко. Здравствуй и прощай;[16+]
210525;210600;ТВ Центр;10;;Мой герой;[12+]
210600;210810;ТВ Центр;10;;Настроение;[6+]
210810;210910;ТВ Центр;10;Х/ф;Первокурсница 1 с.;[16+]
210910;211010;ТВ Центр;10;Х/ф;Первокурсница 2 с.;[16+]
211010;211130;ТВ Центр;10;Х/ф;Первокурсница 3 с.;[16+]
211130;211150;ТВ Центр;10;;События;[6+]
211150;211230;ТВ Центр;10;Х/ф;Первокурсница 4 с.;[16+]
211230;211325;ТВ Центр;10;Х/ф;Сладкая месть 1 с.;[12+]
211325;211430;ТВ Центр;10;Х/ф;Сладкая месть 2 с.;[12+]
211430;211450;ТВ Центр;10;;События;[6+]
211450;211505;ТВ Центр;10;;Город новостей;[6+]
211505;211600;ТВ Центр;10;Х/ф;Сладкая месть 3 с.;[12+]
211600;211655;ТВ Центр;10;Х/ф;Сладкая месть 4 с.;[12+]
211655;211750;ТВ Центр;10;Д/ф;Актёрские драмы. Под маской клоуна;[16+]
211750;211810;ТВ Центр;10;;События;[6+]
211810;211910;ТВ Центр;10;Х/ф;Одна ночь 1 с.;[16+]
211910;212010;ТВ Центр;10;Х/ф;Одна ночь 2 с.;[16+]
212010;212105;ТВ Центр;10;Х/ф;Дуэль королев 1 с.;[12+]
212105;212205;ТВ Центр;10;Х/ф;Дуэль королев 2 с.;[12+]
212205;212255;ТВ Центр;10;Д/ф;Русские тайны. Товарищ Ванга;[16+]
212255;212345;ТВ Центр;10;Д/ф;Тайная комната. Мечты тирана;[16+]
212345;220050;ТВ Центр;10;Х/ф;Сержант милиции 1 с.;[12+]
220050;220200;ТВ Центр;10;Х/ф;Сержант милиции 2 с.;[12+]
220200;220310;ТВ Центр;10;Х/ф;Сержант милиции 3 с.;[12+]
220310;220325;ТВ Центр;10;;Петровка, 38;[16+]
220325;220410;ТВ Центр;10;Х/ф;Шаг в бездну 1 с.;[12+]
220410;220500;ТВ Центр;10;Х/ф;Шаг в бездну 2 с.;[12+]
220500;220555;ТВ Центр;10;Х/ф;Шаг в бездну 3 с.;[12+]
220555;220650;ТВ Центр;10;Х/ф;Шаг в бездну 4 с.;[12+]
220650;220715;ТВ Центр;10;;10 самых...;[16+]
220715;220740;ТВ Центр;10;;Православная энциклопедия;[6+]
220740;220830;ТВ Центр;10;Х/ф;Дуэль королев 1 с.;[12+]
220830;220935;ТВ Центр;10;Х/ф;Дуэль королев 2 с.;[12+]
220935;221030;ТВ Центр;10;Х/ф;Мой ангел 1 с.;[16+]
221030;221130;ТВ Центр;10;Х/ф;Мой ангел 2 с.;[16+]
221130;221145;ТВ Центр;10;;События;[6+]
221145;221240;ТВ Центр;10;;Смешите меня семеро 44 с.;[16+]
221240;221335;ТВ Центр;10;Х/ф;Правда 1 с.;[12+]
221335;221430;ТВ Центр;10;Х/ф;Правда 2 с.;[12+]
221430;221445;ТВ Центр;10;;События;[6+]
221445;221540;ТВ Центр;10;Х/ф;Смерть на языке цветов 1 с.;[16+]
221540;221630;ТВ Центр;10;Х/ф;Смерть на языке цветов 2 с.;[16+]
221630;221720;ТВ Центр;10;Х/ф;Смерть на языке цветов 3 с.;[16+]
221720;221820;ТВ Центр;10;Х/ф;Смерть на языке цветов 4 с.;[16+]
221820;221910;ТВ Центр;10;Х/ф;Выйти замуж любой ценой 1 с.;[16+]
221910;222000;ТВ Центр;10;Х/ф;Выйти замуж любой ценой 2 с.;[16+]
222000;222055;ТВ Центр;10;Х/ф;Выйти замуж любой ценой 3 с.;[16+]
222055;222200;ТВ Центр;10;Х/ф;Выйти замуж любой ценой 4 с.;[16+]
222200;222220;ТВ Центр;10;;События;[6+]
222220;222310;ТВ Центр;10;Д/ф;"СМЕРШ. Операция "Искатели";[16+]
222310;222355;ТВ Центр;10;Д/ф;90-е. Сумасшедший бизнес;[16+]
222355;230035;ТВ Центр;10;Д/ф;СС. Парад мертвецов;[16+]
230035;230120;ТВ Центр;10;Д/ф;Неизвестный Сталин;[16+]
230120;230205;ТВ Центр;10;Д/ф;Сёстры Юкины. В Королевстве кривых зеркал;[16+]
230205;230250;ТВ Центр;10;Д/ф;Как стать старухой в 50;[16+]
230250;230335;ТВ Центр;10;Д/ф;Матлюба Алимова. Чужая среди своих;[16+]
230335;230420;ТВ Центр;10;Д/ф;Александра Яковлева. Ураган несчастий;[16+]
230420;230510;ТВ Центр;10;Д/ф;Актёрские драмы. Под маской клоуна;[16+]
230510;230540;ТВ Центр;10;;10 самых...;[16+]
230540;230625;ТВ Центр;10;;10 самых...;[16+]
230625;230715;ТВ Центр;10;Х/ф;Правда 1 с.;[12+]
230715;230815;ТВ Центр;10;Х/ф;Правда 2 с.;[12+]
230815;230915;ТВ Центр;10;Х/ф;Одна ночь 1 с.;[16+]
230915;231010;ТВ Центр;10;Х/ф;Одна ночь 2 с.;[16+]
231010;231130;ТВ Центр;10;Х/ф;Сержант милиции 1 с.;[12+]
231130;231145;ТВ Центр;10;;События;[6+]
231145;231305;ТВ Центр;10;Х/ф;Сержант милиции 2 с.;[12+]
231305;231430;ТВ Центр;10;Х/ф;Сержант милиции 3 с.;[12+]
231430;231445;ТВ Центр;10;;События;[6+]
231445;231535;ТВ Центр;10;Д/ф;Дорогие товарищи. Зять генсека;[16+]
231535;231625;ТВ Центр;10;Д/ф;Следствие ведёт КГБ. Концерт для скрипки с арестом;[16+]
231625;231715;ТВ Центр;10;Д/ф;Настоящий детектив. Укус змеи;[16+]
231715;231815;ТВ Центр;10;Х/ф;Некрасивая подружка 1 с.;[12+]
231815;231915;ТВ Центр;10;Х/ф;Некрасивая подружка 2 с.;[12+]
231915;232015;ТВ Центр;10;Х/ф;Некрасивая подружка 3 с.;[12+]
232015;232125;ТВ Центр;10;Х/ф;Некрасивая подружка 4 с.;[12+]
232125;232215;ТВ Центр;10;Х/ф;Разоблачение Единорога 1 с.;[12+]
232215;232305;ТВ Центр;10;Х/ф;Разоблачение Единорога 2 с.;[12+]
232305;240000;ТВ Центр;10;Х/ф;Разоблачение Единорога 3 с.;[12+]
240000;240015;ТВ Центр;10;;События;[6+]
240015;240105;ТВ Центр;10;Х/ф;Разоблачение Единорога 4 с.;[12+]
240105;240120;ТВ Центр;10;;Петровка, 38. Специальный субботний выпуск;[16+]
240120;240200;ТВ Центр;10;Х/ф;Сладкая месть 1 с.;[12+]
240200;240240;ТВ Центр;10;Х/ф;Сладкая месть 2 с.;[12+]
240240;240325;ТВ Центр;10;Х/ф;Сладкая месть 3 с.;[12+]
240325;240420;ТВ Центр;10;Х/ф;Сладкая месть 4 с.;[12+]
240420;240505;ТВ Центр;10;Д/с;Назад в СССР;[16+]
240505;240535;ТВ Центр;10;;10 самых...;[16+]
240535;240600;ТВ Центр;10;;Тайна песни;[16+]
170425;170605;Премиальное HD;94;Х/ф;Зип и Зап на острове Капитана;[16+]
170605;170725;Премиальное HD;94;Х/ф;Котята учатся летать;[12+]
170725;170915;Премиальное HD;94;Х/ф;Кон-Тики;[18+]
170915;171040;Премиальное HD;94;Х/ф;Мини-детективы и тайна Скорпиона;[12+]
171040;171220;Премиальное HD;94;Х/ф;Зип и Зап на острове Капитана;[16+]
171220;171340;Премиальное HD;94;Х/ф;Котята учатся летать;[12+]
171340;171530;Премиальное HD;94;Х/ф;Кон-Тики;[18+]
171530;171655;Премиальное HD;94;Х/ф;Мини-детективы и тайна Скорпиона;[12+]
171655;171835;Премиальное HD;94;Х/ф;Зип и Зап на острове Капитана;[16+]
171835;172010;Премиальное HD;94;Х/ф;Мифика: Задание для героев;[18+]
172010;172155;Премиальное HD;94;Х/ф;Мифика: Тёмные времена;[18+]
172155;172330;Премиальное HD;94;Х/ф;Мифика: Некромант;[18+]
172330;180105;Премиальное HD;94;Х/ф;Мифика: Стальная корона;[18+]
180105;180300;Премиальное HD;94;Х/ф;Мифика: Богоубийца;[18+]
180300;180415;Премиальное HD;94;Т/с;Плохой и сумасшедший 5 с.;[18+]
180415;180525;Премиальное HD;94;Т/с;Плохой и сумасшедший 6 с.;[18+]
180525;180640;Премиальное HD;94;Т/с;Плохой и сумасшедший 7 с.;[18+]
180640;180740;Премиальное HD;94;Т/с;Плохой и сумасшедший 8 с.;[18+]
180740;180915;Премиальное HD;94;Х/ф;Мифика: Задание для героев;[18+]
180915;181100;Премиальное HD;94;Х/ф;Мифика: Тёмные времена;[18+]
181100;181230;Премиальное HD;94;Х/ф;Мифика: Некромант;[18+]
181230;181405;Премиальное HD;94;Х/ф;Мифика: Стальная корона;[18+]
181405;181555;Премиальное HD;94;Х/ф;Мифика: Богоубийца;[18+]
181555;181730;Премиальное HD;94;Х/ф;Мифика: Задание для героев;[18+]
181730;181915;Премиальное HD;94;Х/ф;Мифика: Тёмные времена;[18+]
181915;182050;Премиальное HD;94;Х/ф;Мифика: Некромант;[18+]
182050;182220;Премиальное HD;94;Х/ф;Астрид, Рафаэлла и Александра Эль: Око за око;[18+]
182220;182355;Премиальное HD;94;Х/ф;Моё преступление;[18+]
182355;190130;Премиальное HD;94;Х/ф;Идеальный муж;[18+]
190130;190300;Премиальное HD;94;Х/ф;Лондонские каникулы;[18+]
190300;190405;Премиальное HD;94;Т/с;Плохой и сумасшедший 9 с.;[18+]
190405;190510;Премиальное HD;94;Т/с;Плохой и сумасшедший 10 с.;[18+]
190510;190615;Премиальное HD;94;Т/с;Плохой и сумасшедший 11 с.;[18+]
190615;190730;Премиальное HD;94;Т/с;Плохой и сумасшедший 12 с.;[18+]
190730;190915;Премиальное HD;94;Х/ф;Красавица и чудовище;[18+]
190915;191050;Премиальное HD;94;Х/ф;Астрид, Рафаэлла и Александра Эль: Око за око;[18+]
191050;191230;Премиальное HD;94;Х/ф;Моё преступление;[18+]
191230;191405;Премиальное HD;94;Х/ф;Идеальный муж;[18+]
191405;191540;Премиальное HD;94;Х/ф;Лондонские каникулы;[18+]
191540;191710;Премиальное HD;94;Х/ф;Астрид, Рафаэлла и Александра Эль: Око за око;[18+]
191710;191850;Премиальное HD;94;Х/ф;Моё преступление;[18+]
191850;192025;Премиальное HD;94;Х/ф;Идеальный муж;[18+]
192025;192150;Премиальное HD;94;Х/ф;Гампи. Собачья жизнь;[12+]
192150;192335;Премиальное HD;94;Х/ф;Артур, ты король;[18+]
192335;200135;Премиальное HD;94;Х/ф;Мой Хатико;[18+]
200135;200300;Премиальное HD;94;Х/ф;Пушистая фортуна;[18+]
200300;200405;Премиальное HD;94;Т/с;Зомби-детектив 1 с.;[18+]
200405;200510;Премиальное HD;94;Т/с;Зомби-детектив 2 с.;[18+]
200510;200615;Премиальное HD;94;Т/с;Зомби-детектив 3 с.;[18+]
200615;200720;Премиальное HD;94;Т/с;Зомби-детектив 4 с.;[18+]
200720;200840;Премиальное HD;94;Х/ф;Гампи. Собачья жизнь;[12+]
200840;201020;Премиальное HD;94;Х/ф;Артур, ты король;[18+]
201020;201220;Премиальное HD;94;Х/ф;Мой Хатико;[18+]
201220;201345;Премиальное HD;94;Х/ф;Пушистая фортуна;[18+]
201345;201510;Премиальное HD;94;Х/ф;Гампи. Собачья жизнь;[12+]
201510;201650;Премиальное HD;94;Х/ф;Артур, ты король;[18+]
201650;201850;Премиальное HD;94;Х/ф;Мой Хатико;[18+]
201850;202015;Премиальное HD;94;Х/ф;Пушистая фортуна;[18+]
202015;202145;Премиальное HD;94;Х/ф;Расхитители гробниц. Страж императора;[18+]
202145;202355;Премиальное HD;94;Х/ф;Затерянный город Z;[18+]
202355;210135;Премиальное HD;94;Х/ф;Золото джунглей;[18+]
210135;210300;Премиальное HD;94;Х/ф;Побег из Африки;[18+]
210300;210400;Премиальное HD;94;Т/с;Зомби-детектив 5 с.;[18+]
210400;210505;Премиальное HD;94;Т/с;Зомби-детектив 6 с.;[18+]
210505;210610;Премиальное HD;94;Т/с;Зомби-детектив 7 с.;[18+]
210610;210720;Премиальное HD;94;Т/с;Зомби-детектив 8 с.;[18+]
210720;210920;Премиальное HD;94;Х/ф;Мой Хатико;[18+]
210920;211050;Премиальное HD;94;Х/ф;Расхитители гробниц. Страж императора;[18+]
211050;211300;Премиальное HD;94;Х/ф;Затерянный город Z;[18+]
211300;211440;Премиальное HD;94;Х/ф;Золото джунглей;[18+]
211440;211605;Премиальное HD;94;Х/ф;Побег из Африки;[18+]
211605;211735;Премиальное HD;94;Х/ф;Расхитители гробниц. Страж императора;[18+]
211735;211945;Премиальное HD;94;Х/ф;Затерянный город Z;[18+]
211945;212115;Премиальное HD;94;Х/ф;Дедушка под прикрытием;[18+]
212115;212300;Премиальное HD;94;Х/ф;Красотка на всю голову;[18+]
212300;220040;Премиальное HD;94;Х/ф;Маленькая Италия;[18+]
220040;220300;Премиальное HD;94;Х/ф;Треугольник печали;[18+]
220300;220405;Премиальное HD;94;Т/с;Зомби-детектив 9 с.;[18+]
220405;220515;Премиальное HD;94;Т/с;Зомби-детектив 10 с.;[18+]
220515;220620;Премиальное HD;94;Т/с;Зомби-детектив 11 с.;[18+]
220620;220730;Премиальное HD;94;Т/с;Зомби-детектив 12 с.;[18+]
220730;220915;Премиальное HD;94;Х/ф;Криминальная фишка от Генри;[18+]
220915;221035;Премиальное HD;94;М/ф;Большое путешествие;[12+]
221035;221200;Премиальное HD;94;М/ф;Большое путешествие. Вокруг света;[12+]
221200;221205;Премиальное HD;94;М/с;Смешарики 88 с.;[12+]
221205;221215;Премиальное HD;94;М/с;Смешарики 89 с.;[6+]
221215;221220;Премиальное HD;94;М/с;Смешарики 90 с.;[16+]
221220;221225;Премиальное HD;94;М/с;Смешарики 91 с.;[12+]
221225;221240;Премиальное HD;94;М/с;Смешарики 92 с.;[6+]
221240;221245;Премиальное HD;94;М/с;Смешарики 93 с.;[6+]
221245;221255;Премиальное HD;94;М/с;Смешарики 94 с.;[6+]
221255;221300;Премиальное HD;94;М/с;Смешарики 95 с.;[6+]
221300;221305;Премиальное HD;94;М/с;Смешарики 96 с.;[6+]
221305;221310;Премиальное HD;94;М/с;Смешарики 97 с.;[6+]
221310;221320;Премиальное HD;94;М/с;Смешарики 98 с.;[6+]
221320;221330;Премиальное HD;94;М/с;Смешарики 99 с.;[6+]
221330;221340;Премиальное HD;94;М/с;Смешарики 100 с.;[6+]
221340;221345;Премиальное HD;94;М/с;Смешарики 101 с.;[12+]
221345;221350;Премиальное HD;94;М/с;Смешарики 102 с.;[6+]
221350;221400;Премиальное HD;94;М/с;Смешарики 103 с.;[6+]
221400;221405;Премиальное HD;94;М/с;Смешарики 104 с.;[6+]
221405;221410;Премиальное HD;94;М/с;Смешарики 105 с.;[6+]
221410;221415;Премиальное HD;94;М/с;Смешарики 106 с.;[6+]
221415;221425;Премиальное HD;94;М/с;Смешарики 107 с.;[6+]
221425;221430;Премиальное HD;94;М/с;Смешарики 108 с.;[6+]
221430;221445;Премиальное HD;94;М/с;Смешарики 109 с.;[6+]
221445;221555;Премиальное HD;94;М/ф;Бемби;[12+]
221555;221715;Премиальное HD;94;М/ф;Золушка;[18+]
221715;221850;Премиальное HD;94;Х/ф;Джентльмены предпочитают блондинок;[18+]
221850;222025;Премиальное HD;94;Х/ф;Осторожно, двери закрываются!;[18+]
222025;222200;Премиальное HD;94;Х/ф;Лёгкое поведение;[18+]
222200;222345;Премиальное HD;94;Х/ф;Хоть раз в жизни;[18+]
222345;230120;Премиальное HD;94;Х/ф;Джентльмены предпочитают блондинок;[18+]
230120;230300;Премиальное HD;94;Х/ф;Осторожно, двери закрываются!;[18+]
230300;230430;Премиальное HD;94;Х/ф;Лёгкое поведение;[18+]
230430;230615;Премиальное HD;94;Х/ф;Хоть раз в жизни;[18+]
230615;230745;Премиальное HD;94;Х/ф;Джентльмены предпочитают блондинок;[18+]
230745;230940;Премиальное HD;94;Х/ф;Соблазнитель-2;[18+]
230940;231045;Премиальное HD;94;М/ф;Бемби;[12+]
231045;231200;Премиальное HD;94;М/ф;Золушка;[18+]
231200;231210;Премиальное HD;94;М/с;Смешарики 110 с.;[6+]
231210;231215;Премиальное HD;94;М/с;Смешарики 111 с.;[6+]
231215;231220;Премиальное HD;94;М/с;Смешарики 112 с.;[6+]
231220;231225;Премиальное HD;94;М/с;Смешарики 113 с.;[12+]
231225;231235;Премиальное HD;94;М/с;Смешарики 114 с.;[6+]
231235;231240;Премиальное HD;94;М/с;Смешарики 115 с.;[6+]
231240;231245;Премиальное HD;94;М/с;Смешарики 116 с.;[6+]
231245;231255;Премиальное HD;94;М/с;Смешарики 117 с.;[6+]
231255;231305;Премиальное HD;94;М/с;Смешарики 118 с.;[6+]
231305;231310;Премиальное HD;94;М/с;Смешарики 119 с.;[6+]
231310;231315;Премиальное HD;94;М/с;Смешарики 120 с.;[6+]
231315;231325;Премиальное HD;94;М/с;Смешарики 121 с.;[12+]
231325;231330;Премиальное HD;94;М/с;Смешарики 122 с.;[6+]
231330;231335;Премиальное HD;94;М/с;Смешарики 123 с.;[6+]
231335;231345;Премиальное HD;94;М/с;Смешарики 124 с.;[6+]
231345;231355;Премиальное HD;94;М/с;Смешарики 125 с.;[12+]
231355;231400;Премиальное HD;94;М/с;Смешарики 126 с.;[6+]
231400;231405;Премиальное HD;94;М/с;Смешарики 127 с.;[6+]
231405;231415;Премиальное HD;94;М/с;Смешарики 128 с.;[6+]
231415;231420;Премиальное HD;94;М/с;Смешарики 129 с.;[12+]
231420;231425;Премиальное HD;94;М/с;Смешарики 130 с.;[6+]
231425;231435;Премиальное HD;94;М/с;Смешарики 131 с.;[6+]
231435;231445;Премиальное HD;94;М/с;Смешарики 132 с.;[6+]
231445;231620;Премиальное HD;94;М/ф;Побег из космоса;[16+]
231620;231750;Премиальное HD;94;М/ф;Побег из страны роботов;[12+]
231750;231935;Премиальное HD;94;Х/ф;Охота на монстра-2;[18+]
231935;232055;Премиальное HD;94;Х/ф;Мы купили птицеферму;[16+]
232055;232215;Премиальное HD;94;Х/ф;Загадка волшебного острова;[12+]
232215;232355;Премиальное HD;94;Х/ф;Волшебное зеркало, или Двойные неприятности;[18+]
232355;240140;Премиальное HD;94;Х/ф;Охота на монстра-2;[18+]
240140;240300;Премиальное HD;94;Х/ф;Мы купили птицеферму;[16+]
240300;240425;Премиальное HD;94;Х/ф;Загадка волшебного острова;[12+]
171030;171115;Русский Детектив;49;Т/с;Улицы разбитых фонарей-12 18 с.;[16+]
171115;171205;Русский Детектив;49;Т/с;Улицы разбитых фонарей-12 19 с.;[16+]
171205;171255;Русский Детектив;49;Т/с;Улицы разбитых фонарей-12 20 с.;[16+]
171255;171610;Русский Детектив;49;Т/с;Каменская-4 3 с.;[16+]
171610;171745;Русский Детектив;49;Т/с;Каменская-5 1 с.;[16+]
171745;171920;Русский Детектив;49;Т/с;Каменская-5 2 с.;[16+]
171920;172015;Русский Детектив;49;Т/с;Улицы разбитых фонарей-13 34 с.;[16+]
172015;172105;Русский Детектив;49;Т/с;Улицы разбитых фонарей-13 35 с.;[16+]
172105;172155;Русский Детектив;49;Т/с;Улицы разбитых фонарей-13 36 с.;[16+]
172155;172250;Русский Детектив;49;Т/с;Улицы разбитых фонарей-13 37 с.;[16+]
172250;172345;Русский Детектив;49;Т/с;Улицы разбитых фонарей-13 38 с.;[16+]
172345;180030;Русский Детектив;49;Т/с;Улицы разбитых фонарей-13 39 с.;[16+]
180030;180125;Русский Детектив;49;Т/с;Улицы разбитых фонарей-13 40 с.;[16+]
180125;180220;Русский Детектив;49;Т/с;Улицы разбитых фонарей-14 1 с.;[16+]
180220;180305;Русский Детектив;49;Т/с;Улицы разбитых фонарей-14 2 с.;[16+]
180305;180400;Русский Детектив;49;Т/с;Улицы разбитых фонарей-14 3 с.;[16+]
180400;180455;Русский Детектив;49;Т/с;Агент национальной безопасности-5 5 с.;[16+]
180455;180540;Русский Детектив;49;Т/с;Агент национальной безопасности-5 6 с.;[16+]
180540;180630;Русский Детектив;49;Т/с;Агент национальной безопасности-5 7 с.;[16+]
180630;180720;Русский Детектив;49;Т/с;Агент национальной безопасности-5 8 с.;[16+]
180720;180810;Русский Детектив;49;Т/с;Агент национальной безопасности-5 9 с.;[16+]
180810;180850;Русский Детектив;49;Т/с;Агент национальной безопасности-5 10 с.;[16+]
180850;180940;Русский Детектив;49;Т/с;Агент национальной безопасности-5 11 с.;[16+]
180940;181020;Русский Детектив;49;Т/с;Агент национальной безопасности-5 12 с.;[16+]
181020;181105;Русский Детектив;49;Т/с;Улицы разбитых фонарей-12 21 с.;[16+]
181105;181200;Русский Детектив;49;Т/с;Улицы разбитых фонарей-12 22 с.;[16+]
181200;181250;Русский Детектив;49;Т/с;Улицы разбитых фонарей-12 23 с.;[16+]
181250;181340;Русский Детектив;49;Т/с;Кодекс чести-2 1 с.;[16+]
181340;181430;Русский Детектив;49;Т/с;Кодекс чести-2 2 с.;[16+]
181430;181520;Русский Детектив;49;Т/с;Кодекс чести-2 3 с.;[16+]
181520;181605;Русский Детектив;49;Т/с;Кодекс чести-2 4 с.;[16+]
181605;181655;Русский Детектив;49;Т/с;Кодекс чести-2 5 с.;[16+]
181655;181745;Русский Детектив;49;Т/с;Кодекс чести-2 6 с.;[16+]
181745;181830;Русский Детектив;49;Т/с;Кодекс чести-2 7 с.;[16+]
181830;181920;Русский Детектив;49;Т/с;Кодекс чести-2 8 с.;[16+]
181920;182015;Русский Детектив;49;Т/с;Улицы разбитых фонарей-14 4 с.;[16+]
182015;182105;Русский Детектив;49;Т/с;Улицы разбитых фонарей-14 5 с.;[16+]
182105;182155;Русский Детектив;49;Т/с;Улицы разбитых фонарей-14 6 с.;[16+]
182155;182250;Русский Детектив;49;Т/с;Улицы разбитых фонарей-14 7 с.;[16+]
182250;182345;Русский Детектив;49;Т/с;Улицы разбитых фонарей-14 8 с.;[16+]
182345;190030;Русский Детектив;49;Т/с;Улицы разбитых фонарей-14 9 с.;[16+]
190030;190125;Русский Детектив;49;Т/с;Улицы разбитых фонарей-14 10 с.;[16+]
190125;190220;Русский Детектив;49;Т/с;Улицы разбитых фонарей-14 11 с.;[16+]
190220;190305;Русский Детектив;49;Т/с;Улицы разбитых фонарей-14 12 с.;[16+]
190305;190400;Русский Детектив;49;Т/с;Улицы разбитых фонарей-14 13 с.;[16+]
190400;190710;Русский Детектив;49;Т/с;Гончие-3 3 с.;[16+]
190710;191010;Русский Детектив;49;Т/с;Гончие-4 1 с.;[16+]
191010;191055;Русский Детектив;49;Т/с;Улицы разбитых фонарей-12 24 с.;[16+]
191055;191150;Русский Детектив;49;Т/с;Улицы разбитых фонарей-12 25 с.;[16+]
191150;191240;Русский Детектив;49;Т/с;Улицы разбитых фонарей-12 26 с.;[16+]
191240;191330;Русский Детектив;49;Т/с;Улицы разбитых фонарей-12 27 с.;[16+]
191330;191940;Русский Детектив;49;Т/с;Последний мент;[16+]
191940;192030;Русский Детектив;49;Т/с;Улицы разбитых фонарей-14 14 с.;[16+]
192030;192120;Русский Детектив;49;Т/с;Улицы разбитых фонарей-14 15 с.;[16+]
192120;192210;Русский Детектив;49;Т/с;Улицы разбитых фонарей-14 16 с.;[16+]
192210;192300;Русский Детектив;49;Т/с;Улицы разбитых фонарей-14 17 с.;[16+]
192300;192350;Русский Детектив;49;Т/с;Улицы разбитых фонарей-14 18 с.;[16+]
192350;200030;Русский Детектив;49;Т/с;Улицы разбитых фонарей-14 19 с.;[16+]
200030;200125;Русский Детектив;49;Т/с;Улицы разбитых фонарей-14 20 с.;[16+]
200125;200220;Русский Детектив;49;Т/с;Улицы разбитых фонарей-14 21 с.;[16+]
200220;200305;Русский Детектив;49;Т/с;Улицы разбитых фонарей-14 22 с.;[16+]
200305;200400;Русский Детектив;49;Т/с;Улицы разбитых фонарей-14 23 с.;[16+]
200400;200710;Русский Детектив;49;Т/с;Мент в законе-9 10 с.;[16+]
200710;201010;Русский Детектив;49;Т/с;Мент в законе-9 11 с.;[16+]
201010;201055;Русский Детектив;49;Т/с;Улицы разбитых фонарей-12 28 с.;[16+]
201055;201140;Русский Детектив;49;Т/с;Улицы разбитых фонарей-12 29 с.;[16+]
201140;201925;Русский Детектив;49;Т/с;Мажор;[18+]
201925;202015;Русский Детектив;49;Т/с;Улицы разбитых фонарей-14 24 с.;[16+]
202015;202105;Русский Детектив;49;Т/с;Улицы разбитых фонарей-14 25 с.;[16+]
202105;202155;Русский Детектив;49;Т/с;Улицы разбитых фонарей-14 26 с.;[16+]
202155;202250;Русский Детектив;49;Т/с;Улицы разбитых фонарей-14 27 с.;[16+]
202250;202345;Русский Детектив;49;Т/с;Улицы разбитых фонарей-14 28 с.;[16+]
202345;210035;Русский Детектив;49;Т/с;Улицы разбитых фонарей-14 29 с.;[16+]
210035;210125;Русский Детектив;49;Т/с;Улицы разбитых фонарей-14 30 с.;[16+]
210125;210220;Русский Детектив;49;Т/с;Улицы разбитых фонарей-14 31 с.;[16+]
210220;210305;Русский Детектив;49;Т/с;Улицы разбитых фонарей-14 32 с.;[16+]
210305;210400;Русский Детектив;49;Т/с;Улицы разбитых фонарей-14 33 с.;[16+]
210400;210725;Русский Детектив;49;Т/с;Новая жизнь сыщика Гурова. Продолжение;[16+]
210725;211045;Русский Детектив;49;Т/с;Новая жизнь сыщика Гурова. Продолжение;[16+]
211045;211135;Русский Детектив;49;Т/с;Улицы разбитых фонарей-12 30 с.;[16+]
211135;211225;Русский Детектив;49;Т/с;Улицы разбитых фонарей-12 31 с.;[16+]
211225;211320;Русский Детектив;49;Т/с;Глухарь. Возвращение 1 с.;[16+]
211320;211415;Русский Детектив;49;Т/с;Глухарь. Возвращение 2 с.;[16+]
211415;211505;Русский Детектив;49;Т/с;Глухарь. Возвращение 3 с.;[16+]
211505;211555;Русский Детектив;49;Т/с;Глухарь. Возвращение 4 с.;[16+]
211555;211650;Русский Детектив;49;Т/с;Глухарь. Возвращение 5 с.;[16+]
211650;211745;Русский Детектив;49;Т/с;Глухарь. Возвращение 6 с.;[16+]
211745;211830;Русский Детектив;49;Т/с;Глухарь. Возвращение 7 с.;[16+]
211830;211925;Русский Детектив;49;Т/с;Глухарь. Возвращение 8 с.;[16+]
211925;212015;Русский Детектив;49;Т/с;Улицы разбитых фонарей-14 34 с.;[16+]
212015;212105;Русский Детектив;49;Т/с;Улицы разбитых фонарей-14 35 с.;[16+]
212105;212200;Русский Детектив;49;Т/с;Улицы разбитых фонарей-14 36 с.;[16+]
212200;212250;Русский Детектив;49;Т/с;Улицы разбитых фонарей-15 1 с.;[16+]
212250;212345;Русский Детектив;49;Т/с;Улицы разбитых фонарей-15 2 с.;[16+]
212345;220035;Русский Детектив;49;Т/с;Улицы разбитых фонарей-15 3 с.;[16+]
220035;220125;Русский Детектив;49;Т/с;Улицы разбитых фонарей-15 4 с.;[16+]
220125;220220;Русский Детектив;49;Т/с;Улицы разбитых фонарей-15 5 с.;[16+]
220220;220310;Русский Детектив;49;Т/с;Улицы разбитых фонарей-15 6 с.;[16+]
220310;220400;Русский Детектив;49;Т/с;Улицы разбитых фонарей-15 7 с.;[16+]
220400;220705;Русский Детектив;49;Т/с;Ментовские войны-10 3 с.;[16+]
220705;221005;Русский Детектив;49;Т/с;Ментовские войны-10 4 с.;[16+]
221005;221050;Русский Детектив;49;Т/с;Улицы разбитых фонарей-12 32 с.;[16+]
221050;221140;Русский Детектив;49;Т/с;Адвокат 8 с.;[16+]
221140;221225;Русский Детектив;49;Т/с;Адвокат 9 с.;[16+]
221225;221310;Русский Детектив;49;Т/с;Адвокат 10 с.;[16+]
221310;221400;Русский Детектив;49;Т/с;Адвокат 11 с.;[16+]
221400;221455;Русский Детектив;49;Т/с;Улицы разбитых фонарей-12 7 с.;[16+]
221455;221545;Русский Детектив;49;Т/с;Улицы разбитых фонарей-12 8 с.;[16+]
221545;221635;Русский Детектив;49;Т/с;Улицы разбитых фонарей-12 9 с.;[16+]
221635;221730;Русский Детектив;49;Т/с;Улицы разбитых фонарей-12 10 с.;[16+]
221730;221820;Русский Детектив;49;Т/с;Улицы разбитых фонарей-12 11 с.;[16+]
221820;221910;Русский Детектив;49;Т/с;Улицы разбитых фонарей-12 12 с.;[16+]
221910;222005;Русский Детектив;49;Т/с;Улицы разбитых фонарей-12 13 с.;[16+]
222005;222055;Русский Детектив;49;Т/с;Улицы разбитых фонарей-12 14 с.;[16+]
222055;222150;Русский Детектив;49;Т/с;Улицы разбитых фонарей-12 16 с.;[16+]
222150;222240;Русский Детектив;49;Т/с;Улицы разбитых фонарей-12 17 с.;[16+]
222240;222330;Русский Детектив;49;Т/с;Улицы разбитых фонарей-12 18 с.;[16+]
222330;230025;Русский Детектив;49;Т/с;Улицы разбитых фонарей-12 19 с.;[16+]
230025;230650;Русский Детектив;49;Т/с;Эксперт;[16+]
230650;230735;Русский Детектив;49;Т/с;Улицы разбитых фонарей-12 33 с.;[16+]
230735;230820;Русский Детектив;49;Т/с;Улицы разбитых фонарей-12 34 с.;[16+]
230820;230910;Русский Детектив;49;Т/с;Улицы разбитых фонарей-12 35 с.;[16+]
230910;231000;Русский Детектив;49;Т/с;Улицы разбитых фонарей-12 36 с.;[16+]
231000;231045;Русский Детектив;49;Т/с;Улицы разбитых фонарей-13 1 с.;[16+]
231045;231130;Русский Детектив;49;Т/с;Адвокат 14 с.;[16+]
231130;231225;Русский Детектив;49;Т/с;Адвокат 15 с.;[16+]
231225;231310;Русский Детектив;49;Т/с;Адвокат 16 с.;[16+]
231310;231400;Русский Детектив;49;Т/с;Адвокат 17 с.;[16+]
231400;231720;Русский Детектив;49;Т/с;Ментовские войны-7 4 с.;[16+]
231720;232040;Русский Детектив;49;Т/с;Ментовские войны-7 5 с.;[16+]
232040;232355;Русский Детектив;49;Т/с;Ментовские войны-7 6 с.;[16+]
232355;240620;Русский Детектив;49;Т/с;Эксперт;[16+]
240620;240710;Русский Детектив;49;Т/с;Улицы разбитых фонарей-13 2 с.;[16+]
240710;240800;Русский Детектив;49;Т/с;Улицы разбитых фонарей-13 3 с.;[16+]
240800;240850;Русский Детектив;49;Т/с;Улицы разбитых фонарей-13 4 с.;[16+]
240850;240940;Русский Детектив;49;Т/с;Улицы разбитых фонарей-13 5 с.;[16+]
240940;241030;Русский Детектив;49;Т/с;Улицы разбитых фонарей-13 6 с.;[16+]
170700;170740;Amedia Hit;78;Т/с;Остановись и гори 9 с.;[16+]
170740;170820;Amedia Hit;78;Т/с;Остановись и гори 10 с.;[16+]
170820;170845;Amedia Hit;78;Т/с;Нормальные люди 6 с.;[16+]
170845;170910;Amedia Hit;78;Т/с;Нормальные люди 7 с.;[16+]
170910;170935;Amedia Hit;78;Т/с;Нормальные люди 8 с.;[16+]
170935;170955;Amedia Hit;78;Т/с;Нормальные люди 9 с.;[16+]
170955;171020;Amedia Hit;78;Т/с;Нормальные люди 10 с.;[16+]
171020;171040;Amedia Hit;78;Т/с;Нормальные люди 11 с.;[16+]
171040;171105;Amedia Hit;78;Т/с;Нормальные люди 12 с.;[16+]
171105;171145;Amedia Hit;78;Д/с;Мечтатели: В поисках вдохновения 7 с.;[16+]
171145;171225;Amedia Hit;78;Т/с;Босх 6 с.;[16+]
171225;171300;Amedia Hit;78;Т/с;Босх 7 с.;[16+]
171300;171345;Amedia Hit;78;Т/с;Босх 8 с.;[16+]
171345;171430;Amedia Hit;78;Т/с;Ложа 49 9 с.;[16+]
171430;171515;Amedia Hit;78;Т/с;Ложа 49 10 с.;[16+]
171515;171610;Amedia Hit;78;Т/с;По долгу службы 2 с.;[16+]
171610;171705;Amedia Hit;78;Т/с;По долгу службы 3 с.;[16+]
171705;171745;Amedia Hit;78;Т/с;Сен-Пьер 3 с.;[16+]
171745;171830;Amedia Hit;78;Т/с;Сен-Пьер 4 с.;[16+]
171830;171920;Amedia Hit;78;Т/с;Человек, который упал на Землю 9 с.;[16+]
171920;172020;Amedia Hit;78;Т/с;Человек, который упал на Землю 10 с.;[16+]
172020;172105;Amedia Hit;78;Т/с;Маяк 23 1 с.;[16+]
172105;172150;Amedia Hit;78;Т/с;Маяк 23 2 с.;[16+]
172150;172245;Amedia Hit;78;Т/с;По долгу службы 4 с.;[16+]
172245;172340;Amedia Hit;78;Т/с;По долгу службы 5 с.;[16+]
172340;180020;Amedia Hit;78;Т/с;Сен-Пьер 4 с.;[16+]
180020;180100;Amedia Hit;78;Т/с;Сен-Пьер 5 с.;[16+]
180100;180155;Amedia Hit;78;Т/с;Дерзость 1 с.;[16+]
180155;180250;Amedia Hit;78;Т/с;Дерзость 2 с.;[16+]
180250;180340;Amedia Hit;78;Т/с;Маяк 23 1 с.;[16+]
180340;180425;Amedia Hit;78;Т/с;Маяк 23 2 с.;[16+]
180425;180505;Amedia Hit;78;Т/с;Босх 6 с.;[16+]
180505;180545;Amedia Hit;78;Т/с;Босх 7 с.;[16+]
180545;180630;Amedia Hit;78;Т/с;Босх 8 с.;[16+]
180630;180725;Amedia Hit;78;Т/с;По долгу службы 4 с.;[16+]
180725;180820;Amedia Hit;78;Т/с;По долгу службы 5 с.;[16+]
180820;180915;Amedia Hit;78;Т/с;Дерзость 1 с.;[16+]
180915;181010;Amedia Hit;78;Т/с;Дерзость 2 с.;[16+]
181010;181050;Amedia Hit;78;Т/с;Сен-Пьер 4 с.;[16+]
181050;181130;Amedia Hit;78;Т/с;Сен-Пьер 5 с.;[16+]
181130;181140;Amedia Hit;78;Х/ф;Лучшие итальянские короткометражки 4: Истории нашей жизни;[16+]
181140;181225;Amedia Hit;78;Т/с;Босх 1 с.;[16+]
181225;181305;Amedia Hit;78;Т/с;Босх 2 с.;[16+]
181305;181345;Amedia Hit;78;Т/с;Босх 3 с.;[16+]
181345;181430;Amedia Hit;78;Т/с;Маяк 23 1 с.;[16+]
181430;181515;Amedia Hit;78;Т/с;Маяк 23 2 с.;[16+]
181515;181610;Amedia Hit;78;Т/с;По долгу службы 4 с.;[16+]
181610;181710;Amedia Hit;78;Т/с;По долгу службы 5 с.;[16+]
181710;181730;Amedia Hit;78;Т/с;Italian Best Shorts 7: Быть женщиной 1 с.;[16+]
181730;181815;Amedia Hit;78;Т/с;Сен-Пьер 4 с.;[16+]
181815;181850;Amedia Hit;78;Т/с;Сен-Пьер 5 с.;[16+]
181850;181950;Amedia Hit;78;Т/с;Дерзость 1 с.;[16+]
181950;182040;Amedia Hit;78;Т/с;Дерзость 2 с.;[16+]
182040;182125;Amedia Hit;78;Т/с;Маяк 23 3 с.;[16+]
182125;182210;Amedia Hit;78;Т/с;Маяк 23 4 с.;[16+]
182210;182335;Amedia Hit;78;Т/с;По долгу службы 6 с.;[16+]
182335;190015;Amedia Hit;78;Т/с;Сен-Пьер 6 с.;[16+]
190015;190100;Amedia Hit;78;Т/с;Сен-Пьер 7 с.;[16+]
190100;190155;Amedia Hit;78;Т/с;Дерзость 3 с.;[16+]
190155;190245;Amedia Hit;78;Т/с;Дерзость 4 с.;[16+]
190245;190325;Amedia Hit;78;Т/с;Маяк 23 3 с.;[16+]
190325;190410;Amedia Hit;78;Т/с;Маяк 23 4 с.;[16+]
190410;190455;Amedia Hit;78;Т/с;Босх 1 с.;[16+]
190455;190535;Amedia Hit;78;Т/с;Босх 2 с.;[16+]
190535;190615;Amedia Hit;78;Т/с;Босх 3 с.;[16+]
190615;190740;Amedia Hit;78;Т/с;По долгу службы 6 с.;[16+]
190740;190750;Amedia Hit;78;Х/ф;"Альманах "Жизнь как чудо" 6 с.;[16+]
190750;190840;Amedia Hit;78;Т/с;Дерзость 3 с.;[16+]
190840;190930;Amedia Hit;78;Т/с;Дерзость 4 с.;[16+]
190930;191015;Amedia Hit;78;Д/с;Мечтатели: В поисках вдохновения 5 с.;[16+]
191015;191055;Amedia Hit;78;Т/с;Сен-Пьер 6 с.;[16+]
191055;191140;Amedia Hit;78;Т/с;Сен-Пьер 7 с.;[16+]
191140;191225;Amedia Hit;78;Т/с;Босх 4 с.;[16+]
191225;191300;Amedia Hit;78;Т/с;Босх 5 с.;[16+]
191300;191340;Amedia Hit;78;Т/с;Босх 6 с.;[16+]
191340;191425;Amedia Hit;78;Т/с;Маяк 23 3 с.;[16+]
191425;191510;Amedia Hit;78;Т/с;Маяк 23 4 с.;[16+]
191510;191520;Amedia Hit;78;Х/ф;"Альманах "Жизнь как чудо" 6 с.;[16+]
191520;191645;Amedia Hit;78;Т/с;По долгу службы 6 с.;[16+]
191645;191730;Amedia Hit;78;Д/с;Мечтатели: В поисках вдохновения 5 с.;[16+]
191730;191810;Amedia Hit;78;Т/с;Сен-Пьер 6 с.;[16+]
191810;191850;Amedia Hit;78;Т/с;Сен-Пьер 7 с.;[16+]
191850;191945;Amedia Hit;78;Т/с;Дерзость 3 с.;[16+]
191945;192035;Amedia Hit;78;Т/с;Дерзость 4 с.;[16+]
192035;192120;Amedia Hit;78;Т/с;Маяк 23 5 с.;[16+]
192120;192200;Amedia Hit;78;Т/с;Маяк 23 6 с.;[16+]
192200;192255;Amedia Hit;78;Т/с;Грабь награбленное 1 с.;[16+]
192255;192335;Amedia Hit;78;Т/с;Грабь награбленное 2 с.;[16+]
192335;200015;Amedia Hit;78;Т/с;Сен-Пьер 8 с.;[16+]
200015;200100;Amedia Hit;78;Т/с;Сен-Пьер 9 с.;[16+]
200100;200150;Amedia Hit;78;Т/с;Дерзость 4 с.;[16+]
200150;200240;Amedia Hit;78;Т/с;Дерзость 5 с.;[16+]
200240;200325;Amedia Hit;78;Т/с;Маяк 23 5 с.;[16+]
200325;200410;Amedia Hit;78;Т/с;Маяк 23 6 с.;[16+]
200410;200455;Amedia Hit;78;Т/с;Босх 4 с.;[16+]
200455;200530;Amedia Hit;78;Т/с;Босх 5 с.;[16+]
200530;200610;Amedia Hit;78;Т/с;Босх 6 с.;[16+]
200610;200710;Amedia Hit;78;Т/с;Грабь награбленное 1 с.;[16+]
200710;200750;Amedia Hit;78;Т/с;Грабь награбленное 2 с.;[16+]
200750;200840;Amedia Hit;78;Т/с;Дерзость 4 с.;[16+]
200840;200930;Amedia Hit;78;Т/с;Дерзость 5 с.;[16+]
200930;201015;Amedia Hit;78;Д/с;Мечтатели: В поисках вдохновения 6 с.;[16+]
201015;201055;Amedia Hit;78;Т/с;Сен-Пьер 8 с.;[16+]
201055;201140;Amedia Hit;78;Т/с;Сен-Пьер 9 с.;[16+]
201140;201225;Amedia Hit;78;Т/с;Босх 7 с.;[16+]
201225;201305;Amedia Hit;78;Т/с;Босх 8 с.;[16+]
201305;201345;Amedia Hit;78;Т/с;Босх 9 с.;[16+]
201345;201425;Amedia Hit;78;Т/с;Маяк 23 5 с.;[16+]
201425;201510;Amedia Hit;78;Т/с;Маяк 23 6 с.;[16+]
201510;201605;Amedia Hit;78;Т/с;Грабь награбленное 1 с.;[16+]
201605;201645;Amedia Hit;78;Т/с;Грабь награбленное 2 с.;[16+]
201645;201730;Amedia Hit;78;Д/с;Мечтатели: В поисках вдохновения 6 с.;[16+]
201730;201810;Amedia Hit;78;Т/с;Сен-Пьер 8 с.;[16+]
201810;201850;Amedia Hit;78;Т/с;Сен-Пьер 9 с.;[16+]
201850;201940;Amedia Hit;78;Т/с;Дерзость 4 с.;[16+]
201940;202035;Amedia Hit;78;Т/с;Дерзость 5 с.;[16+]
202035;202120;Amedia Hit;78;Т/с;Маяк 23 7 с.;[16+]
202120;202205;Amedia Hit;78;Т/с;Маяк 23 8 с.;[16+]
202205;202210;Amedia Hit;78;Т/с;Italian Best Shorts 7: Быть женщиной 5 с.;[16+]
202210;202250;Amedia Hit;78;Т/с;Грабь награбленное 3 с.;[16+]
202250;202335;Amedia Hit;78;Т/с;Грабь награбленное 4 с.;[16+]
202335;210015;Amedia Hit;78;Т/с;Сен-Пьер 10 с.;[16+]
210015;210100;Amedia Hit;78;Т/с;Сен-Пьер 1 с.;[16+]
210100;210155;Amedia Hit;78;Т/с;Дерзость 6 с.;[16+]
210155;210245;Amedia Hit;78;Т/с;Дерзость 7 с.;[16+]
210245;210330;Amedia Hit;78;Т/с;Маяк 23 7 с.;[16+]
210330;210410;Amedia Hit;78;Т/с;Маяк 23 8 с.;[16+]
210410;210455;Amedia Hit;78;Т/с;Босх 7 с.;[16+]
210455;210535;Amedia Hit;78;Т/с;Босх 8 с.;[16+]
210535;210615;Amedia Hit;78;Т/с;Босх 9 с.;[16+]
210615;210700;Amedia Hit;78;Т/с;Грабь награбленное 3 с.;[16+]
210700;210740;Amedia Hit;78;Т/с;Грабь награбленное 4 с.;[16+]
210740;210750;Amedia Hit;78;Т/с;Italian Best Shorts 7: Быть женщиной 5 с.;[16+]
210750;210845;Amedia Hit;78;Т/с;Дерзость 6 с.;[16+]
210845;210930;Amedia Hit;78;Т/с;Дерзость 7 с.;[16+]
210930;211015;Amedia Hit;78;Д/с;Мечтатели: В поисках вдохновения 8 с.;[16+]
211015;211055;Amedia Hit;78;Т/с;Сен-Пьер 10 с.;[16+]
211055;211140;Amedia Hit;78;Т/с;Сен-Пьер 1 с.;[16+]
211140;211225;Amedia Hit;78;Т/с;Босх 10 с.;[16+]
211225;211305;Amedia Hit;78;Т/с;Босх 1 с.;[16+]
211305;211345;Amedia Hit;78;Т/с;Босх 2 с.;[16+]
211345;211430;Amedia Hit;78;Т/с;Маяк 23 7 с.;[16+]
211430;211515;Amedia Hit;78;Т/с;Маяк 23 8 с.;[16+]
211515;211555;Amedia Hit;78;Т/с;Грабь награбленное 3 с.;[16+]
211555;211635;Amedia Hit;78;Т/с;Грабь награбленное 4 с.;[16+]
211635;211645;Amedia Hit;78;Х/ф;"Альманах "Жизнь как чудо" 2 с.;[16+]
211645;211730;Amedia Hit;78;Д/с;Мечтатели: В поисках вдохновения 8 с.;[16+]
211730;211810;Amedia Hit;78;Т/с;Сен-Пьер 10 с.;[16+]
211810;211850;Amedia Hit;78;Т/с;Сен-Пьер 1 с.;[16+]
211850;211945;Amedia Hit;78;Т/с;Дерзость 6 с.;[16+]
211945;212035;Amedia Hit;78;Т/с;Дерзость 7 с.;[16+]
212035;212120;Amedia Hit;78;Т/с;Маяк 23 1 с.;[16+]
212120;212210;Amedia Hit;78;Т/с;Маяк 23 2 с.;[16+]
212210;212250;Amedia Hit;78;Т/с;Грабь награбленное 5 с.;[16+]
212250;212335;Amedia Hit;78;Т/с;Грабь награбленное 6 с.;[16+]
212335;220015;Amedia Hit;78;Т/с;Сен-Пьер 2 с.;[16+]
220015;220100;Amedia Hit;78;Т/с;Сен-Пьер 3 с.;[16+]
220100;220150;Amedia Hit;78;Т/с;Дерзость 7 с.;[16+]
220150;220250;Amedia Hit;78;Т/с;Дерзость 8 с.;[16+]
220250;220335;Amedia Hit;78;Т/с;Маяк 23 1 с.;[16+]
220335;220420;Amedia Hit;78;Т/с;Маяк 23 2 с.;[16+]
220420;220505;Amedia Hit;78;Т/с;Босх 10 с.;[16+]
220505;220545;Amedia Hit;78;Т/с;Босх 1 с.;[16+]
220545;220625;Amedia Hit;78;Т/с;Босх 2 с.;[16+]
220625;220710;Amedia Hit;78;Т/с;Грабь награбленное 5 с.;[16+]
220710;220750;Amedia Hit;78;Т/с;Грабь награбленное 6 с.;[16+]
220750;220840;Amedia Hit;78;Т/с;Дерзость 7 с.;[16+]
220840;220940;Amedia Hit;78;Т/с;Дерзость 8 с.;[16+]
220940;221020;Amedia Hit;78;Т/с;Сен-Пьер 2 с.;[16+]
221020;221115;Amedia Hit;78;Т/с;Сен-Пьер 3 с.;[16+]
221115;221200;Amedia Hit;78;Т/с;Шершни 1 с.;[16+]
221200;221250;Amedia Hit;78;Т/с;Шершни 2 с.;[16+]
221250;221340;Amedia Hit;78;Т/с;Шершни 3 с.;[16+]
221340;221435;Amedia Hit;78;Т/с;Шершни 4 с.;[16+]
221435;221520;Amedia Hit;78;Т/с;Шершни 5 с.;[16+]
221520;221530;Amedia Hit;78;Х/ф;"Альманах "Жизнь как чудо" 4 с.;[16+]
221530;221615;Amedia Hit;78;Д/с;Ложь, обман и предательство 3 с.;[16+]
221615;221700;Amedia Hit;78;Д/с;Ложь, обман и предательство 4 с.;[16+]
221700;221740;Amedia Hit;78;Т/с;Остановись и гори 1 с.;[16+]
221740;221820;Amedia Hit;78;Т/с;Остановись и гори 2 с.;[16+]
221820;221905;Amedia Hit;78;Т/с;Остановись и гори 3 с.;[16+]
221905;221945;Amedia Hit;78;Т/с;Остановись и гори 4 с.;[16+]
221945;222025;Amedia Hit;78;Т/с;Остановись и гори 5 с.;[16+]
222025;222110;Amedia Hit;78;Т/с;Шершни 1 с.;[16+]
222110;222200;Amedia Hit;78;Т/с;Шершни 2 с.;[16+]
222200;222250;Amedia Hit;78;Т/с;Шершни 3 с.;[16+]
222250;222345;Amedia Hit;78;Т/с;Шершни 4 с.;[16+]
222345;230030;Amedia Hit;78;Т/с;Шершни 5 с.;[16+]
230030;230115;Amedia Hit;78;Т/с;Заклятые подруги 1 с.;[16+]
230115;230200;Amedia Hit;78;Т/с;Заклятые подруги 2 с.;[16+]
230200;230240;Amedia Hit;78;Т/с;Заклятые подруги 3 с.;[16+]
230240;230325;Amedia Hit;78;Д/с;Ложь, обман и предательство 3 с.;[16+]
230325;230410;Amedia Hit;78;Д/с;Ложь, обман и предательство 4 с.;[16+]
230410;230450;Amedia Hit;78;Т/с;Остановись и гори 1 с.;[16+]
230450;230530;Amedia Hit;78;Т/с;Остановись и гори 2 с.;[16+]
230530;230615;Amedia Hit;78;Т/с;Остановись и гори 3 с.;[16+]
230615;230655;Amedia Hit;78;Т/с;Остановись и гори 4 с.;[16+]
230655;230735;Amedia Hit;78;Т/с;Остановись и гори 5 с.;[16+]
230735;230820;Amedia Hit;78;Т/с;Заклятые подруги 1 с.;[16+]
230820;230900;Amedia Hit;78;Т/с;Заклятые подруги 2 с.;[16+]
230900;230945;Amedia Hit;78;Т/с;Заклятые подруги 3 с.;[16+]
230945;231030;Amedia Hit;78;Д/с;Ложь, обман и предательство 3 с.;[16+]
231030;231115;Amedia Hit;78;Д/с;Ложь, обман и предательство 4 с.;[16+]
231115;231200;Amedia Hit;78;Т/с;Шершни 6 с.;[16+]
231200;231250;Amedia Hit;78;Т/с;Шершни 7 с.;[16+]
231250;231340;Amedia Hit;78;Т/с;Шершни 8 с.;[16+]
231340;231425;Amedia Hit;78;Т/с;Шершни 9 с.;[16+]
231425;231515;Amedia Hit;78;Т/с;Шершни 10 с.;[16+]
231515;231530;Amedia Hit;78;Х/ф;"Альманах "Жизнь как чудо" 3 с.;[16+]
231530;231615;Amedia Hit;78;Д/с;Ложь, обман и предательство 5 с.;[16+]
231615;231700;Amedia Hit;78;Д/с;Ложь, обман и предательство 6 с.;[16+]
231700;231740;Amedia Hit;78;Т/с;Остановись и гори 6 с.;[16+]
231740;231820;Amedia Hit;78;Т/с;Остановись и гори 7 с.;[16+]
231820;231900;Amedia Hit;78;Т/с;Остановись и гори 8 с.;[16+]
231900;231940;Amedia Hit;78;Т/с;Остановись и гори 9 с.;[16+]
231940;232025;Amedia Hit;78;Т/с;Остановись и гори 10 с.;[16+]
232025;232110;Amedia Hit;78;Т/с;Шершни 6 с.;[16+]
232110;232200;Amedia Hit;78;Т/с;Шершни 7 с.;[16+]
232200;232255;Amedia Hit;78;Т/с;Шершни 8 с.;[16+]
232255;232340;Amedia Hit;78;Т/с;Шершни 9 с.;[16+]
232340;240030;Amedia Hit;78;Т/с;Шершни 10 с.;[16+]
240030;240115;Amedia Hit;78;Т/с;Заклятые подруги 4 с.;[16+]
240115;240155;Amedia Hit;78;Т/с;Заклятые подруги 5 с.;[16+]
240155;240240;Amedia Hit;78;Т/с;Заклятые подруги 6 с.;[16+]
240240;240325;Amedia Hit;78;Д/с;Ложь, обман и предательство 5 с.;[16+]
240325;240410;Amedia Hit;78;Д/с;Ложь, обман и предательство 6 с.;[16+]
240410;240450;Amedia Hit;78;Т/с;Остановись и гори 6 с.;[16+]
240450;240530;Amedia Hit;78;Т/с;Остановись и гори 7 с.;[16+]
240530;240610;Amedia Hit;78;Т/с;Остановись и гори 8 с.;[16+]
240610;240650;Amedia Hit;78;Т/с;Остановись и гори 9 с.;[16+]
240650;240700;Amedia Hit;78;Т/с;Остановись и гори 10 с.;[16+]
171000;171045;Техно 24;110;Д/с;Рейтинг Тимофея Баженова. Дикарь;[16+]
171045;171220;Техно 24;110;Х/ф;Ловкие руки;[18+]
171220;171405;Техно 24;110;Х/ф;Спартанец;[16+]
171405;171620;Техно 24;110;Х/ф;Бой с тенью;[16+]
171620;171645;Техно 24;110;;Столярка;[12+]
171645;171710;Техно 24;110;Д/с;Несокрушимые;[12+]
171710;171735;Техно 24;110;Д/с;Несокрушимые;[12+]
171735;171800;Техно 24;110;Д/с;Несокрушимые;[12+]
171800;171845;Техно 24;110;Д/с;Рейтинг Тимофея Баженова. Дикарь;[16+]
171845;172025;Техно 24;110;Х/ф;Расправа;[16+]
172025;172145;Техно 24;110;Х/ф;13-й район;[18+]
172145;172245;Техно 24;110;Д/с;За пределами Земли;[12+]
172245;172330;Техно 24;110;;Уровень;[12+]
172330;180055;Техно 24;110;Х/ф;Ограбление: Код 211;[16+]
180055;180235;Техно 24;110;Х/ф;Патруль времени;[16+]
180235;180420;Техно 24;110;Х/ф;Самоволка;[16+]
180420;180605;Техно 24;110;Х/ф;Малышка на драйве;[18+]
180605;180745;Техно 24;110;Х/ф;Ларго Винч;[16+]
180745;180935;Техно 24;110;Х/ф;Ларго Винч: Заговор в Бирме;[16+]
180935;181000;Техно 24;110;Д/с;Несокрушимые;[12+]
181000;181025;Техно 24;110;Д/с;Несокрушимые;[12+]
181025;181205;Техно 24;110;Х/ф;Кодекс вора;[18+]
181205;181335;Техно 24;110;Х/ф;Ниндзя;[16+]
181335;181550;Техно 24;110;Х/ф;Бой с тенью-2: Реванш;[16+]
181550;181650;Техно 24;110;Д/с;За пределами Земли;[12+]
181650;181740;Техно 24;110;;Уровень;[12+]
181740;181830;Техно 24;110;Д/с;Рейтинг Тимофея Баженова. Дикарь;[16+]
181830;182015;Техно 24;110;Х/ф;Спартанец;[16+]
182015;182145;Техно 24;110;Х/ф;13-й район: Ультиматум;[18+]
182145;182245;Техно 24;110;Д/с;За пределами Земли;[12+]
182245;182330;Техно 24;110;;Уровень;[12+]
182330;190110;Техно 24;110;Х/ф;Посылка;[16+]
190110;190255;Техно 24;110;Х/ф;Ущерб;[16+]
190255;190440;Техно 24;110;Х/ф;Перевозчик-3;[18+]
190440;190605;Техно 24;110;Х/ф;Перевозчик: Наследие;[16+]
190605;190800;Техно 24;110;Х/ф;На гребне волны;[16+]
190800;190940;Техно 24;110;Х/ф;Охотники за разумом;[16+]
190940;191000;Техно 24;110;Д/с;Несокрушимые;[12+]
191000;191045;Техно 24;110;Д/с;Рейтинг Тимофея Баженова. Дикарь;[16+]
191045;191225;Техно 24;110;Х/ф;Охотники за головами;[18+]
191225;191405;Техно 24;110;Х/ф;Сила стихии;[16+]
191405;191615;Техно 24;110;Х/ф;Бой с тенью-3: Последний раунд;[16+]
191615;191710;Техно 24;110;Д/с;За пределами Земли;[12+]
191710;191800;Техно 24;110;;Уровень;[12+]
191800;191850;Техно 24;110;Д/с;Рейтинг Тимофея Баженова. Дикарь;[16+]
191850;192020;Техно 24;110;Х/ф;Тайна ордена;[16+]
192020;192150;Техно 24;110;Х/ф;Ниндзя;[16+]
192150;192245;Техно 24;110;Д/с;За пределами Земли;[12+]
192245;192330;Техно 24;110;;Уровень;[12+]
192330;200100;Техно 24;110;Х/ф;Экстремалы;[16+]
200100;200300;Техно 24;110;Х/ф;Паркер;[16+]
200300;200445;Техно 24;110;Х/ф;Право на убийство;[18+]
200445;200630;Техно 24;110;Х/ф;Признайте меня виновным;[18+]
200630;200825;Техно 24;110;Х/ф;Самый быстрый Indian;[16+]
200825;201000;Техно 24;110;Х/ф;Рыцари неба;[16+]
201000;201020;Техно 24;110;Д/с;Несокрушимые;[12+]
201020;201045;Техно 24;110;Д/с;Несокрушимые;[12+]
201045;201110;Техно 24;110;Д/с;Несокрушимые;[12+]
201110;201245;Техно 24;110;Х/ф;Рэмбо: Первая кровь;[16+]
201245;201420;Техно 24;110;Х/ф;Рэмбо: Первая кровь-2;[16+]
201420;201600;Техно 24;110;Х/ф;Рэмбо-3;[16+]
201600;201655;Техно 24;110;Д/с;За пределами Земли;[12+]
201655;201745;Техно 24;110;;Уровень;[12+]
201745;201835;Техно 24;110;Д/с;Рейтинг Тимофея Баженова. Дикарь;[16+]
201835;202010;Техно 24;110;Х/ф;Наследие;[16+]
202010;202145;Техно 24;110;Х/ф;Сила стихии;[16+]
202145;202245;Техно 24;110;Д/с;За пределами Земли;[12+]
202245;202330;Техно 24;110;;Уровень;[12+]
202330;210245;Техно 24;110;Х/ф;Великое ограбление поезда;[16+]
210245;210440;Техно 24;110;Х/ф;Беги без оглядки;[18+]
210440;210610;Техно 24;110;Х/ф;Белый слон;[16+]
210610;210740;Техно 24;110;Х/ф;Легионер;[16+]
210740;210915;Техно 24;110;Х/ф;Самоволка;[16+]
210915;211000;Техно 24;110;;Уровень;[12+]
211000;211045;Техно 24;110;;Уровень;[12+]
211045;211245;Техно 24;110;Х/ф;Бандит;[18+]
211245;211415;Техно 24;110;Х/ф;Ограбление: Код 211;[16+]
211415;211550;Техно 24;110;Х/ф;Перевозчик: Наследие;[16+]
211550;211645;Техно 24;110;Д/с;За пределами Земли;[12+]
211645;211735;Техно 24;110;;Уровень;[12+]
211735;211805;Техно 24;110;Д/с;Рейтинг Тимофея Баженова. Могло быть ещё хуже;[16+]
211805;211835;Техно 24;110;Д/с;Рейтинг Тимофея Баженова. Могло быть ещё хуже;[16+]
211835;212010;Техно 24;110;Х/ф;Рэмбо: Первая кровь;[16+]
212010;212145;Техно 24;110;Х/ф;Рэмбо: Первая кровь-2;[16+]
212145;212245;Техно 24;110;Д/с;За пределами Земли;[12+]
212245;212330;Техно 24;110;;Уровень;[12+]
212330;220130;Техно 24;110;Х/ф;Джон Уик-2;[18+]
220130;220420;Техно 24;110;Х/ф;Джон Уик-4;[18+]
220420;220600;Техно 24;110;Х/ф;Репликант;[16+]
220600;220735;Техно 24;110;Х/ф;Чёрная смерть;[18+]
220735;220905;Техно 24;110;Х/ф;Расправа;[16+]
220905;221000;Техно 24;110;Д/с;За пределами Земли;[12+]
221000;221145;Техно 24;110;Х/ф;Ип Ман;[16+]
221145;221335;Техно 24;110;Х/ф;Ип Ман-2;[16+]
221335;221650;Техно 24;110;Х/ф;Великое ограбление поезда;[16+]
221650;221735;Техно 24;110;Х/ф;Звездочёт 1 с.;[16+]
221735;221820;Техно 24;110;Х/ф;Звездочёт 2 с.;[16+]
221820;221910;Техно 24;110;Х/ф;Звездочёт 3 с.;[16+]
221910;221955;Техно 24;110;Х/ф;Звездочёт 4 с.;[16+]
221955;222045;Техно 24;110;Х/ф;Звездочёт 5 с.;[16+]
222045;222130;Техно 24;110;Х/ф;Звездочёт 6 с.;[16+]
222130;222330;Техно 24;110;Х/ф;Бандит;[18+]
222330;230115;Техно 24;110;Х/ф;Нечто;[18+]
230115;230315;Техно 24;110;Х/ф;Риддик;[18+]
230315;230435;Техно 24;110;Х/ф;13-й район;[18+]
230435;230605;Техно 24;110;Х/ф;13-й район: Ультиматум;[18+]
230605;230730;Техно 24;110;Х/ф;Охранник;[18+]
230730;230850;Техно 24;110;Х/ф;Ограбление: Код 211;[16+]
230850;230915;Техно 24;110;;Столярка;[12+]
230915;231000;Техно 24;110;;Уровень;[12+]
231000;231050;Техно 24;110;;Уровень;[12+]
231050;231240;Техно 24;110;Х/ф;Мачете;[18+]
231240;231425;Техно 24;110;Х/ф;Мачете убивает;[18+]
231425;231650;Техно 24;110;Х/ф;Ангел-хранитель;[16+]
231650;231740;Техно 24;110;Х/ф;Звездочёт 7 с.;[16+]
231740;231825;Техно 24;110;Х/ф;Звездочёт 8 с.;[16+]
231825;231915;Техно 24;110;Х/ф;Звездочёт 9 с.;[16+]
231915;232000;Техно 24;110;Х/ф;Звездочёт;[16+]
232000;232045;Техно 24;110;Х/ф;Звездочёт;[16+]
232045;232135;Техно 24;110;Х/ф;Звездочёт;[16+]
232135;232330;Техно 24;110;Х/ф;Оружейный барон;[16+]
232330;240125;Техно 24;110;Х/ф;Вспомнить всё;[16+]
240125;240255;Техно 24;110;Х/ф;Васаби;[18+]
240255;240450;Техно 24;110;Х/ф;Эйр Америка;[16+]
240450;240630;Техно 24;110;Х/ф;Ущерб;[16+]
240630;240810;Техно 24;110;Х/ф;Ограбление на Бейкер-Стрит;[16+]
240810;241000;Техно 24;110;Х/ф;Паркер;[16+]
170945;171010;Дом Кино Премиум;75;М/с;Оранжевая корова;[6+]
171010;171155;Дом Кино Премиум;75;Х/ф;Пассажирка;[16+]
171155;171325;Дом Кино Премиум;75;Х/ф;Вне зоны доступа;[16+]
171325;171500;Дом Кино Премиум;75;Х/ф;Дети-шпионы;[16+]
171500;171630;Дом Кино Премиум;75;Х/ф;Трудности выживания;[16+]
171630;171805;Дом Кино Премиум;75;Х/ф;Культурная комедия;[16+]
171805;171950;Дом Кино Премиум;75;Х/ф;Пара из будущего;[16+]
171950;172120;Дом Кино Премиум;75;Х/ф;Новогодний шеф;[16+]
172120;172300;Дом Кино Премиум;75;Х/ф;Честный развод;[16+]
172300;180025;Дом Кино Премиум;75;Х/ф;Новогодний переполох;[16+]
180025;180200;Дом Кино Премиум;75;Х/ф;Коля, домой!;[16+]
180200;180430;Дом Кино Премиум;75;Х/ф;Тренер;[16+]
180430;180550;Дом Кино Премиум;75;Х/ф;Брат во всём;[16+]
180550;180745;Дом Кино Премиум;75;Х/ф;Бой с тенью-3: Последний раунд;[16+]
180745;180905;Дом Кино Премиум;75;Х/ф;Умная Маша;[16+]
180905;181015;Дом Кино Премиум;75;Х/ф;Битва пап;[16+]
181015;181150;Дом Кино Премиум;75;Х/ф;Волшебники;[12+]
181150;181335;Дом Кино Премиум;75;Х/ф;Частное пионерское;[16+]
181335;181505;Дом Кино Премиум;75;Х/ф;Всё хорошо;[16+]
181505;181655;Дом Кино Премиум;75;Х/ф;Премьера. "Ритмы мечты";[16+]
181655;181830;Дом Кино Премиум;75;Х/ф;Маленький воин;[16+]
181830;182000;Дом Кино Премиум;75;Х/ф;На крючке!;[16+]
182000;182140;Дом Кино Премиум;75;Х/ф;Ну, здравствуй, Оксана Соколова!;[16+]
182140;182315;Дом Кино Премиум;75;Х/ф;Папаша в бегах;[16+]
182315;190025;Дом Кино Премиум;75;Х/ф;Ёлки;[16+]
190025;190200;Дом Кино Премиум;75;Х/ф;На солнце, вдоль рядов кукурузы;[16+]
190200;190400;Дом Кино Премиум;75;Х/ф;Лев Яшин. Вратарь моей мечты;[16+]
190400;190605;Дом Кино Премиум;75;Х/ф;Командир;[16+]
190605;190740;Дом Кино Премиум;75;Х/ф;Человек ниоткуда;[16+]
190740;190935;Дом Кино Премиум;75;Х/ф;Чудо;[16+]
190935;191050;Дом Кино Премиум;75;Х/ф;Не одна дома;[16+]
191050;191205;Дом Кино Премиум;75;Х/ф;Моё собачье дело;[12+]
191205;191400;Дом Кино Премиум;75;Х/ф;Космическая собака Лида;[16+]
191400;191545;Дом Кино Премиум;75;Х/ф;Нормальный только я;[16+]
191545;191740;Дом Кино Премиум;75;Х/ф;Добро пожаловать в семью;[16+]
191740;191915;Дом Кино Премиум;75;Х/ф;Добро пожаловать в семью: Повар из Неаполя;[16+]
191915;192040;Дом Кино Премиум;75;Х/ф;Мальдивы подождут;[16+]
192040;192225;Дом Кино Премиум;75;Х/ф;Горько!;[16+]
192225;200015;Дом Кино Премиум;75;Х/ф;Семейный бюджет;[16+]
200015;200200;Дом Кино Премиум;75;Х/ф;Премьера. "По-братски";[16+]
200200;200340;Дом Кино Премиум;75;Х/ф;Стрельцов;[16+]
200340;200540;Дом Кино Премиум;75;Х/ф;Мистер Нокаут;[16+]
200540;200720;Дом Кино Премиум;75;Х/ф;Духless-2;[16+]
200720;200835;Дом Кино Премиум;75;Х/ф;Отчаянные дольщики;[16+]
200835;201000;Дом Кино Премиум;75;Х/ф;Килиманджара;[16+]
201000;201150;Дом Кино Премиум;75;Х/ф;В баню!;[16+]
201150;210200;Дом Кино Премиум;75;Т/с;Жёлтый глаз тигра;[16+]
210200;210340;Дом Кино Премиум;75;Х/ф;Выкрутасы;[16+]
210340;210515;Дом Кино Премиум;75;Х/ф;Дикие предки;[16+]
210515;210615;Дом Кино Премиум;75;Х/ф;Понаехали;[16+]
210615;210745;Дом Кино Премиум;75;Х/ф;Дышите свободно;[16+]
210745;210925;Дом Кино Премиум;75;Х/ф;Конец прекрасной эпохи;[16+]
210925;211030;Дом Кино Премиум;75;Х/ф;За кулисами;[16+]
211030;211155;Дом Кино Премиум;75;Х/ф;Лавстори;[16+]
211155;211335;Дом Кино Премиум;75;Х/ф;Трезвый водитель;[16+]
211335;211530;Дом Кино Премиум;75;Х/ф;Папы;[16+]
211530;211705;Дом Кино Премиум;75;Х/ф;Адам и Ева;[16+]
211705;211900;Дом Кино Премиум;75;Х/ф;Смертельные иллюзии;[16+]
211900;220235;Дом Кино Премиум;75;Т/с;Волшебник;[16+]
220235;220400;Дом Кино Премиум;75;Х/ф;Бармен;[16+]
220400;220540;Дом Кино Премиум;75;Х/ф;Красотка в ударе;[16+]
220540;220710;Дом Кино Премиум;75;Х/ф;Любовники;[16+]
220710;220835;Дом Кино Премиум;75;Х/ф;Грецкий орешек;[16+]
220835;221000;Дом Кино Премиум;75;Х/ф;Лёгок на помине;[16+]
221000;221120;Дом Кино Премиум;75;Х/ф;Опасные каникулы;[16+]
221120;221245;Дом Кино Премиум;75;Х/ф;Дорогой папа;[16+]
221245;221445;Дом Кино Премиум;75;Х/ф;Молодой человек;[16+]
221445;221615;Дом Кино Премиум;75;Х/ф;Напарник;[16+]
221615;221800;Дом Кино Премиум;75;Х/ф;Миллиард;[16+]
221800;230255;Дом Кино Премиум;75;Т/с;Возмездие;[16+]
230255;230445;Дом Кино Премиум;75;Х/ф;ПираМММида;[16+]
230445;230615;Дом Кино Премиум;75;Х/ф;Запретная зона;[16+]
230615;230735;Дом Кино Премиум;75;Х/ф;Синдром;[16+]
230735;230905;Дом Кино Премиум;75;Х/ф;Волшебник;[16+]
230905;231025;Дом Кино Премиум;75;Х/ф;Спасти Пушкина;[16+]
231025;231205;Дом Кино Премиум;75;Х/ф;Артек. Большое путешествие;[12+]
231205;231400;Дом Кино Премиум;75;Х/ф;Артек. Сквозь столетия;[12+]
231400;231500;Дом Кино Премиум;75;М/ф;Премьера. "Три богатыря. Ни дня без подвига";[12+]
231500;231610;Дом Кино Премиум;75;М/ф;Премьера. "Три богатыря. Ни дня без подвига-2";[12+]
231610;231740;Дом Кино Премиум;75;Х/ф;Баба Яга спасает мир;[6+]
231740;231925;Дом Кино Премиум;75;Х/ф;Домовой;[16+]
231925;232105;Дом Кино Премиум;75;Х/ф;СуперБобровы;[16+]
232105;232235;Дом Кино Премиум;75;Х/ф;СуперБобровы. Народные мстители;[16+]
232235;240000;Дом Кино Премиум;75;М/ф;Три богатыря и Пуп Земли;[6+]
240000;240105;Дом Кино Премиум;75;М/ф;Премьера. "Три богатыря. Ни дня без подвига";[12+]
240105;240210;Дом Кино Премиум;75;М/ф;Премьера. "Три богатыря. Ни дня без подвига-2";[12+]
240210;240405;Дом Кино Премиум;75;Х/ф;Любовь-морковь;[16+]
240405;240545;Дом Кино Премиум;75;Х/ф;Любовь-морковь-2;[16+]
240545;240715;Дом Кино Премиум;75;Х/ф;Любовь-морковь-3;[16+]
240715;240815;Дом Кино Премиум;75;Х/ф;Снегурочка против всех;[16+]
240815;240945;Дом Кино Премиум;75;Х/ф;Джентльмены, удачи!;[16+]
171000;171045;Amedia Premium;77;Т/с;Виктория 5 с.;[16+]
171045;171130;Amedia Premium;77;Т/с;Виктория 6 с.;[16+]
171130;171220;Amedia Premium;77;Т/с;Звёздный путь: Странные новые миры 4 с.;[16+]
171220;171335;Amedia Premium;77;Х/ф;Соседка;[16+]
171335;171420;Amedia Premium;77;Д/с;Арсенал на продажу 2 с.;[16+]
171420;171500;Amedia Premium;77;Д/с;Арсенал на продажу 3 с.;[16+]
171500;171540;Amedia Premium;77;Т/с;Пантеон 1 с.;[16+]
171540;171615;Amedia Premium;77;Т/с;Пантеон 2 с.;[16+]
171615;171655;Amedia Premium;77;Т/с;Как тебе поверить 9 с.;[16+]
171655;171735;Amedia Premium;77;Т/с;Как тебе поверить 10 с.;[16+]
171735;171900;Amedia Premium;77;Т/с;Молодой Морс 1 с.;[16+]
171900;171945;Amedia Premium;77;Т/с;Виктория 5 с.;[16+]
171945;172030;Amedia Premium;77;Т/с;Виктория 6 с.;[16+]
172030;172230;Amedia Premium;77;Х/ф;Выживший;[16+]
172230;172320;Amedia Premium;77;Т/с;Бывшая жена 1 с.;[16+]
172320;180005;Amedia Premium;77;Т/с;Бывшая жена 2 с.;[16+]
180005;180130;Amedia Premium;77;Т/с;Молодой Морс 2 с.;[16+]
180130;180215;Amedia Premium;77;Т/с;Виктория 7 с.;[16+]
180215;180300;Amedia Premium;77;Т/с;Виктория 8 с.;[16+]
180300;180455;Amedia Premium;77;Х/ф;Создатель;[16+]
180455;180535;Amedia Premium;77;Д/с;Арсенал на продажу 2 с.;[16+]
180535;180620;Amedia Premium;77;Д/с;Арсенал на продажу 3 с.;[16+]
180620;180710;Amedia Premium;77;Т/с;Бывшая жена 1 с.;[16+]
180710;180750;Amedia Premium;77;Т/с;Бывшая жена 2 с.;[16+]
180750;180845;Amedia Premium;77;Т/с;Штисель 11 с.;[16+]
180845;181010;Amedia Premium;77;Т/с;Молодой Морс 2 с.;[16+]
181010;181055;Amedia Premium;77;Т/с;Виктория 7 с.;[16+]
181055;181140;Amedia Premium;77;Т/с;Виктория 8 с.;[16+]
181140;181345;Amedia Premium;77;Х/ф;Создатель;[16+]
181345;181430;Amedia Premium;77;Д/с;Арсенал на продажу 4 с.;[16+]
181430;181515;Amedia Premium;77;Д/с;Арсенал на продажу 5 с.;[16+]
181515;181600;Amedia Premium;77;Т/с;Пантеон 3 с.;[16+]
181600;181650;Amedia Premium;77;Т/с;Бывшая жена 1 с.;[16+]
181650;181735;Amedia Premium;77;Т/с;Бывшая жена 2 с.;[16+]
181735;181900;Amedia Premium;77;Т/с;Молодой Морс 2 с.;[16+]
181900;181945;Amedia Premium;77;Т/с;Виктория 7 с.;[16+]
181945;182030;Amedia Premium;77;Т/с;Виктория 8 с.;[16+]
182030;182230;Amedia Premium;77;Х/ф;Создатель;[16+]
182230;182315;Amedia Premium;77;Т/с;Бывшая жена 3 с.;[16+]
182315;190000;Amedia Premium;77;Т/с;Бывшая жена 4 с.;[16+]
190000;190125;Amedia Premium;77;Т/с;Молодой Морс 3 с.;[16+]
190125;190215;Amedia Premium;77;Т/с;Виктория 1 с.;[16+]
190215;190305;Amedia Premium;77;Т/с;Виктория 2 с.;[16+]
190305;190500;Amedia Premium;77;Х/ф;Игра на понижение;[16+]
190500;190540;Amedia Premium;77;Д/с;Арсенал на продажу 4 с.;[16+]
190540;190625;Amedia Premium;77;Д/с;Арсенал на продажу 5 с.;[16+]
190625;190710;Amedia Premium;77;Т/с;Бывшая жена 3 с.;[16+]
190710;190750;Amedia Premium;77;Т/с;Бывшая жена 4 с.;[16+]
190750;190840;Amedia Premium;77;Т/с;Штисель 12 с.;[16+]
190840;191005;Amedia Premium;77;Т/с;Молодой Морс 3 с.;[16+]
191005;191055;Amedia Premium;77;Т/с;Виктория 1 с.;[16+]
191055;191140;Amedia Premium;77;Т/с;Виктория 2 с.;[16+]
191140;191345;Amedia Premium;77;Х/ф;Игра на понижение;[16+]
191345;191430;Amedia Premium;77;Д/с;Арсенал на продажу 6 с.;[16+]
191430;191515;Amedia Premium;77;Д/с;Арсенал на продажу 7 с.;[16+]
191515;191600;Amedia Premium;77;Т/с;Пантеон 4 с.;[16+]
191600;191645;Amedia Premium;77;Т/с;Бывшая жена 3 с.;[16+]
191645;191730;Amedia Premium;77;Т/с;Бывшая жена 4 с.;[16+]
191730;191900;Amedia Premium;77;Т/с;Молодой Морс 3 с.;[16+]
191900;191950;Amedia Premium;77;Т/с;Виктория 1 с.;[16+]
191950;192035;Amedia Premium;77;Т/с;Виктория 2 с.;[16+]
192035;192230;Amedia Premium;77;Х/ф;Игра на понижение;[16+]
192230;192315;Amedia Premium;77;Т/с;Бывшая жена 1 с.;[16+]
192315;200000;Amedia Premium;77;Т/с;Бывшая жена 2 с.;[16+]
200000;200125;Amedia Premium;77;Т/с;Молодой Морс 4 с.;[16+]
200125;200215;Amedia Premium;77;Т/с;Виктория 3 с.;[16+]
200215;200300;Amedia Premium;77;Т/с;Виктория 4 с.;[16+]
200300;200445;Amedia Premium;77;Х/ф;Западня;[16+]
200445;200530;Amedia Premium;77;Д/с;Арсенал на продажу 6 с.;[16+]
200530;200615;Amedia Premium;77;Д/с;Арсенал на продажу 7 с.;[16+]
200615;200655;Amedia Premium;77;Т/с;Бывшая жена 1 с.;[16+]
200655;200740;Amedia Premium;77;Т/с;Бывшая жена 2 с.;[16+]
200740;200830;Amedia Premium;77;Т/с;Штисель 1 с.;[16+]
200830;201005;Amedia Premium;77;Т/с;Молодой Морс 4 с.;[16+]
201005;201050;Amedia Premium;77;Т/с;Виктория 3 с.;[16+]
201050;201140;Amedia Premium;77;Т/с;Виктория 4 с.;[16+]
201140;201320;Amedia Premium;77;Х/ф;Западня;[16+]
201320;201330;Amedia Premium;77;Х/ф;Лучшие итальянские короткометражки-4: Истории нашей жизни 1 с.;[16+]
201330;201345;Amedia Premium;77;Х/ф;Лучшие итальянские короткометражки-4: Истории нашей жизни 2 с.;[16+]
201345;201430;Amedia Premium;77;Д/с;Арсенал на продажу 8 с.;[16+]
201430;201515;Amedia Premium;77;Д/с;Арсенал на продажу 1 с.;[16+]
201515;201600;Amedia Premium;77;Т/с;Пантеон 5 с.;[16+]
201600;201645;Amedia Premium;77;Т/с;Бывшая жена 1 с.;[16+]
201645;201725;Amedia Premium;77;Т/с;Бывшая жена 2 с.;[16+]
201725;201900;Amedia Premium;77;Т/с;Молодой Морс 4 с.;[16+]
201900;201945;Amedia Premium;77;Т/с;Виктория 3 с.;[16+]
201945;202030;Amedia Premium;77;Т/с;Виктория 4 с.;[16+]
202030;202215;Amedia Premium;77;Х/ф;Западня;[16+]
202215;202230;Amedia Premium;77;Х/ф;Лучшие итальянские короткометражки-4: Истории нашей жизни 4 с.;[16+]
202230;202315;Amedia Premium;77;Т/с;Бывшая жена 3 с.;[16+]
202315;210000;Amedia Premium;77;Т/с;Бывшая жена 4 с.;[16+]
210000;210130;Amedia Premium;77;Т/с;Молодой Морс 1 с.;[16+]
210130;210215;Amedia Premium;77;Т/с;Виктория 5 с.;[16+]
210215;210300;Amedia Premium;77;Т/с;Виктория 6 с.;[16+]
210300;210455;Amedia Premium;77;Х/ф;Амстердам;[16+]
210455;210540;Amedia Premium;77;Д/с;Арсенал на продажу 8 с.;[16+]
210540;210620;Amedia Premium;77;Д/с;Арсенал на продажу 1 с.;[16+]
210620;210700;Amedia Premium;77;Т/с;Бывшая жена 3 с.;[16+]
210700;210745;Amedia Premium;77;Т/с;Бывшая жена 4 с.;[16+]
210745;210835;Amedia Premium;77;Т/с;Штисель 2 с.;[16+]
210835;211005;Amedia Premium;77;Т/с;Молодой Морс 1 с.;[16+]
211005;211050;Amedia Premium;77;Т/с;Виктория 5 с.;[16+]
211050;211135;Amedia Premium;77;Т/с;Виктория 6 с.;[16+]
211135;211335;Amedia Premium;77;Х/ф;Амстердам;[16+]
211335;211350;Amedia Premium;77;Х/ф;Лучшие итальянские короткометражки-4: Истории нашей жизни 3 с.;[16+]
211350;211430;Amedia Premium;77;Д/с;Арсенал на продажу 2 с.;[16+]
211430;211515;Amedia Premium;77;Д/с;Арсенал на продажу 3 с.;[16+]
211515;211600;Amedia Premium;77;Т/с;Пантеон 6 с.;[16+]
211600;211645;Amedia Premium;77;Т/с;Бывшая жена 3 с.;[16+]
211645;211730;Amedia Premium;77;Т/с;Бывшая жена 4 с.;[16+]
211730;211900;Amedia Premium;77;Т/с;Молодой Морс 1 с.;[16+]
211900;211945;Amedia Premium;77;Т/с;Виктория 5 с.;[16+]
211945;212030;Amedia Premium;77;Т/с;Виктория 6 с.;[16+]
212030;212230;Amedia Premium;77;Х/ф;Амстердам;[16+]
212230;220000;Amedia Premium;77;Х/ф;Вечная дочь;[16+]
220000;220120;Amedia Premium;77;Т/с;Молодой Морс 2 с.;[16+]
220120;220205;Amedia Premium;77;Т/с;Виктория 7 с.;[16+]
220205;220250;Amedia Premium;77;Т/с;Виктория 8 с.;[16+]
220250;220500;Amedia Premium;77;Х/ф;Переговорщик;[16+]
220500;220540;Amedia Premium;77;Д/с;Арсенал на продажу 2 с.;[16+]
220540;220625;Amedia Premium;77;Д/с;Арсенал на продажу 3 с.;[16+]
220625;220735;Amedia Premium;77;Х/ф;З/Л/О/85;[16+]
220735;220830;Amedia Premium;77;Т/с;Штисель 3 с.;[16+]
220830;220950;Amedia Premium;77;Т/с;Молодой Морс 2 с.;[16+]
220950;221000;Amedia Premium;77;Х/ф;Лучшие итальянские короткометражки-4: Истории нашей жизни 6 с.;[16+]
221000;221045;Amedia Premium;77;Т/с;Террор: Дьявол в серебре 1 с.;[16+]
221045;221125;Amedia Premium;77;Т/с;Террор: Дьявол в серебре 2 с.;[16+]
221125;221210;Amedia Premium;77;Т/с;Террор: Дьявол в серебре 3 с.;[16+]
221210;221420;Amedia Premium;77;Х/ф;Переговорщик;[16+]
221420;221505;Amedia Premium;77;Т/с;Родственные души 1 с.;[16+]
221505;221545;Amedia Premium;77;Т/с;Родственные души 2 с.;[16+]
221545;221625;Amedia Premium;77;Д/с;По дороге с Норманом Ридусом 3 с.;[16+]
221625;221710;Amedia Premium;77;Д/с;По дороге с Норманом Ридусом 4 с.;[16+]
221710;221755;Amedia Premium;77;Т/с;Звёздный путь: Странные новые миры 4 с.;[16+]
221755;221835;Amedia Premium;77;Т/с;Место преступления: Канны 1 с.;[16+]
221835;221920;Amedia Premium;77;Т/с;Место преступления: Канны 2 с.;[16+]
221920;222010;Amedia Premium;77;Т/с;Место преступления: Канны 3 с.;[16+]
222010;222055;Amedia Premium;77;Т/с;Террор: Дьявол в серебре 1 с.;[16+]
222055;222135;Amedia Premium;77;Т/с;Террор: Дьявол в серебре 2 с.;[16+]
222135;222220;Amedia Premium;77;Т/с;Террор: Дьявол в серебре 3 с.;[16+]
222220;230015;Amedia Premium;77;Х/ф;Время убивать;[16+]
230015;230100;Amedia Premium;77;Т/с;Пока смерть не разлучит нас 3 с.;[16+]
230100;230145;Amedia Premium;77;Т/с;Вестис 7 с.;[16+]
230145;230230;Amedia Premium;77;Т/с;Родственные души 1 с.;[16+]
230230;230310;Amedia Premium;77;Т/с;Родственные души 2 с.;[16+]
230310;230345;Amedia Premium;77;Т/с;Родственные души 3 с.;[16+]
230345;230425;Amedia Premium;77;Д/с;По дороге с Норманом Ридусом 3 с.;[16+]
230425;230515;Amedia Premium;77;Т/с;Пока смерть не разлучит нас 3 с.;[16+]
230515;230600;Amedia Premium;77;Т/с;Вестис 7 с.;[16+]
230600;230640;Amedia Premium;77;Д/с;Арсенал на продажу 2 с.;[16+]
230640;230725;Amedia Premium;77;Д/с;Арсенал на продажу 3 с.;[16+]
230725;230810;Amedia Premium;77;Д/с;Арсенал на продажу 4 с.;[16+]
230810;230855;Amedia Premium;77;Д/с;Арсенал на продажу 5 с.;[16+]
230855;230945;Amedia Premium;77;Д/с;Арсенал на продажу 6 с.;[16+]
230945;231000;Amedia Premium;77;Х/ф;Лучшие итальянские короткометражки-4: Истории нашей жизни 5 с.;[16+]
231000;231045;Amedia Premium;77;Т/с;Террор: Дьявол в серебре 4 с.;[16+]
231045;231130;Amedia Premium;77;Т/с;Террор: Дьявол в серебре 5 с.;[16+]
231130;231210;Amedia Premium;77;Т/с;Террор: Дьявол в серебре 6 с.;[16+]
231210;231415;Amedia Premium;77;Х/ф;Время убивать;[16+]
231415;231445;Amedia Premium;77;Т/с;Родственные души 3 с.;[16+]
231445;231530;Amedia Premium;77;Т/с;Родственные души 5 с.;[16+]
231530;231615;Amedia Premium;77;Т/с;Родственные души 6 с.;[16+]
231615;231700;Amedia Premium;77;Т/с;Пока смерть не разлучит нас 3 с.;[16+]
231700;231750;Amedia Premium;77;Т/с;Вестис 7 с.;[16+]
231750;231835;Amedia Premium;77;Т/с;Место преступления: Канны 4 с.;[16+]
231835;231920;Amedia Premium;77;Т/с;Место преступления: Канны 5 с.;[16+]
231920;232000;Amedia Premium;77;Т/с;Место преступления: Канны 6 с.;[16+]
232000;232045;Amedia Premium;77;Т/с;Террор: Дьявол в серебре 4 с.;[16+]
232045;232125;Amedia Premium;77;Т/с;Террор: Дьявол в серебре 5 с.;[16+]
232125;232205;Amedia Premium;77;Т/с;Террор: Дьявол в серебре 6 с.;[16+]
232205;240000;Amedia Premium;77;Х/ф;Лекарство от здоровья;[16+]
240000;240100;Amedia Premium;77;Т/с;Звёздный путь: Странные новые миры 5 с.;[16+]
240100;240145;Amedia Premium;77;Т/с;Ходячие мертвецы: Мертвый город 4 с.;[16+]
240145;240225;Amedia Premium;77;Т/с;Родственные души 5 с.;[16+]
240225;240315;Amedia Premium;77;Т/с;Родственные души 6 с.;[16+]
240315;240400;Amedia Premium;77;Д/с;По дороге с Норманом Ридусом 4 с.;[16+]
240400;240445;Amedia Premium;77;Т/с;Звёздный путь: Странные новые миры 5 с.;[16+]
240445;240530;Amedia Premium;77;Т/с;Ходячие мертвецы: Мертвый город 4 с.;[16+]
240530;240615;Amedia Premium;77;Д/с;Арсенал на продажу 7 с.;[16+]
240615;240655;Amedia Premium;77;Д/с;Арсенал на продажу 8 с.;[16+]
240655;240740;Amedia Premium;77;Д/с;Арсенал на продажу 1 с.;[16+]
240740;240815;Amedia Premium;77;Д/с;Арсенал на продажу 2 с.;[16+]
240815;240900;Amedia Premium;77;Т/с;Ходячие мертвецы: Мертвый город 4 с.;[16+]
240900;240945;Amedia Premium;77;Д/с;Арсенал на продажу 3 с.;[16+]
240945;241000;Amedia Premium;77;Х/ф;"Альманах "Жизнь как чудо" 1 с.;[16+]
170735;170900;Красная линия;137;Х/ф;Счастливый рейс;[12+]
170900;171000;Красная линия;137;;Точка зрения;[16+]
171000;171140;Красная линия;137;Х/ф;Двенадцатая ночь;[12+]
171140;171300;Красная линия;137;Х/ф;Город мастеров;[6+]
171300;171340;Красная линия;137;М/ф;Царевна-лягушка;[6+]
171340;171400;Красная линия;137;М/ф;Волшебное кольцо;[6+]
171400;171500;Красная линия;137;;Точка зрения;[16+]
171500;171525;Красная линия;137;Д/с;Специальный репортаж;[12+]
171525;171725;Красная линия;137;Т/с;Следствие ведут ЗнаТоКи;[12+]
171725;171850;Красная линия;137;Т/с;Следствие ведут ЗнаТоКи;[12+]
171850;172015;Красная линия;137;Т/с;Следствие ведут ЗнаТоКи;[12+]
172015;172135;Красная линия;137;Х/ф;Город мастеров;[6+]
172135;172150;Красная линия;137;Д/с;Специальный репортаж;[12+]
172150;172320;Красная линия;137;Х/ф;Жажда;[12+]
172320;180040;Красная линия;137;Х/ф;Государственная граница. Фильм 1. Мы наш, мы новый... 1 с.;[12+]
180040;180200;Красная линия;137;Х/ф;Государственная граница. Фильм 1. Мы наш, мы новый... 2 с.;[12+]
180200;180215;Красная линия;137;;Темы дня;[]
180215;180310;Красная линия;137;;Точка зрения;[16+]
180310;180335;Красная линия;137;Д/с;Специальный репортаж;[12+]
180335;180530;Красная линия;137;Х/ф;Кто смеётся последним;[12+]
180530;180600;Красная линия;137;Д/с;Специальный репортаж;[12+]
180600;180615;Красная линия;137;;Темы дня;[]
180615;180745;Красная линия;137;Х/ф;Жажда;[12+]
180745;180845;Красная линия;137;;Точка зрения;[16+]
180845;181045;Красная линия;137;Х/ф;Александр Пархоменко;[12+]
181045;181115;Красная линия;137;Д/с;Специальный репортаж;[12+]
181115;181300;Красная линия;137;Х/ф;Кто смеётся последним;[12+]
181300;181310;Красная линия;137;М/ф;Сестрица Алёнушка и братец Иванушка;[6+]
181310;181320;Красная линия;137;М/ф;Волк и телёнок;[6+]
181320;181330;Красная линия;137;М/ф;Ивашка из Дворца пионеров;[6+]
181330;181400;Красная линия;137;М/ф;Братья Лю;[6+]
181400;181415;Красная линия;137;;Темы дня;[]
181415;181515;Красная линия;137;;Точка зрения;[16+]
181515;181540;Красная линия;137;Д/с;Специальный репортаж;[12+]
181540;181710;Красная линия;137;Х/ф;Жажда;[12+]
181710;181827;Красная линия;137;Х/ф;Государственная граница. Фильм 1. Мы наш, мы новый... 1 с.;[12+]
181827;181945;Красная линия;137;Х/ф;Государственная граница. Фильм 1. Мы наш, мы новый... 2 с.;[12+]
181945;182130;Красная линия;137;Х/ф;Кто смеётся последним;[12+]
182130;182150;Красная линия;137;Д/с;Специальный репортаж;[12+]
182150;182320;Красная линия;137;Х/ф;Следы на снегу;[12+]
182320;190040;Красная линия;137;Х/ф;Государственная граница. Фильм 2. Мирное лето 21-го года 1 с.;[12+]
190040;190200;Красная линия;137;Х/ф;Государственная граница. Фильм 2. Мирное лето 21-го года 2 с.;[12+]
190200;190215;Красная линия;137;;Темы дня;[]
190215;190310;Красная линия;137;;Точка зрения;[16+]
190310;190335;Красная линия;137;Д/с;Специальный репортаж;[12+]
190335;190530;Красная линия;137;Х/ф;Зелёные огни;[12+]
190530;190600;Красная линия;137;Д/с;Специальный репортаж;[12+]
190600;190615;Красная линия;137;;Темы дня;[]
190615;190745;Красная линия;137;Х/ф;Следы на снегу;[12+]
190745;190845;Красная линия;137;;Точка зрения;[16+]
190845;191035;Красная линия;137;Х/ф;Алитет уходит в горы;[12+]
191035;191125;Красная линия;137;Д/ф;Гулливеры и лилипуты;[12+]
191125;191300;Красная линия;137;Х/ф;Зелёные огни;[12+]
191300;191340;Красная линия;137;М/ф;Заколдованный мальчик;[6+]
191340;191400;Красная линия;137;М/ф;Летучий корабль;[6+]
191400;191415;Красная линия;137;;Темы дня;[]
191415;191515;Красная линия;137;;Точка зрения;[16+]
191515;191540;Красная линия;137;Д/с;Специальный репортаж;[12+]
191540;191710;Красная линия;137;Х/ф;Следы на снегу;[12+]
191710;191827;Красная линия;137;Х/ф;Государственная граница. Фильм 2. Мирное лето 21-го года 1 с.;[12+]
191827;191945;Красная линия;137;Х/ф;Государственная граница. Фильм 2. Мирное лето 21-го года 2 с.;[12+]
191945;192125;Красная линия;137;Х/ф;Зелёные огни;[12+]
192125;192150;Красная линия;137;Д/с;Специальный репортаж;[12+]
192150;192310;Красная линия;137;Х/ф;В квадрате 45;[12+]
192310;200035;Красная линия;137;Х/ф;Государственная граница. Фильм 03. Восточный рубеж 1 с.;[12+]
200035;200200;Красная линия;137;Х/ф;Государственная граница. Фильм 03. Восточный рубеж 2 с.;[12+]
200200;200215;Красная линия;137;;Темы дня;[]
200215;200310;Красная линия;137;;Точка зрения;[16+]
200310;200335;Красная линия;137;Д/с;Специальный репортаж;[12+]
200335;200515;Красная линия;137;Х/ф;Дети партизана;[12+]
200515;200600;Красная линия;137;Д/с;Специальный репортаж;[12+]
200600;200615;Красная линия;137;;Темы дня;[]
200615;200735;Красная линия;137;Х/ф;В квадрате 45;[12+]
200735;200835;Красная линия;137;;Точка зрения;[16+]
200835;201035;Красная линия;137;Х/ф;Сельский врач;[12+]
201035;201130;Красная линия;137;Д/ф;Хозяин земли русской;[12+]
201130;201300;Красная линия;137;Х/ф;Дети партизана;[12+]
201300;201325;Красная линия;137;М/ф;Щелкунчик;[6+]
201325;201340;Красная линия;137;М/ф;Две сказки;[6+]
201340;201400;Красная линия;137;М/ф;В лесной чаще;[6+]
201400;201415;Красная линия;137;;Темы дня;[]
201415;201515;Красная линия;137;;Точка зрения;[16+]
201515;201540;Красная линия;137;Д/с;Специальный репортаж;[12+]
201540;201700;Красная линия;137;Х/ф;В квадрате 45;[12+]
201700;201825;Красная линия;137;Х/ф;Государственная граница. Фильм 03. Восточный рубеж 1 с.;[12+]
201825;201950;Красная линия;137;Х/ф;Государственная граница. Фильм 03. Восточный рубеж 2 с.;[12+]
201950;202120;Красная линия;137;Х/ф;Дети партизана;[12+]
202120;202150;Красная линия;137;Д/с;Специальный репортаж;[12+]
202150;202315;Красная линия;137;Х/ф;Дачная поездка сержанта Цыбули;[12+]
202315;210037;Красная линия;137;Х/ф;Государственная граница. Фильм 04. Красный песок 1 с.;[12+]
210037;210200;Красная линия;137;Х/ф;Государственная граница. Фильм 04. Красный песок 2 с.;[12+]
210200;210215;Красная линия;137;;Темы дня;[]
210215;210310;Красная линия;137;;Точка зрения;[16+]
210310;210340;Красная линия;137;Д/с;Специальный репортаж;[12+]
210340;210520;Красная линия;137;Х/ф;Пути и судьбы;[12+]
210520;210600;Красная линия;137;Д/с;Специальный репортаж;[12+]
210600;210615;Красная линия;137;;Темы дня;[]
210615;210735;Красная линия;137;Х/ф;Дачная поездка сержанта Цыбули;[12+]
210735;210835;Красная линия;137;;Точка зрения;[16+]
210835;211035;Красная линия;137;Х/ф;Римский-Корсаков;[12+]
211035;211055;Красная линия;137;Д/с;Специальный репортаж;[12+]
211055;211115;Красная линия;137;Д/с;Специальный репортаж;[12+]
211115;211130;Красная линия;137;Д/с;Специальный репортаж;[12+]
211130;211300;Красная линия;137;Х/ф;Пути и судьбы;[12+]
211300;211350;Красная линия;137;М/ф;Двенадцать месяцев;[6+]
211350;211400;Красная линия;137;М/ф;Орлиное перо;[6+]
211400;211415;Красная линия;137;;Темы дня;[]
211415;211515;Красная линия;137;;Точка зрения;[16+]
211515;211535;Красная линия;137;М/ф;Специальный репортаж;[12+]
211535;211700;Красная линия;137;Х/ф;Дачная поездка сержанта Цыбули;[12+]
211700;211822;Красная линия;137;Х/ф;Государственная граница. Фильм 04. Красный песок 1 с.;[12+]
211822;211945;Красная линия;137;Х/ф;Государственная граница. Фильм 04. Красный песок 2 с.;[12+]
211945;212115;Красная линия;137;Х/ф;Пути и судьбы;[12+]
212115;212215;Красная линия;137;;Точка зрения;[16+]
212215;212240;Красная линия;137;М/ф;Специальный репортаж;[12+]
212240;220020;Красная линия;137;Х/ф;Даурия 1 с.;[12+]
220020;220200;Красная линия;137;Х/ф;Даурия 2 с.;[12+]
220200;220215;Красная линия;137;;Темы дня;[]
220215;220310;Красная линия;137;;Точка зрения;[16+]
220310;220340;Красная линия;137;;Хук слева;[16+]
220340;220530;Красная линия;137;Х/ф;Александр Невский;[12+]
220530;220600;Красная линия;137;Д/с;Специальный репортаж;[12+]
220600;220615;Красная линия;137;;Темы дня;[]
220615;220752;Красная линия;137;Х/ф;Даурия 1 с.;[12+]
220752;220930;Красная линия;137;Х/ф;Даурия 2 с.;[12+]
220930;221030;Красная линия;137;;Точка зрения;[16+]
221030;221045;Красная линия;137;Д/с;Специальный репортаж;[12+]
221045;221105;Красная линия;137;Д/с;Специальный репортаж;[12+]
221105;221300;Красная линия;137;Х/ф;Александр Невский;[12+]
221300;221330;Красная линия;137;М/ф;Дюймовочка;[6+]
221330;221350;Красная линия;137;М/ф;Оранжевое горлышко;[6+]
221350;221400;Красная линия;137;М/ф;Петушок - золотой гребешок;[6+]
221400;221415;Красная линия;137;;Темы дня;[]
221415;221515;Красная линия;137;;Точка зрения;[16+]
221515;221545;Красная линия;137;;Хук слева;[16+]
221545;221730;Красная линия;137;Х/ф;Два капитана;[12+]
221730;221910;Красная линия;137;Х/ф;Даурия 1 с.;[12+]
221910;222050;Красная линия;137;Х/ф;Даурия 2 с.;[12+]
222050;222150;Красная линия;137;;Точка зрения;[16+]
222150;222220;Красная линия;137;;Хук слева;[16+]
222220;222345;Красная линия;137;Х/ф;Годен к нестроевой;[12+]
222345;230122;Красная линия;137;Т/с;Следствие ведут ЗнаТоКи;[12+]
230122;230300;Красная линия;137;Т/с;Следствие ведут ЗнаТоКи;[12+]
230300;230355;Красная линия;137;;Точка зрения;[16+]
230355;230540;Красная линия;137;Х/ф;Два капитана;[12+]
230540;230715;Красная линия;137;Х/ф;Зелёные огни;[12+]
230715;230915;Красная линия;137;Х/ф;Римский-Корсаков;[12+]
230915;231115;Красная линия;137;Х/ф;Сельский врач;[12+]
231115;231300;Красная линия;137;Х/ф;Два капитана;[12+]
231300;231320;Красная линия;137;М/ф;Малыш и Карлсон;[6+]
231320;231340;Красная линия;137;М/ф;Карлсон вернулся;[6+]
231340;231400;Красная линия;137;М/ф;Шайбу! Шайбу!;[6+]
231400;231500;Красная линия;137;;Точка зрения;[16+]
231500;231520;Красная линия;137;М/ф;Специальный репортаж;[12+]
231520;231645;Красная линия;137;Х/ф;Годен к нестроевой;[12+]
231645;231822;Красная линия;137;Т/с;Следствие ведут ЗнаТоКи;[12+]
231822;232000;Красная линия;137;Т/с;Следствие ведут ЗнаТоКи;[12+]
232000;232140;Красная линия;137;Х/ф;Республика ШКИД;[12+]
232140;232200;Красная линия;137;М/ф;Дед Мороз и лето;[6+]
232200;232300;Красная линия;137;;Точка зрения;[16+]
232300;232320;Красная линия;137;М/ф;Специальный репортаж;[12+]
232320;240057;Красная линия;137;Т/с;Следствие ведут ЗнаТоКи;[12+]
240057;240235;Красная линия;137;Т/с;Следствие ведут ЗнаТоКи;[12+]
240235;240430;Красная линия;137;Т/с;Следствие ведут ЗнаТоКи;[12+]
240430;240600;Красная линия;137;Х/ф;Годен к нестроевой;[12+]
240600;240735;Красная линия;137;Х/ф;Александр Пархоменко;[12+]
170415;170600;Мужское кино;42;Х/ф;Неудержимые;[16+]
170600;170825;Мужское кино;42;Х/ф;Солнцепек;[18+]
170825;171035;Мужское кино;42;Х/ф;Гуантанамера;[16+]
171035;171220;Мужское кино;42;Х/ф;Миссия: Чужой;[18+]
171220;171420;Мужское кино;42;Х/ф;Совершенно секретно;[18+]
171420;171515;Мужское кино;42;Т/с;Ментовские войны-5 7 с.;[16+]
171515;171610;Мужское кино;42;Т/с;Ментовские войны-5 8 с.;[16+]
171610;171805;Мужское кино;42;Х/ф;Заступник;[16+]
171805;172015;Мужское кино;42;Х/ф;Паркер;[18+]
172015;172215;Мужское кино;42;Х/ф;Телохранитель на фрилансе;[18+]
172215;172305;Мужское кино;42;Т/с;Ментовские войны-6 1 с.;[16+]
172305;180000;Мужское кино;42;Т/с;Ментовские войны-6 2 с.;[16+]
180000;180150;Мужское кино;42;Х/ф;Кровавая месть;[18+]
180150;180345;Мужское кино;42;Х/ф;Стрелок;[18+]
180345;180535;Мужское кино;42;Х/ф;Неудержимые-2;[16+]
180535;180730;Мужское кино;42;Х/ф;Сорвать банк-2: Высокие ставки;[18+]
180730;180910;Мужское кино;42;Х/ф;Средь бела дня;[16+]
180910;181105;Мужское кино;42;Х/ф;Саботаж;[16+]
181105;181300;Мужское кино;42;Х/ф;Закон доблести;[18+]
181300;181435;Мужское кино;42;Х/ф;Ячейка 234;[18+]
181435;181530;Мужское кино;42;Т/с;Ментовские войны-5 9 с.;[16+]
181530;181625;Мужское кино;42;Т/с;Ментовские войны-5 10 с.;[16+]
181625;181835;Мужское кино;42;Х/ф;Гнев человеческий;[18+]
181835;182035;Мужское кино;42;Х/ф;Кровавая месть;[18+]
182035;182215;Мужское кино;42;Х/ф;План мести;[18+]
182215;182305;Мужское кино;42;Т/с;Ментовские войны-6 3 с.;[16+]
182305;190000;Мужское кино;42;Т/с;Ментовские войны-6 4 с.;[16+]
190000;190140;Мужское кино;42;Х/ф;Райский город;[18+]
190140;190335;Мужское кино;42;Х/ф;Кодекс киллера;[18+]
190335;190550;Мужское кино;42;Х/ф;Неудержимые-3;[16+]
190550;190835;Мужское кино;42;Х/ф;Империя волков;[16+]
190835;191025;Мужское кино;42;Х/ф;Неудержимые;[16+]
191025;191250;Мужское кино;42;Х/ф;Солнцепек;[18+]
191250;191445;Мужское кино;42;Х/ф;Стрелок;[18+]
191445;191540;Мужское кино;42;Т/с;Ментовские войны-5 11 с.;[16+]
191540;191635;Мужское кино;42;Т/с;Ментовские войны-5 12 с.;[16+]
191635;191850;Мужское кино;42;Х/ф;Паркер;[18+]
191850;192035;Мужское кино;42;Х/ф;Райский город;[18+]
192035;192215;Мужское кино;42;Х/ф;Сорвать банк;[16+]
192215;192305;Мужское кино;42;Т/с;Ментовские войны-6 5 с.;[16+]
192305;200000;Мужское кино;42;Т/с;Ментовские войны-6 6 с.;[16+]
200000;200130;Мужское кино;42;Х/ф;Шальная карта;[16+]
200130;200325;Мужское кино;42;Х/ф;Заступник;[16+]
200325;200515;Мужское кино;42;Х/ф;Неудержимые-4;[18+]
200515;200730;Мужское кино;42;Х/ф;Совершенно секретно;[18+]
200730;200915;Мужское кино;42;Х/ф;Неудержимые-2;[16+]
200915;201125;Мужское кино;42;Х/ф;3 дня на убийство;[16+]
201125;201320;Мужское кино;42;Х/ф;Саботаж;[16+]
201320;201515;Мужское кино;42;Х/ф;Кодекс киллера;[18+]
201515;201610;Мужское кино;42;Т/с;Ментовские войны-5 13 с.;[16+]
201610;201705;Мужское кино;42;Т/с;Ментовские войны-5 14 с.;[16+]
201705;201905;Мужское кино;42;Х/ф;Кровавая месть;[18+]
201905;202045;Мужское кино;42;Х/ф;Шальная карта;[16+]
202045;202215;Мужское кино;42;Х/ф;Игры возмездия;[18+]
202215;202305;Мужское кино;42;Т/с;Ментовские войны-6 7 с.;[16+]
202305;210000;Мужское кино;42;Т/с;Ментовские войны-6 8 с.;[16+]
210000;210205;Мужское кино;42;Х/ф;438 дней;[18+]
210205;210420;Мужское кино;42;Х/ф;Гнев человеческий;[18+]
210420;210555;Мужское кино;42;Х/ф;Ячейка 234;[18+]
210555;210755;Мужское кино;42;Х/ф;21 мост;[16+]
210755;211005;Мужское кино;42;Х/ф;Неудержимые-3;[16+]
211005;211205;Мужское кино;42;Х/ф;Стрелок;[18+]
211205;211410;Мужское кино;42;Х/ф;Гуантанамера;[16+]
211410;211505;Мужское кино;42;Т/с;Ментовские войны-5 15 с.;[16+]
211505;211600;Мужское кино;42;Т/с;Ментовские войны-5 16 с.;[16+]
211600;211750;Мужское кино;42;Х/ф;Райский город;[18+]
211750;212005;Мужское кино;42;Х/ф;438 дней;[18+]
212005;212215;Мужское кино;42;Х/ф;Вне/себя;[16+]
212215;212305;Мужское кино;42;Т/с;Ментовские войны-6 9 с.;[16+]
212305;220000;Мужское кино;42;Т/с;Ментовские войны-6 10 с.;[16+]
220000;220130;Мужское кино;42;Х/ф;Неоспоримый-4;[18+]
220130;220345;Мужское кино;42;Х/ф;Паркер;[18+]
220345;220540;Мужское кино;42;Х/ф;Телохранитель на фрилансе;[18+]
220540;220810;Мужское кино;42;Х/ф;Неудержимые;[16+]
220810;220955;Мужское кино;42;Х/ф;Неудержимые-2;[16+]
220955;221210;Мужское кино;42;Х/ф;Неудержимые-3;[16+]
221210;221400;Мужское кино;42;Х/ф;Неудержимые-4;[18+]
221400;221530;Мужское кино;42;Х/ф;Игры возмездия;[18+]
221530;221725;Мужское кино;42;Х/ф;Заступник;[16+]
221725;221820;Мужское кино;42;Т/с;Ментовские войны-6 1 с.;[16+]
221820;221915;Мужское кино;42;Т/с;Ментовские войны-6 2 с.;[16+]
221915;222010;Мужское кино;42;Т/с;Ментовские войны-6 3 с.;[16+]
222010;222100;Мужское кино;42;Т/с;Ментовские войны-6 4 с.;[16+]
222100;222155;Мужское кино;42;Т/с;Ментовские войны-6 5 с.;[16+]
222155;230000;Мужское кино;42;Х/ф;Паркер;[18+]
230000;230150;Мужское кино;42;Х/ф;Кровавая месть;[18+]
230150;230350;Мужское кино;42;Х/ф;Кодекс киллера;[18+]
230350;230525;Мужское кино;42;Х/ф;Сорвать банк;[16+]
230525;230750;Мужское кино;42;Х/ф;Гнев человеческий;[18+]
230750;231015;Мужское кино;42;Х/ф;Империя волков;[16+]
231015;231210;Мужское кино;42;Х/ф;Телохранитель на фрилансе;[18+]
231210;231420;Мужское кино;42;Х/ф;Вне/себя;[16+]
231420;231600;Мужское кино;42;Х/ф;План мести;[18+]
231600;231800;Мужское кино;42;Х/ф;Стрелок;[18+]
231800;231855;Мужское кино;42;Т/с;Ментовские войны-6 6 с.;[16+]
231855;231945;Мужское кино;42;Т/с;Ментовские войны-6 7 с.;[16+]
231945;232040;Мужское кино;42;Т/с;Ментовские войны-6 8 с.;[16+]
232040;232135;Мужское кино;42;Т/с;Ментовские войны-6 9 с.;[16+]
232135;232225;Мужское кино;42;Т/с;Ментовские войны-6 10 с.;[16+]
232225;240000;Мужское кино;42;Х/ф;Шальная карта;[16+]
240000;240140;Мужское кино;42;Х/ф;Райский город;[18+]
240140;240355;Мужское кино;42;Х/ф;438 дней;[18+]
240355;240415;Мужское кино;42;Х/ф;Неоспоримый-4;[18+]
171000;171100;Матч!;3;;Лучшие из лучших;[12+]
171100;171105;Матч!;3;;Новости;[]
171105;171300;Матч!;3;;Все на Матч!;[]
171300;171305;Матч!;3;;Новости;[]
171305;171325;Матч!;3;;Лица страны;[12+]
171325;171535;Матч!;3;;Футбол. Чемпионат мира-2026. Трансляция из Мексики;[6+]
171535;171635;Матч!;3;;Все на Матч!;[]
171635;171655;Матч!;3;;Специальный репортаж;[12+]
171655;171700;Матч!;3;;Новости;[]
171700;171825;Матч!;3;;Есть тема!;[]
171825;171930;Матч!;3;;Футбол. Альфа-Банк Российская Премьер-Лига. Обзор тура;[6+]
171930;171935;Матч!;3;;Новости;[]
171935;172025;Матч!;3;;Все на Матч!;[]
172025;172215;Матч!;3;;Смешанные единоборства. UFC. Трансляция из США;[16+]
172215;172325;Матч!;3;;Громко;[]
172325;180130;Матч!;3;;Футбол. Лига Pari. Прямая трансляция;[]
180130;180150;Матч!;3;;Все на Матч!;[]
180150;180400;Матч!;3;;Футбол. Чемпионат Испании. Прямая трансляция;[]
180400;180500;Матч!;3;;Все на Матч!;[]
180500;180600;Матч!;3;;Футбол. Альфа-Банк Российская Премьер-Лига. Обзор тура;[6+]
180600;180755;Матч!;3;;Регби. Чемпионат России;[12+]
180755;180800;Матч!;3;;Новости;[0+]
180800;181000;Матч!;3;;Пляжный волейбол. Чемпионат Европы. Финал. Трансляция из Польши;[6+]
181000;181100;Матч!;3;;Лучшие из лучших;[12+]
181100;181105;Матч!;3;;Новости;[]
181105;181300;Матч!;3;;Все на Матч!;[]
181300;181305;Матч!;3;;Новости;[]
181305;181325;Матч!;3;;Специальный репортаж;[12+]
181325;181535;Матч!;3;;Футбол. Чемпионат мира-2026. Трансляция из Мексики;[6+]
181535;181635;Матч!;3;;Все на Матч!;[]
181635;181655;Матч!;3;;Специальный репортаж;[12+]
181655;181700;Матч!;3;;Новости;[]
181700;181825;Матч!;3;;Есть тема!;[]
181825;181855;Матч!;3;;География спорта;[12+]
181855;181930;Матч!;3;;Что за спорт?;[12+]
181930;181935;Матч!;3;;Новости;[]
181935;182025;Матч!;3;;Все на Матч!;[]
182025;182215;Матч!;3;;Смешанные единоборства. ACA. Трансляция из Москвы;[16+]
182215;190030;Матч!;3;;Футбол. FONBET Кубок России. Прямая трансляция;[]
190030;190245;Матч!;3;;Футбол. FONBET Кубок России. Прямая трансляция;[]
190245;190430;Матч!;3;;Все на Матч!;[]
190430;190530;Матч!;3;;Бокс. Bare Knuckle FC. Трансляция из США;[16+]
190530;190600;Матч!;3;;География спорта;[12+]
190600;190755;Матч!;3;;Скалолазание. II Всероссийская спартакиада. Трансляция из Екатеринбурга;[6+]
190755;190800;Матч!;3;;Новости;[0+]
190800;191000;Матч!;3;;Дзюдо. Мировой тур. Гран-при. Трансляция из Перу;[12+]
191000;191100;Матч!;3;;Лучшие из лучших;[12+]
191100;191105;Матч!;3;;Новости;[]
191105;191300;Матч!;3;;Все на Матч!;[]
191300;191305;Матч!;3;;Новости;[]
191305;191325;Матч!;3;;Специальный репортаж;[12+]
191325;191535;Матч!;3;;Футбол. Чемпионат мира-2026. Трансляция из Канады;[6+]
191535;191635;Матч!;3;;Все на Матч!;[]
191635;191655;Матч!;3;;Специальный репортаж;[12+]
191655;191700;Матч!;3;;Новости;[]
191700;191825;Матч!;3;;Есть тема!;[]
191825;191855;Матч!;3;;Человек из футбола;[12+]
191855;191930;Матч!;3;;Что за спорт?;[12+]
191930;191935;Матч!;3;;Новости;[]
191935;192000;Матч!;3;;Все на Матч!;[]
192000;192215;Матч!;3;;Футбол. FONBET Кубок России. Прямая трансляция;[]
192215;200030;Матч!;3;;Футбол. FONBET Кубок России. Прямая трансляция;[]
200030;200300;Матч!;3;;Футбол. FONBET Кубок России. Прямая трансляция;[]
200300;200430;Матч!;3;;Все на Матч!;[]
200430;200530;Матч!;3;;Смешанные единоборства. Shlemenko FC. Трансляция из Омска;[16+]
200530;200600;Матч!;3;;Человек из футбола;[12+]
200600;200755;Матч!;3;;Скалолазание. II Всероссийская спартакиада. Трансляция из Екатеринбурга;[6+]
200755;200800;Матч!;3;;Новости;[0+]
200800;201000;Матч!;3;;Дзюдо. Мировой тур. Гран-при. Трансляция из Перу;[12+]
201000;201100;Матч!;3;;Вопреки всему;[12+]
201100;201105;Матч!;3;;Новости;[]
201105;201155;Матч!;3;;Все на Матч!;[]
201155;201520;Матч!;3;;Плавание. II Всероссийская спартакиада. Прямая трансляция из Екатеринбурга;[]
201520;201615;Матч!;3;;Все на Матч!;[]
201615;201635;Матч!;3;;Специальный репортаж;[12+]
201635;201640;Матч!;3;;Новости;[]
201640;201805;Матч!;3;;Есть тема!;[]
201805;201825;Матч!;3;;Специальный репортаж;[12+]
201825;202130;Матч!;3;;Лёгкая атлетика. II Всероссийская спартакиада. Прямая трансляция из Челябинска;[]
202130;202135;Матч!;3;;Новости;[]
202135;202225;Матч!;3;;Все на Матч!;[]
202225;210030;Матч!;3;;Футбол. Лига Pari. Прямая трансляция;[]
210030;210245;Матч!;3;;Футбол. FONBET Кубок России. Прямая трансляция;[]
210245;210430;Матч!;3;;Все на Матч!;[]
210430;210530;Матч!;3;;Смешанные единоборства. UFC. Трансляция из США;[16+]
210530;210600;Матч!;3;;Формула-1. Гаснут огни;[12+]
210600;210755;Матч!;3;;Стрельба из лука. II Всероссийская спартакиада. Трансляция из Екатеринбурга;[6+]
210755;210800;Матч!;3;;Новости;[0+]
210800;211000;Матч!;3;;Дзюдо. Мировой тур. Гран-при. Трансляция из Перу;[12+]
211000;211100;Матч!;3;;Вопреки всему;[12+]
211100;211105;Матч!;3;;Новости;[]
211105;211155;Матч!;3;;Все на Матч!;[]
211155;211530;Матч!;3;;Плавание. II Всероссийская спартакиада. Прямая трансляция из Екатеринбурга;[]
211530;211615;Матч!;3;;Все на Матч!;[]
211615;211635;Матч!;3;;Небесная грация;[6+]
211635;211640;Матч!;3;;Новости;[]
211640;211810;Матч!;3;;Есть тема!;[]
211810;212100;Матч!;3;;Лёгкая атлетика. II Всероссийская спартакиада. Прямая трансляция из Челябинска;[]
212100;212105;Матч!;3;;Новости;[]
212105;212130;Матч!;3;;Все на Матч!;[]
212130;212230;Матч!;3;;Футбол. FONBET Кубок России. Обзор;[6+]
212230;220135;Матч!;3;;Спортивная гимнастика. Чемпионат Европы. Мужчины. Прямая трансляция из Хорватии;[]
220135;220155;Матч!;3;;Все на Матч!;[]
220155;220400;Матч!;3;;Футбол. Чемпионат Испании. Прямая трансляция;[]
220400;220500;Матч!;3;;Евротур;[12+]
220500;220900;Матч!;3;;Бокс. Bare Knuckle FC. Прямая трансляция из США;[]
220900;221000;Матч!;3;;Смешанные единоборства. One FC. Трансляция из Таиланда;[16+]
221000;221100;Матч!;3;;Смешанные единоборства. One FC. Трансляция из Таиланда;[16+]
221100;221105;Матч!;3;;Новости;[]
221105;221300;Матч!;3;;Все на Матч!;[]
221300;221305;Матч!;3;;Новости;[]
221305;221325;Матч!;3;М/с;Команда МАТЧ;[0+]
221325;221530;Матч!;3;Д/ф;Леннокс Льюис. Нерассказанная история;[12+]
221530;221620;Матч!;3;;Все на Матч!;[]
221620;221625;Матч!;3;;Новости;[]
221625;221830;Матч!;3;;Футбол. Лига Pari. Прямая трансляция;[]
221830;221855;Матч!;3;;Все на Матч!;[]
221855;222100;Матч!;3;;Футбол. Кубок России. Женщины. 1/2 финала. Прямая трансляция;[]
222100;222350;Матч!;3;;Спортивная гимнастика. Чемпионат Европы. Мужчины. Прямая трансляция из Хорватии;[]
222350;230220;Матч!;3;;Футбол. Альфа-Банк Кубок сильнейших. Российская Премьер-Лига. Прямая трансляция;[]
230220;230430;Матч!;3;;Футбол. Чемпионат Испании. Прямая трансляция;[]
230430;230600;Матч!;3;;Все на Матч!;[]
230600;231000;Матч!;3;;Смешанные единоборства. UFC. Прямая трансляция из США;[]
231000;231100;Матч!;3;;Смешанные единоборства. UFC. Трансляция из США;[16+]
231100;231105;Матч!;3;;Новости;[]
231105;231155;Матч!;3;;Все на Матч!;[]
231155;231315;Матч!;3;;Художественная гимнастика. II Всероссийская спартакиада. Прямая трансляция из Екатеринбурга;[]
231315;231325;Матч!;3;;Все на Матч!;[]
231325;231445;Матч!;3;;Художественная гимнастика. II Всероссийская спартакиада. Прямая трансляция из Екатеринбурга;[]
231445;231550;Матч!;3;;Все на Матч!;[]
231550;231555;Матч!;3;;Новости;[]
231555;231830;Матч!;3;;Художественная гимнастика. II Всероссийская спартакиада. Прямая трансляция из Екатеринбурга;[]
231830;232220;Матч!;3;;Спортивная гимнастика. Чемпионат Европы. Мужчины. Прямая трансляция из Хорватии;[]
232220;232255;Матч!;3;;Все на Матч!;[]
232255;232300;Матч!;3;;Новости;[]
232300;240220;Матч!;3;;Футбол. Альфа-Банк Кубок сильнейших. Российская Премьер-Лига. Прямая трансляция;[]
240220;240430;Матч!;3;;Футбол. Чемпионат Испании. Прямая трансляция;[]
240430;240600;Матч!;3;;"После футбола" с Георгием Черданцевым;[]
240600;240755;Матч!;3;;Лёгкая атлетика. II Всероссийская спартакиада. Трансляция из Челябинска;[6+]
240755;240800;Матч!;3;;Новости;[0+]
240800;241000;Матч!;3;;Бадминтон. Чемпионат мира. Трансляция из Индии;[6+]
170600;170710;Звезда;17;Д/с;Москва - фронту;[16+]
170710;170900;Звезда;17;Х/ф;Особо важное задание;[12+]
170900;170915;Звезда;17;;Новости дня;[16+]
170915;171040;Звезда;17;Х/ф;Особо важное задание;[12+]
171040;171235;Звезда;17;Х/ф;Двойной обгон;[16+]
171235;171300;Звезда;17;Х/ф;Высота 89;[16+]
171300;171320;Звезда;17;;Новости дня;[16+]
171320;171510;Звезда;17;Х/ф;Высота 89;[16+]
171510;171900;Звезда;17;Т/с;Бухта пропавших дайверов;[16+]
171900;171940;Звезда;17;;Военные новости;[16+]
171940;172205;Звезда;17;;"Скрытые угрозы" с Николаем Чиндяйкиным;[16+]
172205;180005;Звезда;17;Х/ф;Военно-полевой роман;[16+]
180005;180230;Звезда;17;Х/ф;Особо важное задание;[12+]
180230;180355;Звезда;17;Х/ф;Свинарка и пастух;[12+]
180355;180525;Звезда;17;Х/ф;Подвиг разведчика;[12+]
180525;180620;Звезда;17;Д/с;Перелом. Хроника Победы;[16+]
180620;180810;Звезда;17;Х/ф;В квадрате 45;[12+]
180810;180900;Звезда;17;Х/ф;Двойной обгон;[16+]
180900;180915;Звезда;17;;Новости дня;[16+]
180915;181025;Звезда;17;Х/ф;Двойной обгон;[16+]
181025;181300;Звезда;17;Т/с;Бухта пропавших дайверов;[16+]
181300;181320;Звезда;17;;Новости дня;[16+]
181320;181425;Звезда;17;Т/с;Бухта пропавших дайверов;[16+]
181425;181900;Звезда;17;Т/с;Благословите женщину;[16+]
181900;181940;Звезда;17;;Военные новости;[16+]
181940;182205;Звезда;17;Д/с;Улика из прошлого;[16+]
182205;190025;Звезда;17;Х/ф;Живи и помни;[16+]
190025;190200;Звезда;17;Х/ф;Дела сердечные;[12+]
190200;190325;Звезда;17;Х/ф;Девушка с характером;[12+]
190325;190425;Звезда;17;Х/ф;Опасные тропы;[12+]
190425;190620;Звезда;17;Д/с;Преступления в сети: МВД против кибермошенников;[16+]
190620;190810;Звезда;17;Д/ф;Герой 115;[16+]
190810;190900;Звезда;17;Х/ф;Военно-полевой роман;[16+]
190900;190915;Звезда;17;;Новости дня;[16+]
190915;191035;Звезда;17;Х/ф;Военно-полевой роман;[16+]
191035;191300;Звезда;17;Т/с;СОБР;[16+]
191300;191320;Звезда;17;;Новости дня;[16+]
191320;191900;Звезда;17;Т/с;СОБР;[16+]
191900;191940;Звезда;17;;Военные новости;[16+]
191940;192205;Звезда;17;Д/с;Секретные материалы;[16+]
192205;200005;Звезда;17;Х/ф;Сумка инкассатора;[12+]
200005;200130;Звезда;17;Х/ф;Каждый десятый;[12+]
200130;200300;Звезда;17;Х/ф;Мы с вами где-то встречались!;[12+]
200300;200410;Звезда;17;Х/ф;По данным уголовного розыска...;[12+]
200410;200605;Звезда;17;Д/с;ЦСКА. Спортивный щит Родины;[12+]
200605;200810;Звезда;17;Х/ф;Риск - благородное дело;[12+]
200810;200900;Звезда;17;Х/ф;Сумка инкассатора;[12+]
200900;200915;Звезда;17;;Новости дня;[16+]
200915;201035;Звезда;17;Х/ф;Сумка инкассатора;[12+]
201035;201300;Звезда;17;Т/с;СОБР;[16+]
201300;201320;Звезда;17;;Новости дня;[16+]
201320;201900;Звезда;17;Т/с;СОБР;[16+]
201900;201940;Звезда;17;;Военные новости;[16+]
201940;202205;Звезда;17;;Код доступа;[12+]
202205;210005;Звезда;17;Х/ф;Часовщик;[16+]
210005;210125;Звезда;17;Х/ф;Свидетельство о бедности;[12+]
210125;210305;Звезда;17;Х/ф;Живи и помни;[16+]
210305;210440;Звезда;17;Х/ф;Каждый десятый;[12+]
210440;210740;Звезда;17;Т/с;Приключения Шерлока Холмса и доктора Ватсона;[12+]
210740;210900;Звезда;17;Д/с;Освобождение;[12+]
210900;210920;Звезда;17;;Новости дня;[16+]
210920;211300;Звезда;17;Д/с;Освобождение;[12+]
211300;211325;Звезда;17;;Новости дня;[16+]
211325;211520;Звезда;17;Д/с;Освобождение;[12+]
211520;211900;Звезда;17;Д/с;Освобождение;[12+]
211900;211940;Звезда;17;;Военные новости;[16+]
211940;212025;Звезда;17;Д/с;"Загадки века" с Сергеем Медведевым;[12+]
212025;212200;Звезда;17;Д/с;Война миров;[16+]
212200;212330;Звезда;17;;Здравствуйте, товарищи!;[16+]
212330;220030;Звезда;17;;Музыка+;[12+]
220030;220205;Звезда;17;Х/ф;Школьный вальс;[16+]
220205;220325;Звезда;17;Х/ф;Риск - благородное дело;[12+]
220325;220455;Звезда;17;Х/ф;Медовый месяц;[12+]
220455;220600;Звезда;17;Х/ф;Подарок черного колдуна;[6+]
220600;220640;Звезда;17;Х/ф;Спокойный день в конце войны;[12+]
220640;220825;Звезда;17;Х/ф;Как Иванушка-дурачок за чудом ходил;[6+]
220825;220900;Звезда;17;Х/ф;Рысь возвращается;[12+]
220900;220915;Звезда;17;;Новости дня;[16+]
220915;221010;Звезда;17;Х/ф;Рысь возвращается;[12+]
221010;221155;Звезда;17;Х/ф;Над Тиссой;[12+]
221155;221300;Звезда;17;Т/с;Приказа умирать не было;[16+]
221300;221320;Звезда;17;;Новости дня;[16+]
221320;221900;Звезда;17;Т/с;Приказа умирать не было;[16+]
221900;221920;Звезда;17;;Новости дня;[16+]
221920;222130;Звезда;17;Т/с;Приказа умирать не было;[16+]
222130;222355;Звезда;17;Х/ф;Высота 89;[16+]
222355;230240;Звезда;17;Т/с;Приключения Шерлока Холмса и доктора Ватсона;[12+]
230240;230350;Звезда;17;Х/ф;Рысь возвращается;[12+]
230350;230525;Звезда;17;Х/ф;Школьный вальс;[16+]
230525;230550;Звезда;17;Д/с;Перелом. Хроника Победы;[16+]
230550;230715;Звезда;17;Х/ф;Свидетельство о бедности;[12+]
230715;230900;Звезда;17;Х/ф;Над Тиссой;[12+]
230900;230925;Звезда;17;;"Новости недели" с Юрием Подкопаевым;[16+]
230925;230955;Звезда;17;;Служу России;[12+]
230955;231040;Звезда;17;;Военная приёмка;[12+]
231040;231130;Звезда;17;;"Легенды армии" с Александром Маршалом;[12+]
231130;231240;Звезда;17;;Код доступа;[12+]
231240;231425;Звезда;17;Д/ф;Сталинград. Ни шагу назад! 1 с.;[16+]
231425;231800;Звезда;17;Д/с;Курская дуга;[16+]
231800;231940;Звезда;17;;Главное с Ольгой Беловой;[16+]
231940;240430;Звезда;17;Д/с;Освобождение;[12+]
240430;240600;Звезда;17;Х/ф;Спокойный день в конце войны;[12+]
170455;170740;Кинопремьера;43;Х/ф;Грабитель с крыши;[16+]
170740;170930;Кинопремьера;43;Х/ф;Письма о любви;[18+]
170930;171120;Кинопремьера;43;Х/ф;Космическая собака Лида;[16+]
171120;171315;Кинопремьера;43;Х/ф;Бухта Бэррона;[18+]
171315;171500;Кинопремьера;43;Х/ф;Дочь болотного царя;[18+]
171500;171635;Кинопремьера;43;Х/ф;Волшебное яблоко;[6+]
171635;171815;Кинопремьера;43;Х/ф;Кутюр;[18+]
171815;171945;Кинопремьера;43;Х/ф;Киллер на всю голову;[18+]
171945;172120;Кинопремьера;43;Х/ф;(Не)искусственный интеллект;[6+]
172120;172300;Кинопремьера;43;Х/ф;Час тишины;[18+]
172300;180030;Кинопремьера;43;Х/ф;Проводник смерти;[18+]
180030;180155;Кинопремьера;43;Х/ф;Укрытие номер один;[18+]
180155;180335;Кинопремьера;43;Х/ф;Роман с того света;[18+]
180335;180505;Кинопремьера;43;Х/ф;Кали;[18+]
180505;180705;Кинопремьера;43;Х/ф;Сказка о царе Салтане;[6+]
180705;180845;Кинопремьера;43;Х/ф;Несвятая Валентина;[16+]
180845;181005;Кинопремьера;43;Х/ф;Оно. Кошмар на Мейпл-стрит;[18+]
181005;181135;Кинопремьера;43;Х/ф;Киллер на всю голову;[18+]
181135;181300;Кинопремьера;43;Х/ф;Заклятие монахини;[18+]
181300;181430;Кинопремьера;43;Х/ф;Проводник смерти;[18+]
181430;181630;Кинопремьера;43;Х/ф;Грабитель с крыши;[16+]
181630;181810;Кинопремьера;43;Х/ф;(Не)искусственный интеллект;[6+]
181810;181950;Кинопремьера;43;Х/ф;Несвятая Валентина;[16+]
181950;182125;Кинопремьера;43;Х/ф;Кали;[18+]
182125;182300;Кинопремьера;43;Х/ф;По-братски;[16+]
182300;190030;Кинопремьера;43;Х/ф;Последний Атлант;[16+]
190030;190155;Кинопремьера;43;Х/ф;Джентльмен;[18+]
190155;190330;Кинопремьера;43;Х/ф;Последний охотник на демонов;[18+]
190330;190510;Кинопремьера;43;Х/ф;Кутюр;[18+]
190510;190745;Кинопремьера;43;Х/ф;Письма о любви;[18+]
190745;190930;Кинопремьера;43;Х/ф;Дочь болотного царя;[18+]
190930;191135;Кинопремьера;43;Х/ф;Грабитель с крыши;[16+]
191135;191325;Кинопремьера;43;Х/ф;Сказка о царе Салтане;[6+]
191325;191505;Кинопремьера;43;Х/ф;Кутюр;[18+]
191505;191700;Кинопремьера;43;Х/ф;Бухта Бэррона;[18+]
191700;191835;Кинопремьера;43;Х/ф;Волшебное яблоко;[6+]
191835;191955;Кинопремьера;43;Х/ф;Оно. Кошмар на Мейпл-стрит;[18+]
191955;192120;Кинопремьера;43;Х/ф;Проводник смерти;[18+]
192120;192300;Кинопремьера;43;Х/ф;Роман с того света;[18+]
192300;200030;Кинопремьера;43;Х/ф;Укрытие номер один;[18+]
200030;200220;Кинопремьера;43;Х/ф;Иллюзия обмана-3;[18+]
200220;200400;Кинопремьера;43;Х/ф;Сердцеед;[16+]
200400;200530;Кинопремьера;43;Х/ф;Заклятие монахини;[18+]
200530;200810;Кинопремьера;43;Х/ф;Бухта Бэррона;[18+]
200810;200935;Кинопремьера;43;Х/ф;Последний Атлант;[16+]
200935;201110;Кинопремьера;43;Х/ф;Волшебное яблоко;[6+]
201110;201245;Кинопремьера;43;Х/ф;Роман с того света;[18+]
201245;201420;Кинопремьера;43;Х/ф;(Не)искусственный интеллект;[6+]
201420;201615;Кинопремьера;43;Х/ф;Иллюзия обмана-3;[18+]
201615;201815;Кинопремьера;43;Х/ф;Грабитель с крыши;[16+]
201815;201945;Кинопремьера;43;Х/ф;Последний Атлант;[16+]
201945;202125;Кинопремьера;43;Х/ф;Несвятая Валентина;[16+]
202125;202300;Кинопремьера;43;Х/ф;Последний охотник на демонов;[18+]
202300;210030;Кинопремьера;43;Х/ф;Джентльмен;[18+]
210030;210155;Кинопремьера;43;Х/ф;Все оттенки красного;[16+]
210155;210330;Кинопремьера;43;Х/ф;Фэкхем-Холл;[18+]
210330;210510;Кинопремьера;43;Х/ф;По-братски;[16+]
210510;210700;Кинопремьера;43;Х/ф;Волшебное яблоко;[6+]
210700;210845;Кинопремьера;43;Х/ф;Сердцеед;[16+]
210845;211005;Кинопремьера;43;Х/ф;Оно. Кошмар на Мейпл-стрит;[18+]
211005;211145;Кинопремьера;43;Х/ф;Несвятая Валентина;[16+]
211145;211330;Кинопремьера;43;Х/ф;Кутюр;[18+]
211330;211500;Кинопремьера;43;Х/ф;Последний охотник на демонов;[18+]
211500;211630;Кинопремьера;43;Х/ф;Киллер на всю голову;[18+]
211630;211755;Кинопремьера;43;Х/ф;Заклятие монахини;[18+]
211755;211925;Кинопремьера;43;Х/ф;Проводник смерти;[18+]
211925;212055;Кинопремьера;43;Х/ф;Укрытие номер один;[18+]
212055;212235;Кинопремьера;43;Х/ф;Сердцеед;[16+]
212235;220030;Кинопремьера;43;Х/ф;Иллюзия обмана-3;[18+]
220030;220205;Кинопремьера;43;Х/ф;Космическая колония;[18+]
220205;220355;Кинопремьера;43;Х/ф;Еретик;[18+]
220355;220530;Кинопремьера;43;Х/ф;Роман с того света;[18+]
220530;220705;Кинопремьера;43;Х/ф;Последний охотник на демонов;[18+]
220705;220845;Кинопремьера;43;Х/ф;По-братски;[16+]
220845;221010;Кинопремьера;43;Х/ф;Киллер на всю голову;[18+]
221010;221140;Кинопремьера;43;Х/ф;Проводник смерти;[18+]
221140;221320;Кинопремьера;43;Х/ф;Сердцеед;[16+]
221320;221450;Кинопремьера;43;Х/ф;Последний Атлант;[16+]
221450;221640;Кинопремьера;43;Х/ф;Еретик;[18+]
221640;221815;Кинопремьера;43;Х/ф;Фэкхем-Холл;[18+]
221815;221955;Кинопремьера;43;Х/ф;Несвятая Валентина;[16+]
221955;222130;Кинопремьера;43;Х/ф;Последний охотник на демонов;[18+]
222130;222300;Кинопремьера;43;Х/ф;Все оттенки красного;[16+]
222300;230025;Кинопремьера;43;Х/ф;Джентльмен;[18+]
230025;230205;Кинопремьера;43;Х/ф;(Не)искусственный интеллект;[6+]
230205;230405;Кинопремьера;43;Х/ф;Грабитель с крыши;[16+]
230405;230555;Кинопремьера;43;Х/ф;Еретик;[18+]
230555;230715;Кинопремьера;43;Х/ф;Оно. Кошмар на Мейпл-стрит;[18+]
230715;230900;Кинопремьера;43;Х/ф;Кутюр;[18+]
230900;231025;Кинопремьера;43;Х/ф;Джентльмен;[18+]
231025;231205;Кинопремьера;43;Х/ф;По-братски;[16+]
231205;231330;Кинопремьера;43;Х/ф;Все оттенки красного;[16+]
231330;231500;Кинопремьера;43;Х/ф;Киллер на всю голову;[18+]
231500;231645;Кинопремьера;43;Х/ф;Сердцеед;[16+]
231645;231820;Кинопремьера;43;Х/ф;Роман с того света;[18+]
231820;232000;Кинопремьера;43;Х/ф;Кутюр;[18+]
232000;232130;Кинопремьера;43;Х/ф;Проводник смерти;[18+]
232130;232300;Кинопремьера;43;Х/ф;Укрытие номер один;[18+]
232300;240050;Кинопремьера;43;Х/ф;Иллюзия обмана-3;[18+]
240050;240225;Кинопремьера;43;Х/ф;Космическая колония;[18+]
240225;240455;Кинопремьера;43;Х/ф;Фэкхем-Холл;[18+]
170715;170900;Остросюжетное;35;Х/ф;Город на границе;[18+]
170900;171035;Остросюжетное;35;Х/ф;Области тьмы;[18+]
171035;171200;Остросюжетное;35;Х/ф;Время псов;[18+]
171200;171330;Остросюжетное;35;Х/ф;Гнев во спасение;[18+]
171330;171510;Остросюжетное;35;Х/ф;Мачете;[18+]
171510;171655;Остросюжетное;35;Х/ф;Мачете убивает;[18+]
171655;171830;Остросюжетное;35;Х/ф;Области тьмы;[18+]
171830;172005;Остросюжетное;35;Х/ф;Гнев во спасение;[18+]
172005;172145;Остросюжетное;35;Х/ф;Мачете;[18+]
172145;172325;Остросюжетное;35;Х/ф;Мачете убивает;[18+]
172325;180105;Остросюжетное;35;Х/ф;Области тьмы;[18+]
180105;180240;Остросюжетное;35;Х/ф;Гнев во спасение;[18+]
180240;180420;Остросюжетное;35;Х/ф;Мачете;[18+]
180420;180600;Остросюжетное;35;Х/ф;Мачете убивает;[18+]
180600;180620;Остросюжетное;35;М/с;Боевой континент 141 с.;[18+]
180620;180640;Остросюжетное;35;М/с;Боевой континент 142 с.;[18+]
180640;180655;Остросюжетное;35;М/с;Боевой континент 143 с.;[18+]
180655;180715;Остросюжетное;35;М/с;Боевой континент 144 с.;[18+]
180715;180850;Остросюжетное;35;Х/ф;Гнев во спасение;[18+]
180850;181055;Остросюжетное;35;Х/ф;Зверь;[18+]
181055;181255;Остросюжетное;35;Х/ф;Империя волков;[18+]
181255;181440;Остросюжетное;35;Х/ф;Ускользающий человек;[18+]
181440;181600;Остросюжетное;35;Х/ф;Апгрейд. Цифровой солдат;[18+]
181600;181730;Остросюжетное;35;Х/ф;57 секунд;[18+]
181730;181910;Остросюжетное;35;Х/ф;Кто я;[18+]
181910;182050;Остросюжетное;35;Х/ф;Ускользающий человек;[18+]
182050;182215;Остросюжетное;35;Х/ф;Апгрейд. Цифровой солдат;[18+]
182215;182345;Остросюжетное;35;Х/ф;57 секунд;[18+]
182345;190125;Остросюжетное;35;Х/ф;Кто я;[18+]
190125;190305;Остросюжетное;35;Х/ф;Ускользающий человек;[18+]
190305;190425;Остросюжетное;35;Х/ф;Апгрейд. Цифровой солдат;[18+]
190425;190600;Остросюжетное;35;Х/ф;57 секунд;[18+]
190600;190620;Остросюжетное;35;М/с;Боевой континент 145 с.;[18+]
190620;190640;Остросюжетное;35;М/с;Боевой континент 146 с.;[18+]
190640;190655;Остросюжетное;35;М/с;Боевой континент 147 с.;[18+]
190655;190715;Остросюжетное;35;М/с;Боевой континент 148 с.;[18+]
190715;190850;Остросюжетное;35;Х/ф;Кто я;[18+]
190850;191015;Остросюжетное;35;Х/ф;В постели с незнакомцем;[18+]
191015;191135;Остросюжетное;35;Х/ф;Апгрейд. Цифровой солдат;[18+]
191135;191310;Остросюжетное;35;Х/ф;Беовульф и Грендель;[18+]
191310;191445;Остросюжетное;35;Х/ф;Чёрная смерть;[18+]
191445;191620;Остросюжетное;35;Х/ф;Будика: Королева воинов;[18+]
191620;191745;Остросюжетное;35;Х/ф;Время ведьм;[18+]
191745;191920;Остросюжетное;35;Х/ф;Беовульф и Грендель;[18+]
191920;192055;Остросюжетное;35;Х/ф;Чёрная смерть;[18+]
192055;192225;Остросюжетное;35;Х/ф;Будика: Королева воинов;[18+]
192225;192350;Остросюжетное;35;Х/ф;Время ведьм;[18+]
192350;200130;Остросюжетное;35;Х/ф;Беовульф и Грендель;[18+]
200130;200300;Остросюжетное;35;Х/ф;Чёрная смерть;[18+]
200300;200435;Остросюжетное;35;Х/ф;Будика: Королева воинов;[18+]
200435;200600;Остросюжетное;35;Х/ф;Время ведьм;[18+]
200600;200620;Остросюжетное;35;М/с;Боевой континент 149 с.;[18+]
200620;200640;Остросюжетное;35;М/с;Боевой континент 150 с.;[18+]
200640;200655;Остросюжетное;35;М/с;Боевой континент 151 с.;[18+]
200655;200715;Остросюжетное;35;М/с;Боевой континент 152 с.;[18+]
200715;200855;Остросюжетное;35;Х/ф;Беовульф и Грендель;[18+]
200855;201030;Остросюжетное;35;Х/ф;Чёрная смерть;[18+]
201030;201235;Остросюжетное;35;Х/ф;Мидуэй;[18+]
201235;201410;Остросюжетное;35;Х/ф;Вторжение;[18+]
201410;201550;Остросюжетное;35;Х/ф;Жизнь отдам;[18+]
201550;201735;Остросюжетное;35;Х/ф;Закон доблести;[18+]
201735;201940;Остросюжетное;35;Х/ф;Мидуэй;[18+]
201940;202110;Остросюжетное;35;Х/ф;Вторжение;[18+]
202110;202255;Остросюжетное;35;Х/ф;Жизнь отдам;[18+]
202255;210035;Остросюжетное;35;Х/ф;Закон доблести;[18+]
210035;210245;Остросюжетное;35;Х/ф;Мидуэй;[18+]
210245;210415;Остросюжетное;35;Х/ф;Вторжение;[18+]
210415;210600;Остросюжетное;35;Х/ф;Жизнь отдам;[18+]
210600;210620;Остросюжетное;35;М/с;Боевой континент 153 с.;[18+]
210620;210640;Остросюжетное;35;М/с;Боевой континент 154 с.;[18+]
210640;210655;Остросюжетное;35;М/с;Боевой континент 155 с.;[18+]
210655;210715;Остросюжетное;35;М/с;Боевой континент 156 с.;[18+]
210715;210855;Остросюжетное;35;Х/ф;Закон доблести;[18+]
210855;211035;Остросюжетное;35;Х/ф;Стукач;[18+]
211035;211205;Остросюжетное;35;Х/ф;"Весёлые" каникулы";[18+]
211205;211340;Остросюжетное;35;Х/ф;Немая ярость;[18+]
211340;211510;Остросюжетное;35;Х/ф;Драйвер;[18+]
211510;211650;Остросюжетное;35;Х/ф;Хороший человек;[18+]
211650;211835;Остросюжетное;35;Х/ф;Слепая война;[18+]
211835;212015;Остросюжетное;35;Х/ф;Немая ярость;[18+]
212015;212145;Остросюжетное;35;Х/ф;Драйвер;[18+]
212145;212325;Остросюжетное;35;Х/ф;Хороший человек;[18+]
212325;220110;Остросюжетное;35;Х/ф;Слепая война;[18+]
220110;220245;Остросюжетное;35;Х/ф;Немая ярость;[18+]
220245;220415;Остросюжетное;35;Х/ф;Драйвер;[18+]
220415;220600;Остросюжетное;35;Х/ф;Хороший человек;[18+]
220600;220620;Остросюжетное;35;М/с;Боевой континент 157 с.;[18+]
220620;220640;Остросюжетное;35;М/с;Боевой континент 158 с.;[18+]
220640;220700;Остросюжетное;35;М/с;Боевой континент 159 с.;[18+]
220700;220725;Остросюжетное;35;М/с;Боевой континент 160 с.;[18+]
220725;220910;Остросюжетное;35;Х/ф;Слепая война;[18+]
220910;221045;Остросюжетное;35;Х/ф;Немая ярость;[18+]
221045;221225;Остросюжетное;35;Х/ф;Кровавая месть;[18+]
221225;221355;Остросюжетное;35;Х/ф;Замёрзшие;[18+]
221355;221520;Остросюжетное;35;Х/ф;Открытое море. Игра на выживание;[18+]
221520;221650;Остросюжетное;35;Х/ф;За гранью жизни;[18+]
221650;221900;Остросюжетное;35;Х/ф;Дело храбрых;[18+]
221900;222025;Остросюжетное;35;Х/ф;Замёрзшие;[18+]
222025;222150;Остросюжетное;35;Х/ф;Открытое море. Игра на выживание;[18+]
222150;222320;Остросюжетное;35;Х/ф;За гранью жизни;[18+]
222320;230130;Остросюжетное;35;Х/ф;Дело храбрых;[18+]
230130;230300;Остросюжетное;35;Х/ф;Замёрзшие;[18+]
230300;230425;Остросюжетное;35;Х/ф;Открытое море. Игра на выживание;[18+]
230425;230600;Остросюжетное;35;Х/ф;За гранью жизни;[18+]
230600;230620;Остросюжетное;35;М/с;Боевой континент 161 с.;[18+]
230620;230640;Остросюжетное;35;М/с;Боевой континент 162 с.;[18+]
230640;230700;Остросюжетное;35;М/с;Боевой континент 163 с.;[18+]
230700;230720;Остросюжетное;35;М/с;Боевой континент 164 с.;[18+]
230720;230930;Остросюжетное;35;Х/ф;Дело храбрых;[18+]
230930;231100;Остросюжетное;35;Х/ф;Замёрзшие;[18+]
231100;231300;Остросюжетное;35;Х/ф;Кровью и потом: Анаболики;[18+]
231300;231435;Остросюжетное;35;Х/ф;Уровень 16;[18+]
231435;231605;Остросюжетное;35;Х/ф;Лощина мертвецов;[18+]
231605;231740;Остросюжетное;35;Х/ф;Последние выжившие;[18+]
231740;231905;Остросюжетное;35;Х/ф;Пророк;[18+]
231905;232045;Остросюжетное;35;Х/ф;Уровень 16;[18+]
232045;232215;Остросюжетное;35;Х/ф;Лощина мертвецов;[18+]
232215;232350;Остросюжетное;35;Х/ф;Последние выжившие;[18+]
232350;240115;Остросюжетное;35;Х/ф;Пророк;[18+]
240115;240255;Остросюжетное;35;Х/ф;Уровень 16;[18+]
240255;240425;Остросюжетное;35;Х/ф;Лощина мертвецов;[18+]
240425;240600;Остросюжетное;35;Х/ф;Последние выжившие;[18+]
240600;240620;Остросюжетное;35;М/с;Боевой континент 165 с.;[18+]
240620;240635;Остросюжетное;35;М/с;Боевой континент 166 с.;[18+]
240635;240655;Остросюжетное;35;М/с;Боевой континент 167 с.;[18+]
240655;240715;Остросюжетное;35;М/с;Боевой континент 168 с.;[18+]
170745;170920;Любимое;74;Х/ф;Родителей не выбирают;[18+]
170920;171055;Любимое;74;Х/ф;Отчий дом;[18+]
171055;171230;Любимое;74;Х/ф;Дочки-матери;[18+]
171230;171400;Любимое;74;Х/ф;Когда деревья были большими;[18+]
171400;171410;Любимое;74;М/ф;38 попугаев;[0+]
171410;171420;Любимое;74;М/ф;Бабушка удава;[0+]
171420;171430;Любимое;74;М/ф;А вдруг получится!;[0+]
171430;171440;Любимое;74;М/ф;Как лечить удава?;[0+]
171440;171450;Любимое;74;М/ф;Куда идёт слонёнок;[0+]
171450;171500;Любимое;74;М/ф;Привет мартышке;[0+]
171500;171515;Любимое;74;М/ф;Зарядка для хвоста;[0+]
171515;171520;Любимое;74;М/ф;Великое закрытие;[6+]
171520;171535;Любимое;74;М/ф;Ненаглядное пособие;[0+]
171535;171550;Любимое;74;М/ф;Сказка старого дуба;[6+]
171550;171600;Любимое;74;М/ф;Шакалёнок и верблюд;[0+]
171600;171610;Любимое;74;М/ф;Ванюша и космический пират;[6+]
171610;171620;Любимое;74;М/ф;Пришелец Ванюша;[6+]
171620;171815;Любимое;74;Х/ф;Весна;[18+]
171815;171955;Любимое;74;Х/ф;Женатый холостяк;[18+]
171955;172145;Любимое;74;Х/ф;Верные друзья;[18+]
172145;172320;Любимое;74;Х/ф;Отцы и деды;[18+]
172320;180100;Любимое;74;Х/ф;Ссора в Лукашах;[18+]
180100;180640;Любимое;74;Х/ф;Человек со свалки;[18+]
180640;180815;Любимое;74;Х/ф;Женатый холостяк;[18+]
180815;180950;Любимое;74;Х/ф;Верные друзья;[18+]
180950;181110;Любимое;74;Х/ф;Отцы и деды;[18+]
181110;181235;Любимое;74;Х/ф;Ссора в Лукашах;[18+]
181235;181400;Любимое;74;Х/ф;Деревня Утка;[16+]
181400;181415;Любимое;74;М/с;Весёлая карусель 1 с.;[12+]
181415;181425;Любимое;74;М/с;Весёлая карусель 2 с.;[12+]
181425;181435;Любимое;74;М/с;Весёлая карусель 3 с.;[12+]
181435;181450;Любимое;74;М/с;Весёлая карусель 4 с.;[6+]
181450;181500;Любимое;74;М/с;Весёлая карусель 5 с.;[6+]
181500;181510;Любимое;74;М/с;Весёлая карусель 6 с.;[6+]
181510;181520;Любимое;74;М/с;Весёлая карусель 7 с.;[6+]
181520;181535;Любимое;74;М/с;Весёлая карусель 8 с.;[6+]
181535;181545;Любимое;74;М/с;Весёлая карусель 9 с.;[6+]
181545;181555;Любимое;74;М/с;Весёлая карусель 10 с.;[6+]
181555;181610;Любимое;74;М/с;Весёлая карусель 11 с.;[6+]
181610;181620;Любимое;74;М/с;Весёлая карусель 12 с.;[12+]
181620;181750;Любимое;74;Х/ф;Она вас любит;[18+]
181750;181920;Любимое;74;Х/ф;Отцы и деды;[18+]
181920;190100;Любимое;74;Х/ф;Человек со свалки;[18+]
190100;190235;Любимое;74;Х/ф;"В двух шагах от "Рая";[18+]
190235;190415;Любимое;74;Х/ф;Женские радости и печали;[18+]
190415;190550;Любимое;74;Х/ф;Мальчишку звали капитаном;[18+]
190550;190730;Любимое;74;Х/ф;Координаты неизвестны;[18+]
190730;191230;Любимое;74;Х/ф;Человек со свалки;[18+]
191230;191405;Любимое;74;Х/ф;Отчий дом;[18+]
191405;191415;Любимое;74;М/с;Весёлая карусель 13 с.;[6+]
191415;191430;Любимое;74;М/с;Весёлая карусель 14 с.;[6+]
191430;191440;Любимое;74;М/с;Весёлая карусель 15 с.;[6+]
191440;191450;Любимое;74;М/с;Весёлая карусель 16 с.;[6+]
191450;191500;Любимое;74;М/с;Весёлая карусель 17 с.;[6+]
191500;191510;Любимое;74;М/с;Весёлая карусель 18 с.;[16+]
191510;191520;Любимое;74;М/с;Весёлая карусель 19 с.;[6+]
191520;191535;Любимое;74;М/с;Весёлая карусель 20 с.;[16+]
191535;191540;Любимое;74;М/с;Весёлая карусель 21 с.;[12+]
191540;191550;Любимое;74;М/с;Весёлая карусель 22 с.;[12+]
191550;191600;Любимое;74;М/с;Весёлая карусель 23 с.;[6+]
191600;191610;Любимое;74;М/с;Весёлая карусель 24 с.;[6+]
191610;191620;Любимое;74;М/с;Весёлая карусель 25 с.;[16+]
191620;191810;Любимое;74;Х/ф;Верные друзья;[18+]
191810;192005;Любимое;74;Х/ф;Не валяй дурака!;[18+]
192005;192140;Любимое;74;Х/ф;Женские радости и печали;[18+]
192140;192320;Любимое;74;Х/ф;Мальчишку звали капитаном;[18+]
192320;200100;Любимое;74;Х/ф;Координаты неизвестны;[18+]
200100;200215;Любимое;74;Х/ф;Марица;[18+]
200215;200445;Любимое;74;Х/ф;Умные вещи;[18+]
200445;200610;Любимое;74;Х/ф;Перикола;[18+]
200610;200755;Любимое;74;Х/ф;Шельменко-денщик;[18+]
200755;200920;Любимое;74;Х/ф;Женские радости и печали;[18+]
200920;201045;Любимое;74;Х/ф;Мальчишку звали капитаном;[18+]
201045;201215;Любимое;74;Х/ф;Координаты неизвестны;[18+]
201215;201400;Любимое;74;Х/ф;Сельский врач;[18+]
201400;201415;Любимое;74;М/с;Весёлая карусель 26 с.;[6+]
201415;201425;Любимое;74;М/с;Весёлая карусель 27 с.;[12+]
201425;201435;Любимое;74;М/с;Весёлая карусель 28 с.;[12+]
201435;201445;Любимое;74;М/с;Весёлая карусель 29 с.;[6+]
201445;201455;Любимое;74;М/с;Весёлая карусель 30 с.;[6+]
201455;201505;Любимое;74;М/с;Весёлая карусель 31 с.;[6+]
201505;201515;Любимое;74;М/с;Весёлая карусель 32 с.;[12+]
201515;201520;Любимое;74;М/с;Весёлая карусель 33 с.;[12+]
201520;201535;Любимое;74;М/ф;Кто виноват?;[12+]
201535;201540;Любимое;74;М/ф;Где же медвежонок?;[0+]
201540;201555;Любимое;74;М/ф;Олень и волк;[6+]
201555;201615;Любимое;74;М/ф;Горный мастер;[6+]
201615;201805;Любимое;74;Х/ф;Дочки-матери;[18+]
201805;201920;Любимое;74;Х/ф;Марица;[18+]
201920;202145;Любимое;74;Х/ф;Умные вещи;[18+]
202145;202315;Любимое;74;Х/ф;Перикола;[18+]
202315;210100;Любимое;74;Х/ф;Шельменко-денщик;[18+]
210100;210220;Любимое;74;Т/с;Вход в лабиринт 1 с.;[18+]
210220;210340;Любимое;74;Т/с;Вход в лабиринт 2 с.;[18+]
210340;210505;Любимое;74;Т/с;Вход в лабиринт 3 с.;[18+]
210505;210620;Любимое;74;Т/с;Вход в лабиринт 4 с.;[18+]
210620;210740;Любимое;74;Т/с;Вход в лабиринт 5 с.;[18+]
210740;210950;Любимое;74;Х/ф;Умные вещи;[18+]
210950;211105;Любимое;74;Х/ф;Перикола;[18+]
211105;211235;Любимое;74;Х/ф;Шельменко-денщик;[18+]
211235;211400;Любимое;74;Х/ф;4:0 в пользу Танечки;[16+]
211400;211420;Любимое;74;М/ф;В гостях у лета;[6+]
211420;211445;Любимое;74;М/ф;Старые знакомые;[0+]
211445;211500;Любимое;74;М/ф;Снежные дорожки;[18+]
211500;211520;Любимое;74;М/ф;Шайбу! Шайбу!;[6+]
211520;211545;Любимое;74;М/ф;Матч-реванш;[6+]
211545;211555;Любимое;74;М/ф;Приходи на каток;[6+]
211555;211620;Любимое;74;М/ф;В лесной чаще;[6+]
211620;211630;Любимое;74;М/ф;Тринадцатый рейс;[16+]
211630;211820;Любимое;74;Х/ф;Вы чьё, старичьё?;[18+]
211820;211945;Любимое;74;Т/с;Вход в лабиринт 1 с.;[18+]
211945;212100;Любимое;74;Т/с;Вход в лабиринт 2 с.;[18+]
212100;212225;Любимое;74;Т/с;Вход в лабиринт 3 с.;[18+]
212225;212345;Любимое;74;Т/с;Вход в лабиринт 4 с.;[18+]
212345;220100;Любимое;74;Т/с;Вход в лабиринт 5 с.;[18+]
220100;220235;Любимое;74;Х/ф;Запасной игрок;[18+]
220235;220420;Любимое;74;Х/ф;Удар! Ещё удар!;[18+]
220420;220605;Любимое;74;Х/ф;Одиннадцать надежд;[18+]
220605;220755;Любимое;74;Х/ф;Центровой из поднебесья;[18+]
220755;220910;Любимое;74;Х/ф;Перикола;[18+]
220910;221015;Любимое;74;Х/ф;Марица;[18+]
221015;221130;Любимое;74;Х/ф;Странные взрослые;[18+]
221130;221250;Любимое;74;Х/ф;"В двух шагах от "Рая";[18+]
221250;221400;Любимое;74;Х/ф;Усатый нянь;[16+]
221400;221700;Любимое;74;Х/ф;Академия пана Кляксы;[18+]
221700;221810;Любимое;74;Х/ф;Последняя двойка;[12+]
221810;221940;Любимое;74;Х/ф;Запасной игрок;[18+]
221940;222125;Любимое;74;Х/ф;Удар! Ещё удар!;[18+]
222125;222315;Любимое;74;Х/ф;Одиннадцать надежд;[18+]
222315;230100;Любимое;74;Х/ф;Центровой из поднебесья;[18+]
230100;230330;Любимое;74;Х/ф;Знахарь;[18+]
230330;230515;Любимое;74;Х/ф;Ва-банк;[18+]
230515;230655;Любимое;74;Х/ф;Ва-банк-2, или Ответный удар;[18+]
230655;230820;Любимое;74;Х/ф;Запасной игрок;[18+]
230820;230955;Любимое;74;Х/ф;Удар! Ещё удар!;[18+]
230955;231130;Любимое;74;Х/ф;Одиннадцать надежд;[18+]
231130;231300;Любимое;74;Х/ф;Центровой из поднебесья;[18+]
231300;231400;Любимое;74;Х/ф;Золотой гусь;[18+]
231400;231700;Любимое;74;Х/ф;Путешествия пана Кляксы;[18+]
231700;231905;Любимое;74;Х/ф;Сельский врач;[18+]
231905;232135;Любимое;74;Х/ф;Знахарь;[18+]
232135;232320;Любимое;74;Х/ф;Ва-банк;[18+]
232320;240100;Любимое;74;Х/ф;Ва-банк-2, или Ответный удар;[18+]
240100;240215;Любимое;74;Х/ф;Ольга и Константин;[18+]
240215;240330;Любимое;74;Х/ф;Безбилетная пассажирка;[18+]
240330;240505;Любимое;74;Х/ф;Полосатый рейс;[18+]
240505;240655;Любимое;74;Х/ф;Печки-лавочки;[18+]
240655;240745;Любимое;74;Х/ф;Ва-банк;[18+]
170730;170857;НТВ Хит;88;Т/с;Под защитой 9 с.;[16+]
170857;170946;НТВ Хит;88;Т/с;Пасечник 17 с.;[16+]
170946;171032;НТВ Хит;88;Т/с;Пасечник 18 с.;[16+]
171032;171123;НТВ Хит;88;Т/с;Пасечник 19 с.;[16+]
171123;171218;НТВ Хит;88;Т/с;Пасечник 20 с.;[16+]
171218;171310;НТВ Хит;88;Т/с;Пасечник 21 с.;[16+]
171310;171406;НТВ Хит;88;Т/с;Пасечник 22 с.;[16+]
171406;171502;НТВ Хит;88;Т/с;Пасечник 23 с.;[16+]
171502;171548;НТВ Хит;88;Т/с;Пасечник 24 с.;[16+]
171548;171600;НТВ Хит;88;;Новости;[16+]
171600;171635;НТВ Хит;88;Т/с;Пасечник 25 с.;[16+]
171635;171637;НТВ Хит;88;;Новости;[16+]
171637;171658;НТВ Хит;88;Т/с;Пасечник 25 с.;[16+]
171658;171744;НТВ Хит;88;Т/с;Пасечник 26 с.;[16+]
171744;171756;НТВ Хит;88;;Новости;[16+]
171756;171853;НТВ Хит;88;Т/с;Пасечник 27 с.;[16+]
171853;171939;НТВ Хит;88;Т/с;Пасечник 28 с.;[16+]
171939;171950;НТВ Хит;88;;Новости;[16+]
171950;172047;НТВ Хит;88;Т/с;Пасечник 29 с.;[16+]
172047;172140;НТВ Хит;88;Т/с;Пасечник 30 с.;[16+]
172140;172148;НТВ Хит;88;Т/с;Пасечник 31 с.;[16+]
172148;172150;НТВ Хит;88;;Новости;[16+]
172150;172238;НТВ Хит;88;Т/с;Пасечник 31 с.;[16+]
172238;172246;НТВ Хит;88;Т/с;Пасечник 32 с.;[16+]
172246;172248;НТВ Хит;88;;Новости;[16+]
172248;172337;НТВ Хит;88;Т/с;Пасечник 32 с.;[16+]
172337;172345;НТВ Хит;88;Т/с;Пасечник 25 с.;[16+]
172345;172347;НТВ Хит;88;;Новости;[16+]
172347;180035;НТВ Хит;88;Т/с;Пасечник 25 с.;[16+]
180035;180127;НТВ Хит;88;Т/с;Пасечник 26 с.;[16+]
180127;180150;НТВ Хит;88;Т/с;Пасечник 27 с.;[16+]
180150;180152;НТВ Хит;88;;Новости;[16+]
180152;180225;НТВ Хит;88;Т/с;Пасечник 27 с.;[16+]
180225;180321;НТВ Хит;88;Т/с;Пасечник 28 с.;[16+]
180321;180343;НТВ Хит;88;Т/с;Пасечник 29 с.;[16+]
180343;180345;НТВ Хит;88;;Новости;[16+]
180345;180415;НТВ Хит;88;Т/с;Пасечник 29 с.;[16+]
180415;180510;НТВ Хит;88;Т/с;Пасечник 30 с.;[16+]
180510;180559;НТВ Хит;88;Т/с;Пасечник 31 с.;[16+]
180559;180649;НТВ Хит;88;Т/с;Пасечник 32 с.;[16+]
180649;180735;НТВ Хит;88;Т/с;Пасечник 25 с.;[16+]
180735;180853;НТВ Хит;88;Т/с;Пасечник 26 с.;[16+]
180853;180942;НТВ Хит;88;Т/с;Дикий 1 с.;[16+]
180942;181029;НТВ Хит;88;Т/с;Дикий 2 с.;[16+]
181029;181116;НТВ Хит;88;Т/с;Дикий 3 с.;[16+]
181116;181211;НТВ Хит;88;Т/с;Дикий 4 с.;[16+]
181211;181309;НТВ Хит;88;Т/с;Дикий 5 с.;[16+]
181309;181405;НТВ Хит;88;Т/с;Дикий 6 с.;[16+]
181405;181502;НТВ Хит;88;Т/с;Дикий 7 с.;[16+]
181502;181549;НТВ Хит;88;Т/с;Дикий 8 с.;[16+]
181549;181600;НТВ Хит;88;;Новости;[16+]
181600;181636;НТВ Хит;88;Т/с;Дикий 9 с.;[16+]
181636;181638;НТВ Хит;88;;Новости;[16+]
181638;181700;НТВ Хит;88;Т/с;Дикий 9 с.;[16+]
181700;181746;НТВ Хит;88;Т/с;Дикий 10 с.;[16+]
181746;181759;НТВ Хит;88;;Новости;[16+]
181759;181856;НТВ Хит;88;Т/с;Дикий 11 с.;[16+]
181856;181942;НТВ Хит;88;Т/с;Дикий 12 с.;[16+]
181942;181955;НТВ Хит;88;;Новости;[16+]
181955;182053;НТВ Хит;88;Т/с;Дикий 13 с.;[16+]
182053;182140;НТВ Хит;88;Т/с;Дикий 14 с.;[16+]
182140;182153;НТВ Хит;88;;Новости;[16+]
182153;182240;НТВ Хит;88;Т/с;Дикий 15 с.;[16+]
182240;182252;НТВ Хит;88;;Новости;[16+]
182252;182338;НТВ Хит;88;Т/с;Дикий 16 с.;[16+]
182338;182340;НТВ Хит;88;;Новости;[16+]
182340;182352;НТВ Хит;88;Т/с;Дикий 16 с.;[16+]
182352;190049;НТВ Хит;88;Т/с;Дикий 9 с.;[16+]
190049;190136;НТВ Хит;88;Т/с;Дикий 10 с.;[16+]
190136;190148;НТВ Хит;88;;Новости;[16+]
190148;190242;НТВ Хит;88;Т/с;Дикий 11 с.;[16+]
190242;190339;НТВ Хит;88;Т/с;Дикий 12 с.;[16+]
190339;190347;НТВ Хит;88;Т/с;Дикий 13 с.;[16+]
190347;190349;НТВ Хит;88;;Новости;[16+]
190349;190438;НТВ Хит;88;Т/с;Дикий 13 с.;[16+]
190438;190529;НТВ Хит;88;Т/с;Дикий 14 с.;[16+]
190529;190619;НТВ Хит;88;Т/с;Дикий 15 с.;[16+]
190619;190707;НТВ Хит;88;Т/с;Дикий 16 с.;[16+]
190707;190807;НТВ Хит;88;Т/с;Дикий 9 с.;[16+]
190807;190900;НТВ Хит;88;Т/с;Шеф. Игра на повышение 13 с.;[16+]
190900;190955;НТВ Хит;88;Т/с;Шеф. Игра на повышение 14 с.;[16+]
190955;191049;НТВ Хит;88;Т/с;Шеф. Игра на повышение 15 с.;[16+]
191049;191150;НТВ Хит;88;Т/с;Шеф. Игра на повышение 16 с.;[16+]
191150;191252;НТВ Хит;88;Т/с;Шеф. Игра на повышение 17 с.;[16+]
191252;191353;НТВ Хит;88;Т/с;Шеф. Игра на повышение 18 с.;[16+]
191353;191455;НТВ Хит;88;Т/с;Шеф. Игра на повышение 19 с.;[16+]
191455;191547;НТВ Хит;88;Т/с;Шеф. Игра на повышение 20 с.;[16+]
191547;191600;НТВ Хит;88;;Новости;[16+]
191600;191636;НТВ Хит;88;Т/с;Шеф. Возвращение 1 с.;[16+]
191636;191638;НТВ Хит;88;;Новости;[16+]
191638;191702;НТВ Хит;88;Т/с;Шеф. Возвращение 1 с.;[16+]
191702;191744;НТВ Хит;88;Т/с;Шеф. Возвращение 2 с.;[16+]
191744;191746;НТВ Хит;88;;Новости;[16+]
191746;191806;НТВ Хит;88;Т/с;Шеф. Возвращение 2 с.;[16+]
191806;191909;НТВ Хит;88;Т/с;Шеф. Возвращение 3 с.;[16+]
191909;191947;НТВ Хит;88;Т/с;Шеф. Возвращение 4 с.;[16+]
191947;191949;НТВ Хит;88;;Новости;[16+]
191949;192012;НТВ Хит;88;Т/с;Шеф. Возвращение 4 с.;[16+]
192012;192115;НТВ Хит;88;Т/с;Шеф. Возвращение 5 с.;[16+]
192115;192153;НТВ Хит;88;Т/с;Шеф. Возвращение 6 с.;[16+]
192153;192155;НТВ Хит;88;;Новости;[16+]
192155;192220;НТВ Хит;88;Т/с;Шеф. Возвращение 6 с.;[16+]
192220;192244;НТВ Хит;88;Т/с;Шеф. Возвращение 7 с.;[16+]
192244;192246;НТВ Хит;88;;Новости;[16+]
192246;192325;НТВ Хит;88;Т/с;Шеф. Возвращение 7 с.;[16+]
192325;192350;НТВ Хит;88;Т/с;Шеф. Возвращение 8 с.;[16+]
192350;192352;НТВ Хит;88;;Новости;[16+]
192352;200035;НТВ Хит;88;Т/с;Шеф. Возвращение 8 с.;[16+]
200035;200135;НТВ Хит;88;Т/с;Шеф. Возвращение 1 с.;[16+]
200135;200146;НТВ Хит;88;Т/с;Шеф. Возвращение 2 с.;[16+]
200146;200148;НТВ Хит;88;;Новости;[16+]
200148;200238;НТВ Хит;88;Т/с;Шеф. Возвращение 2 с.;[16+]
200238;200341;НТВ Хит;88;Т/с;Шеф. Возвращение 3 с.;[16+]
200341;200444;НТВ Хит;88;Т/с;Шеф. Возвращение 4 с.;[16+]
200444;200539;НТВ Хит;88;Т/с;Шеф. Возвращение 5 с.;[16+]
200539;200631;НТВ Хит;88;Т/с;Шеф. Возвращение 6 с.;[16+]
200631;200808;НТВ Хит;88;Т/с;Шеф. Возвращение 7 с.;[16+]
200808;200902;НТВ Хит;88;Т/с;Скорая помощь 9 с.;[16+]
200902;200958;НТВ Хит;88;Т/с;Скорая помощь 10 с.;[16+]
200958;201051;НТВ Хит;88;Т/с;Скорая помощь 11 с.;[16+]
201051;201153;НТВ Хит;88;Т/с;Скорая помощь 12 с.;[16+]
201153;201256;НТВ Хит;88;Т/с;Скорая помощь 13 с.;[16+]
201256;201357;НТВ Хит;88;Т/с;Скорая помощь 14 с.;[16+]
201357;201458;НТВ Хит;88;Т/с;Скорая помощь 15 с.;[16+]
201458;201545;НТВ Хит;88;Т/с;Скорая помощь 16 с.;[16+]
201545;201547;НТВ Хит;88;;Новости;[16+]
201547;201600;НТВ Хит;88;Т/с;Скорая помощь 16 с.;[16+]
201600;201638;НТВ Хит;88;Т/с;Скорая помощь 17 с.;[16+]
201638;201640;НТВ Хит;88;;Новости;[16+]
201640;201704;НТВ Хит;88;Т/с;Скорая помощь 17 с.;[16+]
201704;201746;НТВ Хит;88;Т/с;Скорая помощь 18 с.;[16+]
201746;201748;НТВ Хит;88;;Новости;[16+]
201748;201809;НТВ Хит;88;Т/с;Скорая помощь 18 с.;[16+]
201809;201910;НТВ Хит;88;Т/с;Скорая помощь 19 с.;[16+]
201910;201949;НТВ Хит;88;Т/с;Скорая помощь 20 с.;[16+]
201949;201951;НТВ Хит;88;;Новости;[16+]
201951;202015;НТВ Хит;88;Т/с;Скорая помощь 20 с.;[16+]
202015;202120;НТВ Хит;88;Т/с;Скорая помощь 21 с.;[16+]
202120;202143;НТВ Хит;88;Т/с;Скорая помощь 22 с.;[16+]
202143;202145;НТВ Хит;88;;Новости;[16+]
202145;202223;НТВ Хит;88;Т/с;Скорая помощь 22 с.;[16+]
202223;202248;НТВ Хит;88;Т/с;Скорая помощь 23 с.;[16+]
202248;202250;НТВ Хит;88;;Новости;[16+]
202250;202328;НТВ Хит;88;Т/с;Скорая помощь 23 с.;[16+]
202328;202351;НТВ Хит;88;Т/с;Скорая помощь 24 с.;[16+]
202351;202353;НТВ Хит;88;;Новости;[16+]
202353;210036;НТВ Хит;88;Т/с;Скорая помощь 24 с.;[16+]
210036;210138;НТВ Хит;88;Т/с;Скорая помощь 17 с.;[16+]
210138;210145;НТВ Хит;88;Т/с;Скорая помощь 18 с.;[16+]
210145;210147;НТВ Хит;88;;Новости;[16+]
210147;210242;НТВ Хит;88;Т/с;Скорая помощь 18 с.;[16+]
210242;210343;НТВ Хит;88;Т/с;Скорая помощь 19 с.;[16+]
210343;210350;НТВ Хит;88;Т/с;Скорая помощь 20 с.;[16+]
210350;210352;НТВ Хит;88;;Новости;[16+]
210352;210450;НТВ Хит;88;Т/с;Скорая помощь 20 с.;[16+]
210450;210544;НТВ Хит;88;Т/с;Скорая помощь 21 с.;[16+]
210544;210635;НТВ Хит;88;Т/с;Скорая помощь 22 с.;[16+]
210635;210808;НТВ Хит;88;Т/с;Скорая помощь 23 с.;[16+]
210808;210901;НТВ Хит;88;Т/с;Морские дьяволы. Дальние рубежи 1 с.;[16+]
210901;210954;НТВ Хит;88;Т/с;Морские дьяволы. Дальние рубежи 2 с.;[16+]
210954;211048;НТВ Хит;88;Т/с;Морские дьяволы. Дальние рубежи 3 с.;[16+]
211048;211149;НТВ Хит;88;Т/с;Морские дьяволы. Дальние рубежи 4 с.;[16+]
211149;211254;НТВ Хит;88;Т/с;Морские дьяволы. Дальние рубежи 5 с.;[16+]
211254;211357;НТВ Хит;88;Т/с;Морские дьяволы. Дальние рубежи 6 с.;[16+]
211357;211458;НТВ Хит;88;Т/с;Морские дьяволы. Дальние рубежи 7 с.;[16+]
211458;211546;НТВ Хит;88;Т/с;Морские дьяволы. Дальние рубежи 8 с.;[16+]
211546;211600;НТВ Хит;88;;Новости;[16+]
211600;211638;НТВ Хит;88;Т/с;Морские дьяволы. Дальние рубежи 9 с.;[16+]
211638;211640;НТВ Хит;88;;Новости;[16+]
211640;211705;НТВ Хит;88;Т/с;Морские дьяволы. Дальние рубежи 9 с.;[16+]
211705;211746;НТВ Хит;88;Т/с;Морские дьяволы. Дальние рубежи 10 с.;[16+]
211746;211748;НТВ Хит;88;;Новости;[16+]
211748;211810;НТВ Хит;88;Т/с;Морские дьяволы. Дальние рубежи 10 с.;[16+]
211810;211910;НТВ Хит;88;Т/с;Морские дьяволы. Дальние рубежи 11 с.;[16+]
211910;211947;НТВ Хит;88;Т/с;Морские дьяволы. Дальние рубежи 12 с.;[16+]
211947;211949;НТВ Хит;88;;Новости;[16+]
211949;212011;НТВ Хит;88;Т/с;Морские дьяволы. Дальние рубежи 12 с.;[16+]
212011;212118;НТВ Хит;88;Т/с;Морские дьяволы. Дальние рубежи 13 с.;[16+]
212118;212141;НТВ Хит;88;Т/с;Морские дьяволы. Дальние рубежи 14 с.;[16+]
212141;212143;НТВ Хит;88;;Новости;[16+]
212143;212220;НТВ Хит;88;Т/с;Морские дьяволы. Дальние рубежи 14 с.;[16+]
212220;212242;НТВ Хит;88;Т/с;Морские дьяволы. Дальние рубежи 15 с.;[16+]
212242;212244;НТВ Хит;88;;Новости;[16+]
212244;212322;НТВ Хит;88;Т/с;Морские дьяволы. Дальние рубежи 15 с.;[16+]
212322;212347;НТВ Хит;88;Т/с;Морские дьяволы. Дальние рубежи 16 с.;[16+]
212347;212349;НТВ Хит;88;;Новости;[16+]
212349;220025;НТВ Хит;88;Т/с;Морские дьяволы. Дальние рубежи 16 с.;[16+]
220025;220128;НТВ Хит;88;Т/с;Морские дьяволы. Дальние рубежи 9 с.;[16+]
220128;220152;НТВ Хит;88;Т/с;Морские дьяволы. Дальние рубежи 10 с.;[16+]
220152;220154;НТВ Хит;88;;Новости;[16+]
220154;220236;НТВ Хит;88;Т/с;Морские дьяволы. Дальние рубежи 10 с.;[16+]
220236;220335;НТВ Хит;88;Т/с;Морские дьяволы. Дальние рубежи 11 с.;[16+]
220335;220341;НТВ Хит;88;Т/с;Морские дьяволы. Дальние рубежи 12 с.;[16+]
220341;220343;НТВ Хит;88;;Новости;[16+]
220343;220437;НТВ Хит;88;Т/с;Морские дьяволы. Дальние рубежи 12 с.;[16+]
220437;220532;НТВ Хит;88;Т/с;Морские дьяволы. Дальние рубежи 13 с.;[16+]
220532;220625;НТВ Хит;88;Т/с;Морские дьяволы. Дальние рубежи 14 с.;[16+]
220625;220716;НТВ Хит;88;Т/с;Морские дьяволы. Дальние рубежи 15 с.;[16+]
220716;220814;НТВ Хит;88;Т/с;Морские дьяволы. Дальние рубежи 16 с.;[16+]
220814;220907;НТВ Хит;88;Т/с;Канцелярская крыса. Большой передел 5 с.;[16+]
220907;221000;НТВ Хит;88;Т/с;Канцелярская крыса. Большой передел 6 с.;[16+]
221000;221053;НТВ Хит;88;Т/с;Канцелярская крыса. Большой передел 7 с.;[16+]
221053;221153;НТВ Хит;88;Т/с;Канцелярская крыса. Большой передел 8 с.;[16+]
221153;221256;НТВ Хит;88;Т/с;Канцелярская крыса. Большой передел 9 с.;[16+]
221256;221357;НТВ Хит;88;Т/с;Канцелярская крыса. Большой передел 10 с.;[16+]
221357;221458;НТВ Хит;88;Т/с;Канцелярская крыса. Большой передел 11 с.;[16+]
221458;221600;НТВ Хит;88;Т/с;Канцелярская крыса. Большой передел 12 с.;[16+]
221600;221703;НТВ Хит;88;Т/с;Канцелярская крыса. Большой передел 13 с.;[16+]
221703;221806;НТВ Хит;88;Т/с;Канцелярская крыса. Большой передел 14 с.;[16+]
221806;221906;НТВ Хит;88;Т/с;Канцелярская крыса. Большой передел 15 с.;[16+]
221906;222007;НТВ Хит;88;Т/с;Канцелярская крыса. Большой передел 16 с.;[16+]
222007;222110;НТВ Хит;88;Т/с;Канцелярская крыса. Большой передел 17 с.;[16+]
222110;222210;НТВ Хит;88;Т/с;Канцелярская крыса. Большой передел 18 с.;[16+]
222210;222312;НТВ Хит;88;Т/с;Канцелярская крыса. Большой передел 19 с.;[16+]
222312;230016;НТВ Хит;88;Т/с;Канцелярская крыса. Большой передел 20 с.;[16+]
230016;230119;НТВ Хит;88;Т/с;Канцелярская крыса. Большой передел 13 с.;[16+]
230119;230221;НТВ Хит;88;Т/с;Канцелярская крыса. Большой передел 14 с.;[16+]
230221;230322;НТВ Хит;88;Т/с;Канцелярская крыса. Большой передел 15 с.;[16+]
230322;230423;НТВ Хит;88;Т/с;Канцелярская крыса. Большой передел 16 с.;[16+]
230423;230522;НТВ Хит;88;Т/с;Канцелярская крыса. Большой передел 17 с.;[16+]
230522;230613;НТВ Хит;88;Т/с;Канцелярская крыса. Большой передел 18 с.;[16+]
230613;230708;НТВ Хит;88;Т/с;Канцелярская крыса. Большой передел 19 с.;[16+]
230708;230825;НТВ Хит;88;Т/с;Канцелярская крыса. Большой передел 20 с.;[16+]
230825;230917;НТВ Хит;88;Т/с;Под защитой 9 с.;[16+]
230917;231009;НТВ Хит;88;Т/с;Под защитой 10 с.;[16+]
231009;231102;НТВ Хит;88;Т/с;Под защитой 11 с.;[16+]
231102;231202;НТВ Хит;88;Т/с;Под защитой 12 с.;[16+]
231202;231302;НТВ Хит;88;Т/с;Под защитой 13 с.;[16+]
231302;231402;НТВ Хит;88;Т/с;Под защитой 14 с.;[16+]
231402;231501;НТВ Хит;88;Т/с;Под защитой 15 с.;[16+]
231501;231600;НТВ Хит;88;Т/с;Под защитой 16 с.;[16+]
231600;231703;НТВ Хит;88;Т/с;Стражник 1 с.;[16+]
231703;231802;НТВ Хит;88;Т/с;Стражник 2 с.;[16+]
231802;231905;НТВ Хит;88;Т/с;Стражник 3 с.;[16+]
231905;232005;НТВ Хит;88;Т/с;Стражник 4 с.;[16+]
232005;232108;НТВ Хит;88;Т/с;Стражник 5 с.;[16+]
232108;232210;НТВ Хит;88;Т/с;Стражник 6 с.;[16+]
232210;232312;НТВ Хит;88;Т/с;Стражник 7 с.;[16+]
232312;240014;НТВ Хит;88;Т/с;Стражник 8 с.;[16+]
240014;240121;НТВ Хит;88;Т/с;Стражник 1 с.;[16+]
240121;240219;НТВ Хит;88;Т/с;Стражник 2 с.;[16+]
240219;240322;НТВ Хит;88;Т/с;Стражник 3 с.;[16+]
240322;240423;НТВ Хит;88;Т/с;Стражник 4 с.;[16+]
240423;240523;НТВ Хит;88;Т/с;Стражник 5 с.;[16+]
240523;240615;НТВ Хит;88;Т/с;Стражник 6 с.;[16+]
240615;240730;НТВ Хит;88;Т/с;Стражник 7 с.;[16+]
170700;170750;BOLT;100;Т/с;Академия 60 с.;[16+]
170750;170840;BOLT;100;Т/с;Академия 1 с.;[16+]
170840;170930;BOLT;100;Т/с;Академия 2 с.;[16+]
170930;170940;BOLT;100;Д/с;Хроники общественного быта 6 с.;[16+]
170940;171000;BOLT;100;Д/с;Хроники общественного быта;[16+]
171000;171015;BOLT;100;Д/с;Хроники общественного быта;[16+]
171015;171105;BOLT;100;Т/с;Сёстры по крови 68 с.;[16+]
171105;171155;BOLT;100;Т/с;Сёстры по крови 69 с.;[16+]
171155;171250;BOLT;100;Т/с;Сёстры по крови 70 с.;[16+]
171250;171345;BOLT;100;Т/с;Анна-детективъ 33 с.;[]
171345;171435;BOLT;100;Т/с;Анна-детективъ 34 с.;[]
171435;171530;BOLT;100;Т/с;Анна-детективъ 35 с.;[]
171530;171625;BOLT;100;Т/с;Анна-детективъ 36 с.;[]
171625;171715;BOLT;100;Т/с;Анна-детективъ 37 с.;[]
171715;171810;BOLT;100;Т/с;Анна-детективъ 38 с.;[]
171810;171905;BOLT;100;Т/с;Анна-детективъ 39 с.;[]
171905;172000;BOLT;100;Т/с;Анна-детективъ 40 с.;[]
172000;172050;BOLT;100;Т/с;Анна-детективъ 41 с.;[]
172050;172145;BOLT;100;Т/с;Анна-детективъ 42 с.;[]
172145;172235;BOLT;100;Т/с;Анна-детективъ 43 с.;[]
172235;172330;BOLT;100;Т/с;Анна-детективъ 44 с.;[]
172330;180025;BOLT;100;Т/с;Анна-детективъ 45 с.;[]
180025;180120;BOLT;100;Т/с;Анна-детективъ 46 с.;[]
180120;180215;BOLT;100;Т/с;Анна-детективъ 47 с.;[]
180215;180305;BOLT;100;Т/с;Анна-детективъ 48 с.;[]
180305;180405;BOLT;100;Т/с;Штрафник 1 с.;[]
180405;180505;BOLT;100;Т/с;Штрафник 2 с.;[]
180505;180555;BOLT;100;Т/с;Штрафник 3 с.;[]
180555;180645;BOLT;100;Т/с;Академия 1 с.;[16+]
180645;180735;BOLT;100;Т/с;Академия 2 с.;[16+]
180735;180825;BOLT;100;Т/с;Академия 3 с.;[16+]
180825;180910;BOLT;100;Т/с;Академия 4 с.;[16+]
180910;181000;BOLT;100;Т/с;Академия 5 с.;[16+]
181000;181010;BOLT;100;Д/с;Хроники общественного быта 9 с.;[16+]
181010;181100;BOLT;100;Т/с;Сёстры по крови 71 с.;[16+]
181100;181155;BOLT;100;Т/с;Сёстры по крови 72 с.;[16+]
181155;181250;BOLT;100;Т/с;Сёстры по крови 73 с.;[16+]
181250;181340;BOLT;100;Т/с;Анна-детективъ 41 с.;[]
181340;181435;BOLT;100;Т/с;Анна-детективъ 42 с.;[]
181435;181530;BOLT;100;Т/с;Анна-детективъ 43 с.;[]
181530;181620;BOLT;100;Т/с;Анна-детективъ 44 с.;[]
181620;181715;BOLT;100;Т/с;Анна-детективъ 45 с.;[]
181715;181810;BOLT;100;Т/с;Анна-детективъ 46 с.;[]
181810;181905;BOLT;100;Т/с;Анна-детективъ 47 с.;[]
181905;182000;BOLT;100;Т/с;Анна-детективъ 48 с.;[]
182000;182050;BOLT;100;Т/с;Анна-детективъ 49 с.;[]
182050;182145;BOLT;100;Т/с;Анна-детективъ 50 с.;[]
182145;182240;BOLT;100;Т/с;Анна-детективъ 51 с.;[]
182240;182330;BOLT;100;Т/с;Анна-детективъ 52 с.;[]
182330;190025;BOLT;100;Т/с;Анна-детективъ 53 с.;[]
190025;190115;BOLT;100;Т/с;Анна-детективъ 54 с.;[]
190115;190210;BOLT;100;Т/с;Анна-детективъ 55 с.;[]
190210;190300;BOLT;100;Т/с;Анна-детективъ 56 с.;[]
190300;190400;BOLT;100;Т/с;Штрафник 3 с.;[]
190400;190500;BOLT;100;Т/с;Штрафник 4 с.;[]
190500;190555;BOLT;100;Т/с;Штрафник 5 с.;[]
190555;190640;BOLT;100;Т/с;Академия 3 с.;[16+]
190640;190730;BOLT;100;Т/с;Академия 4 с.;[16+]
190730;190820;BOLT;100;Т/с;Академия 5 с.;[16+]
190820;190905;BOLT;100;Т/с;Академия 6 с.;[16+]
190905;191005;BOLT;100;Т/с;Академия 7 с.;[16+]
191005;191015;BOLT;100;Д/с;Хроники общественного быта;[16+]
191015;191105;BOLT;100;Т/с;Сёстры по крови 74 с.;[16+]
191105;191200;BOLT;100;Т/с;Сёстры по крови 75 с.;[16+]
191200;191255;BOLT;100;Т/с;Сёстры по крови 76 с.;[16+]
191255;191345;BOLT;100;Т/с;Анна-детективъ 49 с.;[]
191345;191440;BOLT;100;Т/с;Анна-детективъ 50 с.;[]
191440;191535;BOLT;100;Т/с;Анна-детективъ 51 с.;[]
191535;191625;BOLT;100;Т/с;Анна-детективъ 52 с.;[]
191625;191720;BOLT;100;Т/с;Анна-детективъ 53 с.;[]
191720;191815;BOLT;100;Т/с;Анна-детективъ 54 с.;[]
191815;191905;BOLT;100;Т/с;Анна-детективъ 55 с.;[]
191905;192000;BOLT;100;Т/с;Анна-детективъ 56 с.;[]
192000;192050;BOLT;100;Т/с;Анна-детективъ 1 с.;[]
192050;192140;BOLT;100;Т/с;Анна-детективъ 2 с.;[]
192140;192230;BOLT;100;Т/с;Анна-детективъ 3 с.;[]
192230;192325;BOLT;100;Т/с;Анна-детективъ 4 с.;[]
192325;200015;BOLT;100;Т/с;Анна-детективъ 5 с.;[]
200015;200105;BOLT;100;Т/с;Анна-детективъ 6 с.;[]
200105;200200;BOLT;100;Т/с;Анна-детективъ 7 с.;[]
200200;200250;BOLT;100;Т/с;Анна-детективъ 8 с.;[]
200250;200350;BOLT;100;Т/с;Штрафник 5 с.;[]
200350;200445;BOLT;100;Т/с;Штрафник 6 с.;[]
200445;200540;BOLT;100;Т/с;Штрафник 7 с.;[]
200540;200630;BOLT;100;Т/с;Академия 5 с.;[16+]
200630;200715;BOLT;100;Т/с;Академия 6 с.;[16+]
200715;200805;BOLT;100;Т/с;Академия 7 с.;[16+]
200805;200850;BOLT;100;Т/с;Академия 8 с.;[16+]
200850;200940;BOLT;100;Т/с;Академия 9 с.;[16+]
200940;201000;BOLT;100;Д/с;Хроники общественного быта 1 с.;[16+]
201000;201015;BOLT;100;Д/с;Хроники общественного быта 4 с.;[16+]
201015;201030;BOLT;100;Д/с;Хроники общественного быта 5 с.;[16+]
201030;201120;BOLT;100;Т/с;Сёстры по крови 77 с.;[16+]
201120;201210;BOLT;100;Т/с;Сёстры по крови 78 с.;[16+]
201210;201305;BOLT;100;Т/с;Сёстры по крови 79 с.;[]
201305;201400;BOLT;100;Т/с;Анна-детективъ 1 с.;[]
201400;201450;BOLT;100;Т/с;Анна-детективъ 2 с.;[]
201450;201540;BOLT;100;Т/с;Анна-детективъ 3 с.;[]
201540;201630;BOLT;100;Т/с;Анна-детективъ 4 с.;[]
201630;201725;BOLT;100;Т/с;Анна-детективъ 5 с.;[]
201725;201815;BOLT;100;Т/с;Анна-детективъ 6 с.;[]
201815;201905;BOLT;100;Т/с;Анна-детективъ 7 с.;[]
201905;202000;BOLT;100;Т/с;Анна-детективъ 8 с.;[]
202000;202050;BOLT;100;Т/с;Анна-детективъ 9 с.;[]
202050;202140;BOLT;100;Т/с;Анна-детективъ 10 с.;[]
202140;202235;BOLT;100;Т/с;Анна-детективъ 11 с.;[]
202235;202325;BOLT;100;Т/с;Анна-детективъ 12 с.;[]
202325;210015;BOLT;100;Т/с;Анна-детективъ 13 с.;[]
210015;210105;BOLT;100;Т/с;Анна-детективъ 14 с.;[]
210105;210200;BOLT;100;Т/с;Анна-детективъ 15 с.;[]
210200;210250;BOLT;100;Т/с;Анна-детективъ 16 с.;[]
210250;210350;BOLT;100;Т/с;Штрафник 7 с.;[]
210350;210445;BOLT;100;Т/с;Штрафник 8 с.;[]
210445;210540;BOLT;100;Т/с;Штрафник 9 с.;[]
210540;210630;BOLT;100;Т/с;Академия 7 с.;[16+]
210630;210715;BOLT;100;Т/с;Академия 8 с.;[16+]
210715;210805;BOLT;100;Т/с;Академия 9 с.;[16+]
210805;210855;BOLT;100;Т/с;Академия 10 с.;[16+]
210855;210940;BOLT;100;Т/с;Академия 11 с.;[16+]
210940;211000;BOLT;100;Д/с;Хроники общественного быта 2 с.;[16+]
211000;211015;BOLT;100;Д/с;Хроники общественного быта 3 с.;[16+]
211015;211030;BOLT;100;Д/с;Хроники общественного быта 11 с.;[16+]
211030;211120;BOLT;100;Т/с;Сёстры по крови 80 с.;[]
211120;211210;BOLT;100;Т/с;Сёстры по крови 81 с.;[]
211210;211305;BOLT;100;Т/с;Сёстры по крови 82 с.;[]
211305;211355;BOLT;100;Т/с;Анна-детективъ 9 с.;[]
211355;211450;BOLT;100;Т/с;Анна-детективъ 10 с.;[]
211450;211540;BOLT;100;Т/с;Анна-детективъ 11 с.;[]
211540;211630;BOLT;100;Т/с;Анна-детективъ 12 с.;[]
211630;211725;BOLT;100;Т/с;Анна-детективъ 13 с.;[]
211725;211815;BOLT;100;Т/с;Анна-детективъ 14 с.;[]
211815;211905;BOLT;100;Т/с;Анна-детективъ 15 с.;[]
211905;212000;BOLT;100;Т/с;Анна-детективъ 16 с.;[]
212000;212050;BOLT;100;Т/с;Анна-детективъ 17 с.;[]
212050;212140;BOLT;100;Т/с;Анна-детективъ 18 с.;[]
212140;212235;BOLT;100;Т/с;Анна-детективъ 19 с.;[]
212235;212325;BOLT;100;Т/с;Анна-детективъ 20 с.;[]
212325;220015;BOLT;100;Т/с;Анна-детективъ 21 с.;[]
220015;220110;BOLT;100;Т/с;Анна-детективъ 22 с.;[]
220110;220200;BOLT;100;Т/с;Анна-детективъ 23 с.;[]
220200;220250;BOLT;100;Т/с;Анна-детективъ 24 с.;[]
220250;220345;BOLT;100;Т/с;Штрафник 10 с.;[]
220345;220445;BOLT;100;Т/с;Штрафник 11 с.;[]
220445;220540;BOLT;100;Т/с;Штрафник 12 с.;[]
220540;220630;BOLT;100;Т/с;Академия 9 с.;[16+]
220630;220715;BOLT;100;Т/с;Академия 10 с.;[16+]
220715;220805;BOLT;100;Т/с;Академия 11 с.;[16+]
220805;220855;BOLT;100;Т/с;Академия 12 с.;[16+]
220855;220940;BOLT;100;Т/с;Академия 13 с.;[16+]
220940;221000;BOLT;100;Д/с;Хроники общественного быта 6 с.;[16+]
221000;221045;BOLT;100;Т/с;Анна-детективъ 39 с.;[]
221045;221140;BOLT;100;Т/с;Анна-детективъ 40 с.;[]
221140;221235;BOLT;100;Т/с;Анна-детективъ 41 с.;[]
221235;221325;BOLT;100;Т/с;Анна-детективъ 42 с.;[]
221325;221420;BOLT;100;Т/с;Анна-детективъ 43 с.;[]
221420;221515;BOLT;100;Т/с;Анна-детективъ 44 с.;[]
221515;221610;BOLT;100;Т/с;Анна-детективъ 45 с.;[]
221610;221700;BOLT;100;Т/с;Анна-детективъ 46 с.;[]
221700;221755;BOLT;100;Т/с;Анна-детективъ 47 с.;[]
221755;221850;BOLT;100;Т/с;Анна-детективъ 48 с.;[]
221850;221945;BOLT;100;Т/с;Анна-детективъ 49 с.;[]
221945;222035;BOLT;100;Т/с;Анна-детективъ 50 с.;[]
222035;222130;BOLT;100;Т/с;Анна-детективъ 51 с.;[]
222130;222225;BOLT;100;Т/с;Анна-детективъ 52 с.;[]
222225;222315;BOLT;100;Т/с;Анна-детективъ 53 с.;[]
222315;230010;BOLT;100;Т/с;Анна-детективъ 54 с.;[]
230010;230100;BOLT;100;Т/с;Анна-детективъ 55 с.;[]
230100;230155;BOLT;100;Т/с;Анна-детективъ 56 с.;[]
230155;230250;BOLT;100;Т/с;Академия 1 с.;[16+]
230250;230340;BOLT;100;Т/с;Академия 2 с.;[16+]
230340;230435;BOLT;100;Т/с;Академия 3 с.;[16+]
230435;230525;BOLT;100;Т/с;Академия 4 с.;[16+]
230525;230615;BOLT;100;Т/с;Академия 5 с.;[16+]
230615;230705;BOLT;100;Т/с;Академия 6 с.;[16+]
230705;230750;BOLT;100;Т/с;Академия 7 с.;[16+]
230750;230840;BOLT;100;Т/с;Академия 8 с.;[16+]
230840;230930;BOLT;100;Т/с;Академия 9 с.;[16+]
230930;230940;BOLT;100;Д/с;Хроники общественного быта;[16+]
230940;231000;BOLT;100;Д/с;Хроники общественного быта;[16+]
231000;231045;BOLT;100;Т/с;Анна-детективъ 1 с.;[]
231045;231135;BOLT;100;Т/с;Анна-детективъ 2 с.;[]
231135;231230;BOLT;100;Т/с;Анна-детективъ 3 с.;[]
231230;231320;BOLT;100;Т/с;Анна-детективъ 4 с.;[]
231320;231410;BOLT;100;Т/с;Анна-детективъ 5 с.;[]
231410;231505;BOLT;100;Т/с;Анна-детективъ 6 с.;[]
231505;231555;BOLT;100;Т/с;Анна-детективъ 7 с.;[]
231555;231645;BOLT;100;Т/с;Анна-детективъ 8 с.;[]
231645;231735;BOLT;100;Т/с;Анна-детективъ 9 с.;[]
231735;231830;BOLT;100;Т/с;Анна-детективъ 10 с.;[]
231830;231920;BOLT;100;Т/с;Анна-детективъ 11 с.;[]
231920;232010;BOLT;100;Т/с;Анна-детективъ 12 с.;[]
232010;232105;BOLT;100;Т/с;Анна-детективъ 13 с.;[]
232105;232155;BOLT;100;Т/с;Анна-детективъ 14 с.;[]
232155;232245;BOLT;100;Т/с;Анна-детективъ 15 с.;[]
232245;232340;BOLT;100;Т/с;Анна-детективъ 16 с.;[]
232340;240030;BOLT;100;Т/с;Анна-детективъ 17 с.;[]
240030;240120;BOLT;100;Т/с;Анна-детективъ 18 с.;[]
240120;240215;BOLT;100;Т/с;Анна-детективъ 19 с.;[]
240215;240305;BOLT;100;Т/с;Анна-детективъ 20 с.;[]
240305;240355;BOLT;100;Т/с;Анна-детективъ 21 с.;[]
240355;240450;BOLT;100;Т/с;Анна-детективъ 22 с.;[]
240450;240535;BOLT;100;Т/с;Анна-детективъ 23 с.;[]
240535;240620;BOLT;100;Т/с;Анна-детективъ 24 с.;[]
240620;240700;BOLT;100;Т/с;Академия 10 с.;[16+]
170850;170950;Победа;36;;Путь к Победе;[16+]
170950;171130;Победа;36;Х/ф;Спасти Ленинград;[16+]
171130;171850;Победа;36;Т/с;Снайперы. Любовь под прицелом;[16+]
171850;180400;Победа;36;Т/с;Застава Жилина;[16+]
180400;180550;Победа;36;Х/ф;Единичка;[16+]
180550;180720;Победа;36;Х/ф;Я - учитель;[16+]
180720;180845;Победа;36;Х/ф;Вертикаль;[16+]
180845;180945;Победа;36;;Путь к Победе;[16+]
180945;181130;Победа;36;Х/ф;Рябиновый вальс;[16+]
181130;182200;Победа;36;Т/с;Апостол;[16+]
182200;190145;Победа;36;Т/с;Молчание;[16+]
190145;190525;Победа;36;Т/с;Под неласковым небом;[16+]
190525;190705;Победа;36;Х/ф;Рубеж;[16+]
190705;190830;Победа;36;Х/ф;Солдатик;[12+]
190830;190930;Победа;36;;Путь к Победе;[16+]
190930;191130;Победа;36;Х/ф;Водитель для Веры;[16+]
191130;192210;Победа;36;Т/с;Второе зрение;[16+]
192210;200150;Победа;36;Х/ф;Кремень;[16+]
200150;200535;Победа;36;Х/ф;Кремень. Освобождение;[16+]
200535;200720;Победа;36;Х/ф;Легенда о самбо;[16+]
200720;200910;Победа;36;Х/ф;На острие;[16+]
200910;201005;Победа;36;;Путь к Победе;[16+]
201005;201130;Победа;36;Х/ф;Калачи;[16+]
201130;201900;Победа;36;Т/с;Курорт цвета хаки;[16+]
201900;202240;Победа;36;Х/ф;Прощаться не будем;[12+]
202240;210210;Победа;36;Х/ф;Три дня лейтенанта Кравцова;[16+]
210210;210350;Победа;36;Х/ф;Суворовец 1944;[16+]
210350;210550;Победа;36;Х/ф;Судьба диверсанта;[16+]
210550;210715;Победа;36;Х/ф;Кадиш;[16+]
210715;210900;Победа;36;Х/ф;Егерь;[16+]
210900;211000;Победа;36;;Путь к Победе;[16+]
211000;211130;Победа;36;Х/ф;Временные трудности;[16+]
211130;211510;Победа;36;Т/с;Ялта-45;[16+]
211510;211910;Победа;36;Т/с;Без права на ошибку;[16+]
211910;212330;Победа;36;Х/ф;"Позывной "Журавли";[16+]
212330;220320;Победа;36;Т/с;Грозовые ворота;[16+]
220320;220545;Победа;36;Х/ф;Последнее испытание;[16+]
220545;220805;Победа;36;Х/ф;Тренер;[16+]
220805;220920;Победа;36;Х/ф;Отряд особого назначения;[16+]
220920;221100;Победа;36;Х/ф;Сестрёнка;[12+]
221100;221255;Победа;36;Х/ф;Лето 1941 года;[16+]
221255;221500;Победа;36;Х/ф;Смотри на меня!;[16+]
221500;222230;Победа;36;Т/с;Военная разведка. Северный фронт;[16+]
222230;230200;Победа;36;Т/с;"Задания особой важности. Операция "Тайфун";[16+]
230200;230400;Победа;36;Х/ф;Марш-бросок;[16+]
230400;230555;Победа;36;Х/ф;Мистер Нокаут;[16+]
230555;230735;Победа;36;Х/ф;Чемпионы: Быстрее. Выше. Сильнее;[16+]
230735;230910;Победа;36;Х/ф;Чемпионы;[16+]
230910;231135;Победа;36;Х/ф;Волкодав из рода Серых Псов;[16+]
231135;231400;Победа;36;Х/ф;Викинг;[16+]
231400;240210;Победа;36;Т/с;Собор;[16+]
240210;240415;Победа;36;Х/ф;Слуга государев;[16+]
240415;240620;Победа;36;Т/с;Батальон;[16+]
240620;240850;Победа;36;Х/ф;Контрибуция;[16+]
170825;171000;Киноужас;70;Х/ф;Джестер 2;[]
171000;171140;Киноужас;70;Х/ф;Они;[18+]
171140;171315;Киноужас;70;Х/ф;Девушка в окне;[18+]
171315;171455;Киноужас;70;Х/ф;Дом тьмы;[18+]
171455;171645;Киноужас;70;Х/ф;Яма;[18+]
171645;171845;Киноужас;70;Х/ф;Долгая прогулка;[18+]
171845;172030;Киноужас;70;Х/ф;Верни меня из мёртвых;[18+]
172030;172215;Киноужас;70;Х/ф;Красивый, плохой, злой: Начало;[18+]
172215;172310;Киноужас;70;Т/с;Метод 1 с.;[18+]
172310;180015;Киноужас;70;Т/с;Метод 2 с.;[18+]
180015;180210;Киноужас;70;Х/ф;Воображаемый друг;[]
180210;180355;Киноужас;70;Х/ф;Два, три, демон, приди!;[18+]
180355;180600;Киноужас;70;Х/ф;Заговор дьявола;[18+]
180600;180835;Киноужас;70;Х/ф;Призраки квартиры 203;[16+]
180835;181020;Киноужас;70;Х/ф;Заклятье. Первое пробуждение;[18+]
181020;181200;Киноужас;70;Х/ф;Кукла. Последнее проклятие;[18+]
181200;181340;Киноужас;70;Х/ф;Жестокая расплата;[16+]
181340;181525;Киноужас;70;Х/ф;Ужасающие;[18+]
181525;181700;Киноужас;70;Х/ф;Несломленная;[18+]
181700;181840;Киноужас;70;Х/ф;100 дней на жизнь;[18+]
181840;182020;Киноужас;70;Х/ф;Кровавый урожай;[18+]
182020;182215;Киноужас;70;Х/ф;Воображаемый друг;[]
182215;182315;Киноужас;70;Т/с;Метод 3 с.;[18+]
182315;190015;Киноужас;70;Т/с;Метод 4 с.;[18+]
190015;190145;Киноужас;70;Х/ф;Запретная зона;[]
190145;190335;Киноужас;70;Х/ф;Мако. Убийца из глубины;[18+]
190335;190540;Киноужас;70;Х/ф;Проклятие ведьмы;[16+]
190540;190800;Киноужас;70;Х/ф;Радиовспышка;[16+]
190800;190955;Киноужас;70;Х/ф;Пункт назначения: Поезд № 13;[18+]
190955;191140;Киноужас;70;Х/ф;Пропуск занятий;[18+]
191140;191320;Киноужас;70;Х/ф;Красивый, плохой, злой: Начало;[18+]
191320;191505;Киноужас;70;Х/ф;Верни меня из мёртвых;[18+]
191505;191705;Киноужас;70;Х/ф;Долгая прогулка;[18+]
191705;191845;Киноужас;70;Х/ф;Они;[18+]
191845;192040;Киноужас;70;Х/ф;Яма;[18+]
192040;192215;Киноужас;70;Х/ф;Запретная зона;[]
192215;192315;Киноужас;70;Т/с;Метод 5 с.;[18+]
192315;200015;Киноужас;70;Т/с;Метод 6 с.;[18+]
200015;200135;Киноужас;70;Х/ф;Глазами пса;[16+]
200135;200315;Киноужас;70;Х/ф;Обитель лжи;[18+]
200315;200450;Киноужас;70;Х/ф;Дом тьмы;[18+]
200450;200700;Киноужас;70;Х/ф;Скелеты железного острова;[16+]
200700;200835;Киноужас;70;Х/ф;Дитя тьмы;[18+]
200835;201015;Киноужас;70;Х/ф;Кукла. Последнее проклятие;[18+]
201015;201220;Киноужас;70;Х/ф;Заговор дьявола;[18+]
201220;201400;Киноужас;70;Х/ф;Кровавый урожай;[18+]
201400;201535;Киноужас;70;Х/ф;100 дней на жизнь;[18+]
201535;201720;Киноужас;70;Х/ф;Жестокая расплата;[16+]
201720;201915;Киноужас;70;Х/ф;Воображаемый друг;[]
201915;202050;Киноужас;70;Х/ф;Несломленная;[18+]
202050;202210;Киноужас;70;Х/ф;Глазами пса;[16+]
202210;202315;Киноужас;70;Т/с;Метод 7 с.;[18+]
202315;210015;Киноужас;70;Т/с;Метод 8 с.;[18+]
210015;210205;Киноужас;70;Х/ф;Нечто. Монстр из глубин;[]
210205;210355;Киноужас;70;Х/ф;Паранойя;[16+]
210355;210535;Киноужас;70;Х/ф;Они;[18+]
210535;210745;Киноужас;70;Х/ф;Бойся тишины;[16+]
210745;210910;Киноужас;70;Х/ф;Шелби Оукс. Город-призрак;[18+]
210910;211110;Киноужас;70;Х/ф;Долгая прогулка;[18+]
211110;211315;Киноужас;70;Х/ф;Расплата;[18+]
211315;211510;Киноужас;70;Х/ф;Призраки квартиры 203;[16+]
211510;211700;Киноужас;70;Х/ф;Верни меня из мёртвых;[18+]
211700;211835;Киноужас;70;Х/ф;Запретная зона;[]
211835;212015;Киноужас;70;Х/ф;Красивый, плохой, злой: Начало;[18+]
212015;212210;Киноужас;70;Х/ф;Нечто. Монстр из глубин;[]
212210;212310;Киноужас;70;Т/с;Метод 9 с.;[18+]
212310;220015;Киноужас;70;Т/с;Метод 10 с.;[18+]
220015;220210;Киноужас;70;Х/ф;Лето 84;[18+]
220210;220400;Киноужас;70;Х/ф;Таинственный лес;[18+]
220400;220600;Киноужас;70;Х/ф;Два, три, демон, приди!;[18+]
220600;220730;Киноужас;70;Х/ф;Скрежет;[16+]
220730;220910;Киноужас;70;Х/ф;Мако. Убийца из глубины;[18+]
220910;221040;Киноужас;70;Х/ф;Несломленная;[18+]
221040;221215;Киноужас;70;Х/ф;100 дней на жизнь;[18+]
221215;221405;Киноужас;70;Х/ф;Верни меня из мёртвых;[18+]
221405;221600;Киноужас;70;Х/ф;Долгая прогулка;[18+]
221600;221800;Киноужас;70;Х/ф;Призраки квартиры 203;[16+]
221800;221855;Киноужас;70;Т/с;Метод 1 с.;[18+]
221855;221955;Киноужас;70;Т/с;Метод 2 с.;[18+]
221955;222100;Киноужас;70;Т/с;Метод 3 с.;[18+]
222100;222155;Киноужас;70;Т/с;Метод 4 с.;[18+]
222155;222300;Киноужас;70;Т/с;Метод 5 с.;[18+]
222300;230055;Киноужас;70;Х/ф;Воображаемый друг;[]
230055;230215;Киноужас;70;Х/ф;Глазами пса;[16+]
230215;230355;Киноужас;70;Х/ф;Жестокая расплата;[16+]
230355;230535;Киноужас;70;Х/ф;Обитель лжи;[18+]
230535;230745;Киноужас;70;Х/ф;Паранойя;[16+]
230745;230920;Киноужас;70;Х/ф;Пробуждение зла;[18+]
230920;231110;Киноужас;70;Х/ф;Таинственный лес;[18+]
231110;231250;Киноужас;70;Х/ф;Дом тьмы;[18+]
231250;231430;Киноужас;70;Х/ф;Красивый, плохой, злой: Начало;[18+]
231430;231610;Киноужас;70;Х/ф;Они;[18+]
231610;231755;Киноужас;70;Х/ф;Кровавый урожай;[18+]
231755;231850;Киноужас;70;Т/с;Метод 6 с.;[18+]
231850;231955;Киноужас;70;Т/с;Метод 7 с.;[18+]
231955;232055;Киноужас;70;Т/с;Метод 8 с.;[18+]
232055;232155;Киноужас;70;Т/с;Метод 9 с.;[18+]
232155;232300;Киноужас;70;Т/с;Метод 10 с.;[18+]
232300;240035;Киноужас;70;Х/ф;Запретная зона;[]
240035;240230;Киноужас;70;Х/ф;Лето 84;[18+]
240230;240420;Киноужас;70;Х/ф;Нечто. Монстр из глубин;[]
240420;240600;Киноужас;70;Х/ф;100 дней на жизнь;[18+]
240600;240825;Киноужас;70;Х/ф;Призраки квартиры 203;[16+]
170800;170915;Блокбастер;68;Х/ф;Астрал: Новое измерение;[18+]
170915;171055;Блокбастер;68;Х/ф;Три дня до весны;[18+]
171055;171240;Блокбастер;68;Х/ф;Лето 1941 года;[18+]
171240;171435;Блокбастер;68;Х/ф;А зори здесь тихие...;[18+]
171435;171620;Блокбастер;68;Х/ф;Красный призрак;[18+]
171620;171820;Блокбастер;68;Х/ф;Три дня до весны;[18+]
171820;172025;Блокбастер;68;Х/ф;Лето 1941 года;[18+]
172025;172235;Блокбастер;68;Х/ф;А зори здесь тихие...;[18+]
172235;180020;Блокбастер;68;Х/ф;Красный призрак;[18+]
180020;180225;Блокбастер;68;Х/ф;Территория зла;[18+]
180225;180400;Блокбастер;68;Х/ф;Большая игра;[18+]
180400;180545;Блокбастер;68;Х/ф;Команда зачистки;[18+]
180545;180725;Блокбастер;68;Х/ф;Шальная карта;[18+]
180725;180935;Блокбастер;68;Х/ф;Сокровище в пелёнках;[18+]
180935;181115;Блокбастер;68;Х/ф;Территория зла;[18+]
181115;181235;Блокбастер;68;Х/ф;Большая игра;[18+]
181235;181405;Блокбастер;68;Х/ф;Команда зачистки;[18+]
181405;181545;Блокбастер;68;Х/ф;Шальная карта;[18+]
181545;181750;Блокбастер;68;Х/ф;Территория зла;[18+]
181750;181925;Блокбастер;68;Х/ф;Большая игра;[18+]
181925;182110;Блокбастер;68;Х/ф;Команда зачистки;[18+]
182110;182245;Блокбастер;68;Х/ф;Шальная карта;[18+]
182245;190055;Блокбастер;68;Х/ф;Территория зла;[18+]
190055;190220;Блокбастер;68;Х/ф;В плену огня;[18+]
190220;190400;Блокбастер;68;Х/ф;Стрельба по мишеням;[18+]
190400;190545;Блокбастер;68;Х/ф;Агрессор;[18+]
190545;190715;Блокбастер;68;Х/ф;Пустошь;[18+]
190715;190945;Блокбастер;68;Х/ф;Кунхам: Пограничный остров;[18+]
190945;191055;Блокбастер;68;Х/ф;В плену огня;[18+]
191055;191220;Блокбастер;68;Х/ф;Стрельба по мишеням;[18+]
191220;191350;Блокбастер;68;Х/ф;Агрессор;[18+]
191350;191515;Блокбастер;68;Х/ф;Пустошь;[18+]
191515;191640;Блокбастер;68;Х/ф;В плену огня;[18+]
191640;191820;Блокбастер;68;Х/ф;Стрельба по мишеням;[18+]
191820;192005;Блокбастер;68;Х/ф;Агрессор;[18+]
192005;192130;Блокбастер;68;Х/ф;Пустошь;[18+]
192130;192300;Блокбастер;68;Х/ф;В плену огня;[18+]
192300;200040;Блокбастер;68;Х/ф;Стрельба по мишеням;[18+]
200040;200210;Блокбастер;68;Х/ф;День гнева;[18+]
200210;200400;Блокбастер;68;Х/ф;Клык;[18+]
200400;200540;Блокбастер;68;Х/ф;Подкоп;[18+]
200540;200730;Блокбастер;68;Х/ф;Охота на киллера;[18+]
200730;200920;Блокбастер;68;Х/ф;Территория зла;[18+]
200920;201035;Блокбастер;68;Х/ф;День гнева;[18+]
201035;201210;Блокбастер;68;Х/ф;Клык;[18+]
201210;201330;Блокбастер;68;Х/ф;Подкоп;[18+]
201330;201515;Блокбастер;68;Х/ф;Охота на киллера;[18+]
201515;201645;Блокбастер;68;Х/ф;День гнева;[18+]
201645;201840;Блокбастер;68;Х/ф;Клык;[18+]
201840;202015;Блокбастер;68;Х/ф;Подкоп;[18+]
202015;202205;Блокбастер;68;Х/ф;Охота на киллера;[18+]
202205;202340;Блокбастер;68;Х/ф;День гнева;[18+]
202340;210210;Блокбастер;68;Х/ф;"Эксперимент "Ведьма";[18+]
210210;210400;Блокбастер;68;Х/ф;И грянул гром;[18+]
210400;210555;Блокбастер;68;Х/ф;Универсальный солдат-3: Возрождение;[18+]
210555;210755;Блокбастер;68;Х/ф;Универсальный солдат-4: Судный день;[18+]
210755;210920;Блокбастер;68;Х/ф;Адреналин-2;[18+]
210920;211045;Блокбастер;68;Х/ф;На прицеле;[18+]
211045;211205;Блокбастер;68;Х/ф;Шальная карта;[18+]
211205;211415;Блокбастер;68;Х/ф;"Эксперимент "Ведьма";[18+]
211415;211605;Блокбастер;68;Х/ф;И грянул гром;[18+]
211605;211800;Блокбастер;68;Х/ф;Универсальный солдат-3: Возрождение;[18+]
211800;212000;Блокбастер;68;Х/ф;Универсальный солдат-4: Судный день;[18+]
212000;212235;Блокбастер;68;Х/ф;"Эксперимент "Ведьма";[18+]
212235;220025;Блокбастер;68;Х/ф;И грянул гром;[18+]
220025;220220;Блокбастер;68;Х/ф;Верёвка;[18+]
220220;220400;Блокбастер;68;Х/ф;Верёвка-2: Спасение;[18+]
220400;220530;Блокбастер;68;Х/ф;Верёвка-3: Месть;[18+]
220530;220725;Блокбастер;68;Х/ф;Схватка;[18+]
220725;220915;Блокбастер;68;Х/ф;Лето 1941 года;[18+]
220915;221105;Блокбастер;68;Х/ф;А зори здесь тихие...;[18+]
221105;221240;Блокбастер;68;Х/ф;Верёвка;[18+]
221240;221405;Блокбастер;68;Х/ф;Верёвка-2: Спасение;[18+]
221405;221535;Блокбастер;68;Х/ф;Верёвка-3: Месть;[18+]
221535;221730;Блокбастер;68;Х/ф;Схватка;[18+]
221730;221925;Блокбастер;68;Х/ф;Верёвка;[18+]
221925;222105;Блокбастер;68;Х/ф;Верёвка-2: Спасение;[18+]
222105;222240;Блокбастер;68;Х/ф;Верёвка-3: Месть;[18+]
222240;230030;Блокбастер;68;Х/ф;Схватка;[18+]
230030;230205;Блокбастер;68;Х/ф;Раздолбай;[18+]
230205;230400;Блокбастер;68;Х/ф;Рысь;[18+]
230400;230555;Блокбастер;68;Х/ф;Гранит;[18+]
230555;230750;Блокбастер;68;Х/ф;Русский рейд;[18+]
230750;230910;Блокбастер;68;Х/ф;Большая игра;[18+]
230910;231030;Блокбастер;68;Х/ф;Раздолбай;[18+]
231030;231205;Блокбастер;68;Х/ф;Рысь;[18+]
231205;231340;Блокбастер;68;Х/ф;Гранит;[18+]
231340;231530;Блокбастер;68;Х/ф;Русский рейд;[18+]
231530;231705;Блокбастер;68;Х/ф;Раздолбай;[18+]
231705;231900;Блокбастер;68;Х/ф;Рысь;[18+]
231900;232055;Блокбастер;68;Х/ф;Гранит;[18+]
232055;232245;Блокбастер;68;Х/ф;Русский рейд;[18+]
232245;240025;Блокбастер;68;Х/ф;Раздолбай;[18+]
240025;240205;Блокбастер;68;Х/ф;Костолом;[18+]
240205;240400;Блокбастер;68;Х/ф;Коллекторы;[18+]
240400;240550;Блокбастер;68;Х/ф;Коллекторы-2;[18+]
240550;240800;Блокбастер;68;Х/ф;Плохие парни;[18+]
170435;170600;Про Любовь;81;Х/ф;Пари на любовь;[18+]
170600;170730;Про Любовь;81;Х/ф;Вернуть Веру;[18+]
170730;170910;Про Любовь;81;Х/ф;Ученица чародея;[18+]
170910;171040;Про Любовь;81;Х/ф;На перепутье;[18+]
171040;171230;Про Любовь;81;Х/ф;Александра;[18+]
171230;171325;Про Любовь;81;Т/с;Отважный и красавица 31 с.;[18+]
171325;171415;Про Любовь;81;Т/с;Отважный и красавица 32 с.;[18+]
171415;171740;Про Любовь;81;Х/ф;Чувство правды-3;[18+]
171740;171930;Про Любовь;81;Х/ф;Принцесса Монако;[18+]
171930;172110;Про Любовь;81;Х/ф;Ключ к сердцу;[18+]
172110;172310;Про Любовь;81;Х/ф;Не торопи любовь!;[18+]
172310;180100;Про Любовь;81;Х/ф;Любовь со всеми остановками;[18+]
180100;180155;Про Любовь;81;Т/с;Отважный и красавица 33 с.;[18+]
180155;180245;Про Любовь;81;Т/с;Отважный и красавица 34 с.;[18+]
180245;180440;Про Любовь;81;Х/ф;Жизнь одна;[18+]
180440;180615;Про Любовь;81;Х/ф;Если ты меня слышишь;[18+]
180615;180740;Про Любовь;81;Х/ф;Ключ к сердцу;[18+]
180740;180905;Про Любовь;81;Х/ф;Пари на любовь;[18+]
180905;181045;Про Любовь;81;Х/ф;Не торопи любовь!;[18+]
181045;181235;Про Любовь;81;Х/ф;Любовь со всеми остановками;[18+]
181235;181325;Про Любовь;81;Т/с;Отважный и красавица 33 с.;[18+]
181325;181415;Про Любовь;81;Т/с;Отважный и красавица 34 с.;[18+]
181415;181745;Про Любовь;81;Х/ф;Чувство правды-4;[18+]
181745;181930;Про Любовь;81;Х/ф;Если ты меня слышишь;[18+]
181930;182125;Про Любовь;81;Х/ф;Жизнь одна;[18+]
182125;182315;Про Любовь;81;Х/ф;Идеальная жена;[18+]
182315;190100;Про Любовь;81;Х/ф;Отдам жену в хорошие руки;[18+]
190100;190155;Про Любовь;81;Т/с;Отважный и красавица 35 с.;[18+]
190155;190245;Про Любовь;81;Т/с;Отважный и красавица 36 с.;[18+]
190245;190450;Про Любовь;81;Х/ф;Бесконечная любовь;[18+]
190450;190625;Про Любовь;81;Х/ф;Любовь со всеми остановками;[18+]
190625;190745;Про Любовь;81;Х/ф;Тайный Санта;[18+]
190745;190920;Про Любовь;81;Х/ф;Идеальная жена;[18+]
190920;191045;Про Любовь;81;Х/ф;Ключ к сердцу;[18+]
191045;191235;Про Любовь;81;Х/ф;Отдам жену в хорошие руки;[18+]
191235;191320;Про Любовь;81;Т/с;Отважный и красавица 35 с.;[18+]
191320;191415;Про Любовь;81;Т/с;Отважный и красавица 36 с.;[18+]
191415;191600;Про Любовь;81;Х/ф;Принцесса Монако;[18+]
191600;191750;Про Любовь;81;Х/ф;Ученица чародея;[18+]
191750;191935;Про Любовь;81;Х/ф;Любовь со всеми остановками;[18+]
191935;192120;Про Любовь;81;Х/ф;Если ты меня слышишь;[18+]
192120;192310;Про Любовь;81;Х/ф;Именины;[18+]
192310;200100;Про Любовь;81;Х/ф;Сын;[18+]
200100;200155;Про Любовь;81;Т/с;Отважный и красавица 37 с.;[18+]
200155;200245;Про Любовь;81;Т/с;Отважный и красавица 38 с.;[18+]
200245;200435;Про Любовь;81;Х/ф;Отдам котят в хорошие руки;[18+]
200435;200600;Про Любовь;81;Х/ф;Большая свадьба;[18+]
200600;200735;Про Любовь;81;Х/ф;Идеальная жена;[18+]
200735;200910;Про Любовь;81;Х/ф;Отдам жену в хорошие руки;[18+]
200910;201045;Про Любовь;81;Х/ф;Именины;[18+]
201045;201235;Про Любовь;81;Х/ф;Сын;[18+]
201235;201325;Про Любовь;81;Т/с;Отважный и красавица 37 с.;[18+]
201325;201415;Про Любовь;81;Т/с;Отважный и красавица 38 с.;[18+]
201415;201640;Про Любовь;81;Х/ф;Дачный романс;[18+]
201640;201845;Про Любовь;81;Х/ф;Не торопи любовь!;[18+]
201845;202050;Про Любовь;81;Х/ф;Бесконечная любовь;[18+]
202050;202320;Про Любовь;81;Х/ф;Зависть богов;[18+]
202320;210100;Про Любовь;81;Х/ф;Секрет неприступной красавицы;[16+]
210100;210155;Про Любовь;81;Т/с;Отважный и красавица 39 с.;[18+]
210155;210245;Про Любовь;81;Т/с;Отважный и красавица 40 с.;[18+]
210245;210440;Про Любовь;81;Х/ф;Женщина, не склонная к авантюрам;[18+]
210440;210615;Про Любовь;81;Х/ф;Сын;[18+]
210615;210835;Про Любовь;81;Х/ф;Эта замечательная жизнь;[18+]
210835;211055;Про Любовь;81;Х/ф;Зависть богов;[18+]
211055;211235;Про Любовь;81;Х/ф;Секрет неприступной красавицы;[16+]
211235;211325;Про Любовь;81;Т/с;Отважный и красавица 39 с.;[18+]
211325;211420;Про Любовь;81;Т/с;Отважный и красавица 40 с.;[18+]
211420;211600;Про Любовь;81;Х/ф;Вернуть Веру;[18+]
211600;211750;Про Любовь;81;Х/ф;Женщина, не склонная к авантюрам;[18+]
211750;211945;Про Любовь;81;Х/ф;Именины;[18+]
211945;212130;Про Любовь;81;Х/ф;Пассажирка;[18+]
212130;220100;Про Любовь;81;Х/ф;Девушка средних лет;[18+]
220100;220155;Про Любовь;81;Т/с;Отважный и красавица 41 с.;[18+]
220155;220245;Про Любовь;81;Т/с;Отважный и красавица 42 с.;[18+]
220245;220435;Про Любовь;81;Х/ф;Долгожданная любовь;[18+]
220435;220615;Про Любовь;81;Х/ф;Александра;[18+]
220615;220920;Про Любовь;81;Х/ф;Девушка средних лет;[18+]
220920;221100;Про Любовь;81;Х/ф;Женщина, не склонная к авантюрам;[18+]
221100;221315;Про Любовь;81;Х/ф;Благословите женщину;[18+]
221315;221500;Про Любовь;81;Х/ф;Долгожданная любовь;[18+]
221500;221555;Про Любовь;81;Т/с;Отважный и красавица 33 с.;[18+]
221555;221650;Про Любовь;81;Т/с;Отважный и красавица 34 с.;[18+]
221650;221745;Про Любовь;81;Т/с;Отважный и красавица 35 с.;[18+]
221745;221840;Про Любовь;81;Т/с;Отважный и красавица 36 с.;[18+]
221840;221935;Про Любовь;81;Т/с;Отважный и красавица 37 с.;[18+]
221935;222135;Про Любовь;81;Х/ф;Женщина, не склонная к авантюрам;[18+]
222135;230100;Про Любовь;81;Х/ф;Из Сибири с любовью;[18+]
230100;230255;Про Любовь;81;Х/ф;Переписать любовь;[18+]
230255;230455;Про Любовь;81;Х/ф;Невеста моего друга;[18+]
230455;230615;Про Любовь;81;Х/ф;(Не)жданный принц;[18+]
230615;230920;Про Любовь;81;Х/ф;Из Сибири с любовью;[18+]
230920;231100;Про Любовь;81;Х/ф;Невеста моего друга;[18+]
231100;231255;Про Любовь;81;Х/ф;Переписать любовь;[18+]
231255;231500;Про Любовь;81;Х/ф;Бесконечная любовь;[18+]
231500;231555;Про Любовь;81;Т/с;Отважный и красавица 38 с.;[18+]
231555;231645;Про Любовь;81;Т/с;Отважный и красавица 39 с.;[18+]
231645;231735;Про Любовь;81;Т/с;Отважный и красавица 40 с.;[18+]
231735;231830;Про Любовь;81;Т/с;Отважный и красавица 41 с.;[18+]
231830;231920;Про Любовь;81;Т/с;Отважный и красавица 42 с.;[18+]
231920;232110;Про Любовь;81;Х/ф;Долгожданная любовь;[18+]
232110;232255;Про Любовь;81;Х/ф;Разрешите тебя поцеловать;[18+]
232255;240100;Про Любовь;81;Х/ф;Разрешите тебя поцеловать... снова;[18+]
240100;240245;Про Любовь;81;Х/ф;Разрешите тебя поцеловать... на свадьбе;[18+]
240245;240435;Про Любовь;81;Х/ф;Разрешите тебя поцеловать... отец невесты;[18+]
170825;171015;Кинопоказ;33;Х/ф;Мистериум. Журнал 64;[18+]
171015;171200;Кинопоказ;33;Х/ф;Петля времени;[18+]
171200;171505;Кинопоказ;33;Х/ф;Граф Монте-Кристо;[18+]
171505;171740;Кинопоказ;33;Х/ф;Остров проклятых;[18+]
171740;171940;Кинопоказ;33;Х/ф;Скрижали судьбы;[18+]
171940;172150;Кинопоказ;33;Х/ф;Госпожа Бовари;[18+]
172150;180120;Кинопоказ;33;Х/ф;Граф Монте-Кристо;[18+]
180120;180350;Кинопоказ;33;Х/ф;Остров проклятых;[18+]
180350;180550;Кинопоказ;33;Х/ф;Скрижали судьбы;[18+]
180550;180755;Кинопоказ;33;Х/ф;Госпожа Бовари;[18+]
180755;180955;Кинопоказ;33;Х/ф;Кровью и потом: Анаболики;[18+]
180955;181200;Кинопоказ;33;Х/ф;Остров проклятых;[18+]
181200;181345;Кинопоказ;33;Х/ф;Одержимость;[18+]
181345;181555;Кинопоказ;33;Х/ф;Тихая гавань;[18+]
181555;181750;Кинопоказ;33;Х/ф;Спеши любить;[18+]
181750;181945;Кинопоказ;33;Х/ф;Параллельные миры;[18+]
181945;182150;Кинопоказ;33;Х/ф;Одержимость;[18+]
182150;190000;Кинопоказ;33;Х/ф;Тихая гавань;[18+]
190000;190155;Кинопоказ;33;Х/ф;Спеши любить;[18+]
190155;190350;Кинопоказ;33;Х/ф;Параллельные миры;[18+]
190350;190555;Кинопоказ;33;Х/ф;Одержимость;[18+]
190555;190755;Кинопоказ;33;Х/ф;Тихая гавань;[18+]
190755;190930;Кинопоказ;33;Х/ф;Спеши любить;[18+]
190930;191200;Кинопоказ;33;Х/ф;Территория;[18+]
191200;191400;Кинопоказ;33;Х/ф;Основной инстинкт;[18+]
191400;191610;Кинопоказ;33;Х/ф;Основной инстинкт-2: Жажда риска;[18+]
191610;191755;Кинопоказ;33;Х/ф;Жестокие игры;[18+]
191755;192000;Кинопоказ;33;Х/ф;Мементо;[18+]
192000;192220;Кинопоказ;33;Х/ф;Основной инстинкт;[18+]
192220;200025;Кинопоказ;33;Х/ф;Основной инстинкт-2: Жажда риска;[18+]
200025;200210;Кинопоказ;33;Х/ф;Жестокие игры;[18+]
200210;200420;Кинопоказ;33;Х/ф;Мементо;[18+]
200420;200640;Кинопоказ;33;Х/ф;Основной инстинкт;[18+]
200640;200840;Кинопоказ;33;Х/ф;Основной инстинкт-2: Жажда риска;[18+]
200840;201005;Кинопоказ;33;Х/ф;Жестокие игры;[18+]
201005;201200;Кинопоказ;33;Х/ф;Мементо;[18+]
201200;201330;Кинопоказ;33;Х/ф;А поутру они проснулись...;[18+]
201330;201510;Кинопоказ;33;Х/ф;Заза;[18+]
201510;201715;Кинопоказ;33;Х/ф;Пять невест;[18+]
201715;201900;Кинопоказ;33;Х/ф;Мой парень - ангел;[18+]
201900;202045;Кинопоказ;33;Х/ф;А поутру они проснулись...;[18+]
202045;202230;Кинопоказ;33;Х/ф;Заза;[18+]
202230;210030;Кинопоказ;33;Х/ф;Пять невест;[18+]
210030;210225;Кинопоказ;33;Х/ф;Мой парень - ангел;[18+]
210225;210410;Кинопоказ;33;Х/ф;А поутру они проснулись...;[18+]
210410;210555;Кинопоказ;33;Х/ф;Заза;[18+]
210555;210750;Кинопоказ;33;Х/ф;Пять невест;[18+]
210750;210920;Кинопоказ;33;Х/ф;Мой парень - ангел;[18+]
210920;211040;Кинопоказ;33;Х/ф;13-й район;[18+]
211040;211200;Кинопоказ;33;Х/ф;Снова 16;[18+]
211200;211400;Кинопоказ;33;Х/ф;Зорро;[18+]
211400;211610;Кинопоказ;33;Х/ф;Поезд на Юму;[18+]
211610;211825;Кинопоказ;33;Х/ф;Тёмная долина;[18+]
211825;212040;Кинопоказ;33;Х/ф;Дом летающих кинжалов;[18+]
212040;212300;Кинопоказ;33;Х/ф;Зорро;[18+]
212300;220115;Кинопоказ;33;Х/ф;Поезд на Юму;[18+]
220115;220325;Кинопоказ;33;Х/ф;Тёмная долина;[18+]
220325;220540;Кинопоказ;33;Х/ф;Дом летающих кинжалов;[18+]
220540;220800;Кинопоказ;33;Х/ф;Зорро;[18+]
220800;220955;Кинопоказ;33;Х/ф;Поезд на Юму;[18+]
220955;221200;Кинопоказ;33;Х/ф;Основной инстинкт;[18+]
221200;221340;Кинопоказ;33;Х/ф;Последний беспредел;[18+]
221340;221525;Кинопоказ;33;Х/ф;Афера по-английски;[18+]
221525;221730;Кинопоказ;33;Х/ф;Большие деньги;[18+]
221730;221910;Кинопоказ;33;Х/ф;Ультраамериканцы;[18+]
221910;222110;Кинопоказ;33;Х/ф;Последний беспредел;[18+]
222110;222300;Кинопоказ;33;Х/ф;Афера по-английски;[18+]
222300;230100;Кинопоказ;33;Х/ф;Большие деньги;[18+]
230100;230245;Кинопоказ;33;Х/ф;Ультраамериканцы;[18+]
230245;230445;Кинопоказ;33;Х/ф;Последний беспредел;[18+]
230445;230635;Кинопоказ;33;Х/ф;Афера по-английски;[18+]
230635;230830;Кинопоказ;33;Х/ф;Большие деньги;[18+]
230830;231000;Кинопоказ;33;Х/ф;Ультраамериканцы;[18+]
231000;231200;Кинопоказ;33;Х/ф;Костяной томагавк;[18+]
231200;231335;Кинопоказ;33;Х/ф;Перевозчик-3;[18+]
231335;231515;Кинопоказ;33;Х/ф;Перевозчик: Наследие;[18+]
231515;231655;Кинопоказ;33;Х/ф;Заложница-2;[18+]
231655;231840;Кинопоказ;33;Х/ф;В тумане;[18+]
231840;232035;Кинопоказ;33;Х/ф;Перевозчик-3;[18+]
232035;232220;Кинопоказ;33;Х/ф;Перевозчик: Наследие;[18+]
232220;232355;Кинопоказ;33;Х/ф;Заложница-2;[18+]
232355;240140;Кинопоказ;33;Х/ф;В тумане;[18+]
240140;240330;Кинопоказ;33;Х/ф;Перевозчик-3;[18+]
240330;240520;Кинопоказ;33;Х/ф;Перевозчик: Наследие;[18+]
240520;240655;Кинопоказ;33;Х/ф;Заложница-2;[18+]
240655;240825;Кинопоказ;33;Х/ф;В тумане;[18+]
170755;170850;Наше Мужское;84;Т/с;Бандитский Петербург: Опер 1 с.;[18+]
170850;170940;Наше Мужское;84;Т/с;Профиль убийцы 11 с.;[18+]
170940;171025;Наше Мужское;84;Т/с;Профиль убийцы 12 с.;[18+]
171025;171205;Наше Мужское;84;Х/ф;Шахматная королева;[18+]
171205;171245;Наше Мужское;84;Т/с;Последний мент 21 с.;[18+]
171245;171325;Наше Мужское;84;Т/с;Последний мент 22 с.;[18+]
171325;171410;Наше Мужское;84;Т/с;Солдаты 31 с.;[18+]
171410;171505;Наше Мужское;84;Т/с;Солдаты 32 с.;[18+]
171505;171600;Наше Мужское;84;Т/с;Бандитский Петербург: Арестант 7 с.;[18+]
171600;171700;Наше Мужское;84;Т/с;Бандитский Петербург: Опер 1 с.;[18+]
171700;171755;Наше Мужское;84;Т/с;Профиль убийцы 11 с.;[18+]
171755;171850;Наше Мужское;84;Т/с;Профиль убийцы 12 с.;[18+]
171850;171935;Наше Мужское;84;Т/с;Последний мент 21 с.;[18+]
171935;172020;Наше Мужское;84;Т/с;Последний мент 22 с.;[18+]
172020;172110;Наше Мужское;84;Т/с;Солдаты 31 с.;[18+]
172110;172205;Наше Мужское;84;Т/с;Солдаты 32 с.;[18+]
172205;172300;Наше Мужское;84;Т/с;Бандитский Петербург: Арестант 7 с.;[18+]
172300;180000;Наше Мужское;84;Т/с;Бандитский Петербург: Опер 1 с.;[18+]
180000;180100;Наше Мужское;84;Т/с;Бандитский Петербург: Опер 2 с.;[18+]
180100;180200;Наше Мужское;84;Т/с;Бандитский Петербург: Опер 3 с.;[18+]
180200;180250;Наше Мужское;84;Т/с;Профиль убийцы 13 с.;[18+]
180250;180345;Наше Мужское;84;Т/с;Профиль убийцы 14 с.;[18+]
180345;180425;Наше Мужское;84;Т/с;Последний мент 23 с.;[18+]
180425;180515;Наше Мужское;84;Т/с;Последний мент 24 с.;[18+]
180515;180600;Наше Мужское;84;Т/с;Солдаты 33 с.;[18+]
180600;180655;Наше Мужское;84;Т/с;Солдаты 34 с.;[18+]
180655;180750;Наше Мужское;84;Т/с;Бандитский Петербург: Опер 2 с.;[18+]
180750;180845;Наше Мужское;84;Т/с;Бандитский Петербург: Опер 3 с.;[18+]
180845;180935;Наше Мужское;84;Т/с;Профиль убийцы 13 с.;[18+]
180935;181025;Наше Мужское;84;Т/с;Профиль убийцы 14 с.;[18+]
181025;181210;Наше Мужское;84;Х/ф;Шахматная королева;[18+]
181210;181250;Наше Мужское;84;Т/с;Последний мент 23 с.;[18+]
181250;181335;Наше Мужское;84;Т/с;Последний мент 24 с.;[18+]
181335;181420;Наше Мужское;84;Т/с;Солдаты 33 с.;[18+]
181420;181510;Наше Мужское;84;Т/с;Солдаты 34 с.;[18+]
181510;181610;Наше Мужское;84;Т/с;Бандитский Петербург: Опер 2 с.;[18+]
181610;181710;Наше Мужское;84;Т/с;Бандитский Петербург: Опер 3 с.;[18+]
181710;181800;Наше Мужское;84;Т/с;Профиль убийцы 13 с.;[18+]
181800;181855;Наше Мужское;84;Т/с;Профиль убийцы 14 с.;[18+]
181855;181940;Наше Мужское;84;Т/с;Последний мент 23 с.;[18+]
181940;182025;Наше Мужское;84;Т/с;Последний мент 24 с.;[18+]
182025;182110;Наше Мужское;84;Т/с;Солдаты 33 с.;[18+]
182110;182205;Наше Мужское;84;Т/с;Солдаты 34 с.;[18+]
182205;182300;Наше Мужское;84;Т/с;Бандитский Петербург: Опер 2 с.;[18+]
182300;190000;Наше Мужское;84;Т/с;Бандитский Петербург: Опер 3 с.;[18+]
190000;190100;Наше Мужское;84;Т/с;Бандитский Петербург: Опер 4 с.;[18+]
190100;190155;Наше Мужское;84;Т/с;Бандитский Петербург: Опер 5 с.;[18+]
190155;190250;Наше Мужское;84;Т/с;Профиль убийцы 15 с.;[18+]
190250;190345;Наше Мужское;84;Т/с;Профиль убийцы 16 с.;[18+]
190345;190435;Наше Мужское;84;Т/с;Последний мент 25 с.;[18+]
190435;190520;Наше Мужское;84;Т/с;Последний мент 26 с.;[18+]
190520;190610;Наше Мужское;84;Т/с;Солдаты 35 с.;[18+]
190610;190700;Наше Мужское;84;Т/с;Солдаты 36 с.;[18+]
190700;190800;Наше Мужское;84;Т/с;Бандитский Петербург: Опер 4 с.;[18+]
190800;190850;Наше Мужское;84;Т/с;Бандитский Петербург: Опер 5 с.;[18+]
190850;190940;Наше Мужское;84;Т/с;Профиль убийцы 15 с.;[18+]
190940;191025;Наше Мужское;84;Т/с;Профиль убийцы 16 с.;[18+]
191025;191215;Наше Мужское;84;Х/ф;Без права на выбор;[18+]
191215;191255;Наше Мужское;84;Т/с;Последний мент 25 с.;[18+]
191255;191340;Наше Мужское;84;Т/с;Последний мент 26 с.;[18+]
191340;191425;Наше Мужское;84;Т/с;Солдаты 35 с.;[18+]
191425;191515;Наше Мужское;84;Т/с;Солдаты 36 с.;[18+]
191515;191615;Наше Мужское;84;Т/с;Бандитский Петербург: Опер 4 с.;[18+]
191615;191710;Наше Мужское;84;Т/с;Бандитский Петербург: Опер 5 с.;[18+]
191710;191800;Наше Мужское;84;Т/с;Профиль убийцы 15 с.;[18+]
191800;191855;Наше Мужское;84;Т/с;Профиль убийцы 16 с.;[18+]
191855;191940;Наше Мужское;84;Т/с;Последний мент 25 с.;[18+]
191940;192030;Наше Мужское;84;Т/с;Последний мент 26 с.;[18+]
192030;192115;Наше Мужское;84;Т/с;Солдаты 35 с.;[18+]
192115;192205;Наше Мужское;84;Т/с;Солдаты 36 с.;[18+]
192205;192305;Наше Мужское;84;Т/с;Бандитский Петербург: Опер 4 с.;[18+]
192305;200000;Наше Мужское;84;Т/с;Бандитский Петербург: Опер 5 с.;[18+]
200000;200055;Наше Мужское;84;Т/с;Бандитский Петербург. Журналист 1 с.;[18+]
200055;200150;Наше Мужское;84;Т/с;Бандитский Петербург. Журналист 2 с.;[18+]
200150;200245;Наше Мужское;84;Т/с;Профиль убийцы 17 с.;[18+]
200245;200335;Наше Мужское;84;Т/с;Профиль убийцы 18 с.;[18+]
200335;200425;Наше Мужское;84;Т/с;Последний мент 27 с.;[18+]
200425;200510;Наше Мужское;84;Т/с;Последний мент 28 с.;[18+]
200510;200600;Наше Мужское;84;Т/с;Солдаты 37 с.;[18+]
200600;200650;Наше Мужское;84;Т/с;Солдаты 38 с.;[18+]
200650;200745;Наше Мужское;84;Т/с;Бандитский Петербург. Журналист 1 с.;[18+]
200745;200835;Наше Мужское;84;Т/с;Бандитский Петербург. Журналист 2 с.;[18+]
200835;200925;Наше Мужское;84;Т/с;Профиль убийцы 17 с.;[18+]
200925;201015;Наше Мужское;84;Т/с;Профиль убийцы 18 с.;[18+]
201015;201210;Наше Мужское;84;Х/ф;Без права на выбор;[18+]
201210;201300;Наше Мужское;84;Т/с;Последний мент 27 с.;[18+]
201300;201340;Наше Мужское;84;Т/с;Последний мент 28 с.;[18+]
201340;201430;Наше Мужское;84;Т/с;Солдаты 37 с.;[18+]
201430;201520;Наше Мужское;84;Т/с;Солдаты 38 с.;[18+]
201520;201615;Наше Мужское;84;Т/с;Бандитский Петербург. Журналист 1 с.;[18+]
201615;201710;Наше Мужское;84;Т/с;Бандитский Петербург. Журналист 2 с.;[18+]
201710;201800;Наше Мужское;84;Т/с;Профиль убийцы 17 с.;[18+]
201800;201855;Наше Мужское;84;Т/с;Профиль убийцы 18 с.;[18+]
201855;201945;Наше Мужское;84;Т/с;Последний мент 27 с.;[18+]
201945;202030;Наше Мужское;84;Т/с;Последний мент 28 с.;[18+]
202030;202120;Наше Мужское;84;Т/с;Солдаты 37 с.;[18+]
202120;202210;Наше Мужское;84;Т/с;Солдаты 38 с.;[18+]
202210;202305;Наше Мужское;84;Т/с;Бандитский Петербург. Журналист 1 с.;[18+]
202305;210000;Наше Мужское;84;Т/с;Бандитский Петербург. Журналист 2 с.;[18+]
210000;210100;Наше Мужское;84;Т/с;Бандитский Петербург. Журналист 3 с.;[18+]
210100;210155;Наше Мужское;84;Т/с;Бандитский Петербург. Журналист 4 с.;[18+]
210155;210250;Наше Мужское;84;Т/с;Профиль убийцы 19 с.;[18+]
210250;210345;Наше Мужское;84;Т/с;Профиль убийцы 20 с.;[18+]
210345;210430;Наше Мужское;84;Т/с;Последний мент 29 с.;[18+]
210430;210520;Наше Мужское;84;Т/с;Последний мент 30 с.;[18+]
210520;210610;Наше Мужское;84;Т/с;Солдаты 39 с.;[18+]
210610;210705;Наше Мужское;84;Т/с;Солдаты 40 с.;[18+]
210705;210800;Наше Мужское;84;Т/с;Бандитский Петербург. Журналист 3 с.;[18+]
210800;210850;Наше Мужское;84;Т/с;Бандитский Петербург. Журналист 4 с.;[18+]
210850;210940;Наше Мужское;84;Т/с;Профиль убийцы 19 с.;[18+]
210940;211030;Наше Мужское;84;Т/с;Профиль убийцы 20 с.;[18+]
211030;211155;Наше Мужское;84;Х/ф;Сармат;[18+]
211155;211235;Наше Мужское;84;Т/с;Последний мент 29 с.;[18+]
211235;211315;Наше Мужское;84;Т/с;Последний мент 30 с.;[18+]
211315;211400;Наше Мужское;84;Т/с;Солдаты 39 с.;[18+]
211400;211455;Наше Мужское;84;Т/с;Солдаты 40 с.;[18+]
211455;211555;Наше Мужское;84;Т/с;Бандитский Петербург. Журналист 3 с.;[18+]
211555;211650;Наше Мужское;84;Т/с;Бандитский Петербург. Журналист 4 с.;[18+]
211650;211745;Наше Мужское;84;Т/с;Профиль убийцы 19 с.;[18+]
211745;211845;Наше Мужское;84;Т/с;Профиль убийцы 20 с.;[18+]
211845;211930;Наше Мужское;84;Т/с;Последний мент 29 с.;[18+]
211930;212020;Наше Мужское;84;Т/с;Последний мент 30 с.;[18+]
212020;212110;Наше Мужское;84;Т/с;Солдаты 39 с.;[18+]
212110;212205;Наше Мужское;84;Т/с;Солдаты 40 с.;[18+]
212205;212305;Наше Мужское;84;Т/с;Бандитский Петербург. Журналист 3 с.;[18+]
212305;220000;Наше Мужское;84;Т/с;Бандитский Петербург. Журналист 4 с.;[18+]
220000;220100;Наше Мужское;84;Т/с;Бандитский Петербург. Журналист 5 с.;[18+]
220100;220200;Наше Мужское;84;Т/с;Бандитский Петербург. Журналист 6 с.;[18+]
220200;220255;Наше Мужское;84;Т/с;Профиль убийцы 21 с.;[18+]
220255;220350;Наше Мужское;84;Т/с;Профиль убийцы 22 с.;[18+]
220350;220440;Наше Мужское;84;Т/с;Последний мент 31 с.;[18+]
220440;220525;Наше Мужское;84;Т/с;Последний мент 32 с.;[18+]
220525;220615;Наше Мужское;84;Т/с;Солдаты 41 с.;[18+]
220615;220705;Наше Мужское;84;Т/с;Солдаты 42 с.;[18+]
220705;220805;Наше Мужское;84;Т/с;Бандитский Петербург. Журналист 5 с.;[18+]
220805;220855;Наше Мужское;84;Т/с;Бандитский Петербург. Журналист 6 с.;[18+]
220855;220945;Наше Мужское;84;Т/с;Профиль убийцы 21 с.;[18+]
220945;221035;Наше Мужское;84;Т/с;Профиль убийцы 22 с.;[18+]
221035;221200;Наше Мужское;84;Х/ф;Сармат;[18+]
221200;221245;Наше Мужское;84;Т/с;Последний мент 31 с.;[18+]
221245;221325;Наше Мужское;84;Т/с;Последний мент 32 с.;[18+]
221325;221410;Наше Мужское;84;Т/с;Солдаты 41 с.;[18+]
221410;221500;Наше Мужское;84;Т/с;Солдаты 42 с.;[18+]
221500;221555;Наше Мужское;84;Т/с;Бандитский Петербург. Журналист 5 с.;[18+]
221555;221655;Наше Мужское;84;Т/с;Бандитский Петербург. Журналист 6 с.;[18+]
221655;221750;Наше Мужское;84;Т/с;Профиль убийцы 21 с.;[18+]
221750;221840;Наше Мужское;84;Т/с;Профиль убийцы 22 с.;[18+]
221840;221930;Наше Мужское;84;Т/с;Последний мент 31 с.;[18+]
221930;222020;Наше Мужское;84;Т/с;Последний мент 32 с.;[18+]
222020;222110;Наше Мужское;84;Т/с;Солдаты 41 с.;[18+]
222110;222200;Наше Мужское;84;Т/с;Солдаты 42 с.;[18+]
222200;222300;Наше Мужское;84;Т/с;Бандитский Петербург. Журналист 5 с.;[18+]
222300;230000;Наше Мужское;84;Т/с;Бандитский Петербург. Журналист 6 с.;[18+]
230000;230100;Наше Мужское;84;Т/с;Бандитский Петербург. Журналист 7 с.;[18+]
230100;230150;Наше Мужское;84;Т/с;Бандитский Петербург. Передел 1 с.;[18+]
230150;230250;Наше Мужское;84;Т/с;Профиль убийцы 23 с.;[18+]
230250;230340;Наше Мужское;84;Т/с;Профиль убийцы 24 с.;[18+]
230340;230430;Наше Мужское;84;Т/с;Последний мент 33 с.;[18+]
230430;230520;Наше Мужское;84;Т/с;Последний мент 34 с.;[18+]
230520;230610;Наше Мужское;84;Т/с;Солдаты 43 с.;[18+]
230610;230700;Наше Мужское;84;Т/с;Солдаты 44 с.;[18+]
230700;230800;Наше Мужское;84;Т/с;Бандитский Петербург. Журналист 7 с.;[18+]
230800;230850;Наше Мужское;84;Т/с;Бандитский Петербург. Передел 1 с.;[18+]
230850;230935;Наше Мужское;84;Т/с;Профиль убийцы 23 с.;[18+]
230935;231025;Наше Мужское;84;Т/с;Профиль убийцы 24 с.;[18+]
231025;231155;Наше Мужское;84;Х/ф;Заговор небес;[18+]
231155;231235;Наше Мужское;84;Т/с;Последний мент 33 с.;[18+]
231235;231315;Наше Мужское;84;Т/с;Последний мент 34 с.;[18+]
231315;231400;Наше Мужское;84;Т/с;Солдаты 43 с.;[18+]
231400;231455;Наше Мужское;84;Т/с;Солдаты 44 с.;[18+]
231455;231555;Наше Мужское;84;Т/с;Бандитский Петербург. Журналист 7 с.;[18+]
231555;231650;Наше Мужское;84;Т/с;Бандитский Петербург. Передел 1 с.;[18+]
231650;231745;Наше Мужское;84;Т/с;Профиль убийцы 23 с.;[18+]
231745;231840;Наше Мужское;84;Т/с;Профиль убийцы 24 с.;[18+]
231840;231930;Наше Мужское;84;Т/с;Последний мент 33 с.;[18+]
231930;232020;Наше Мужское;84;Т/с;Последний мент 34 с.;[18+]
232020;232110;Наше Мужское;84;Т/с;Солдаты 43 с.;[18+]
232110;232205;Наше Мужское;84;Т/с;Солдаты 44 с.;[18+]
232205;232305;Наше Мужское;84;Т/с;Бандитский Петербург. Журналист 7 с.;[18+]
232305;240000;Наше Мужское;84;Т/с;Бандитский Петербург. Передел 1 с.;[18+]
240000;240055;Наше Мужское;84;Т/с;Бандитский Петербург. Передел 2 с.;[18+]
240055;240145;Наше Мужское;84;Т/с;Бандитский Петербург. Передел 3 с.;[18+]
240145;240240;Наше Мужское;84;Т/с;Красный Яр 1 с.;[18+]
240240;240340;Наше Мужское;84;Т/с;Красный Яр 2 с.;[18+]
240340;240435;Наше Мужское;84;Т/с;Последний мент 35 с.;[18+]
240435;240520;Наше Мужское;84;Т/с;Последний мент 36 с.;[18+]
240520;240610;Наше Мужское;84;Т/с;Солдаты 45 с.;[18+]
240610;240755;Наше Мужское;84;Т/с;Солдаты 46 с.;[18+]
170830;171130;Наш Кинопоказ;72;Х/ф;Селфи с судьбой;[18+]
171130;171310;Наш Кинопоказ;72;Х/ф;Опыт реконструкции;[18+]
171310;171405;Наш Кинопоказ;72;Т/с;Чужая жизнь 9 с.;[18+]
171405;171505;Наш Кинопоказ;72;Т/с;Чужая жизнь 10 с.;[18+]
171505;171605;Наш Кинопоказ;72;Т/с;Чужая жизнь 11 с.;[18+]
171605;171705;Наш Кинопоказ;72;Т/с;Чужая жизнь 12 с.;[18+]
171705;171900;Наш Кинопоказ;72;Х/ф;Лётчик;[18+]
171900;172210;Наш Кинопоказ;72;Х/ф;Дни ангела;[18+]
172210;180000;Наш Кинопоказ;72;Х/ф;Мы с дедушкой;[18+]
180000;180055;Наш Кинопоказ;72;Т/с;Агент особого назначения 1 с.;[18+]
180055;180145;Наш Кинопоказ;72;Т/с;Агент особого назначения 2 с.;[18+]
180145;180240;Наш Кинопоказ;72;Т/с;Агент особого назначения 3 с.;[18+]
180240;180325;Наш Кинопоказ;72;Т/с;Агент особого назначения 4 с.;[18+]
180325;180525;Наш Кинопоказ;72;Х/ф;Двенадцать чудес;[18+]
180525;180725;Наш Кинопоказ;72;Х/ф;Наши знакомые;[18+]
180725;180905;Наш Кинопоказ;72;Х/ф;Мы с дедушкой;[18+]
180905;181200;Наш Кинопоказ;72;Х/ф;Дни ангела;[18+]
181200;181320;Наш Кинопоказ;72;Х/ф;Охота жить;[18+]
181320;181405;Наш Кинопоказ;72;Т/с;Агент особого назначения 1 с.;[18+]
181405;181455;Наш Кинопоказ;72;Т/с;Агент особого назначения 2 с.;[18+]
181455;181550;Наш Кинопоказ;72;Т/с;Агент особого назначения 3 с.;[18+]
181550;181640;Наш Кинопоказ;72;Т/с;Агент особого назначения 4 с.;[18+]
181640;181830;Наш Кинопоказ;72;Х/ф;Мы с дедушкой;[18+]
181830;182210;Наш Кинопоказ;72;Х/ф;Не покидай меня;[18+]
182210;190000;Наш Кинопоказ;72;Х/ф;Песочный дождь;[18+]
190000;190055;Наш Кинопоказ;72;Т/с;Агент особого назначения 5 с.;[18+]
190055;190145;Наш Кинопоказ;72;Т/с;Агент особого назначения 6 с.;[18+]
190145;190235;Наш Кинопоказ;72;Т/с;Агент особого назначения 7 с.;[18+]
190235;190325;Наш Кинопоказ;72;Т/с;Агент особого назначения 8 с.;[18+]
190325;190520;Наш Кинопоказ;72;Х/ф;Любовь и немножко пломбира;[18+]
190520;190645;Наш Кинопоказ;72;Х/ф;Импровизация на тему биографии;[16+]
190645;190830;Наш Кинопоказ;72;Х/ф;Песочный дождь;[18+]
190830;191140;Наш Кинопоказ;72;Х/ф;Не покидай меня;[18+]
191140;191310;Наш Кинопоказ;72;Х/ф;Улыбнись, когда плачут звёзды;[18+]
191310;191355;Наш Кинопоказ;72;Т/с;Агент особого назначения 5 с.;[18+]
191355;191445;Наш Кинопоказ;72;Т/с;Агент особого назначения 6 с.;[18+]
191445;191540;Наш Кинопоказ;72;Т/с;Агент особого назначения 7 с.;[18+]
191540;191630;Наш Кинопоказ;72;Т/с;Агент особого назначения 8 с.;[18+]
191630;191830;Наш Кинопоказ;72;Х/ф;Опыт реконструкции;[18+]
191830;192210;Наш Кинопоказ;72;Х/ф;Любовь с оружием;[18+]
192210;200000;Наш Кинопоказ;72;Х/ф;Исчезновение;[18+]
200000;200050;Наш Кинопоказ;72;Т/с;Агент особого назначения 9 с.;[18+]
200050;200140;Наш Кинопоказ;72;Т/с;Агент особого назначения 10 с.;[18+]
200140;200235;Наш Кинопоказ;72;Т/с;Агент особого назначения 11 с.;[18+]
200235;200320;Наш Кинопоказ;72;Т/с;Агент особого назначения 12 с.;[18+]
200320;200505;Наш Кинопоказ;72;Х/ф;Тётя Таня;[18+]
200505;200655;Наш Кинопоказ;72;Х/ф;Источник;[18+]
200655;200835;Наш Кинопоказ;72;Х/ф;Исчезновение;[18+]
200835;201140;Наш Кинопоказ;72;Х/ф;Любовь с оружием;[18+]
201140;201310;Наш Кинопоказ;72;Х/ф;Маша и море;[18+]
201310;201355;Наш Кинопоказ;72;Т/с;Агент особого назначения 9 с.;[18+]
201355;201445;Наш Кинопоказ;72;Т/с;Агент особого назначения 10 с.;[18+]
201445;201535;Наш Кинопоказ;72;Т/с;Агент особого назначения 11 с.;[18+]
201535;201630;Наш Кинопоказ;72;Т/с;Агент особого назначения 12 с.;[18+]
201630;201805;Наш Кинопоказ;72;Х/ф;Охота жить;[18+]
201805;202210;Наш Кинопоказ;72;Х/ф;Петербург. Любовь. До востребования;[18+]
202210;210000;Наш Кинопоказ;72;Х/ф;Несколько призрачных дней;[18+]
210000;210055;Наш Кинопоказ;72;Т/с;Агент особого назначения 1 с.;[18+]
210055;210145;Наш Кинопоказ;72;Т/с;Агент особого назначения 2 с.;[18+]
210145;210235;Наш Кинопоказ;72;Т/с;Агент особого назначения 3 с.;[18+]
210235;210325;Наш Кинопоказ;72;Т/с;Агент особого назначения 4 с.;[18+]
210325;210525;Наш Кинопоказ;72;Х/ф;Блюз опадающих листьев;[18+]
210525;210645;Наш Кинопоказ;72;Х/ф;Дети как дети;[18+]
210645;210830;Наш Кинопоказ;72;Х/ф;Несколько призрачных дней;[18+]
210830;211155;Наш Кинопоказ;72;Х/ф;Петербург. Любовь. До востребования;[18+]
211155;211315;Наш Кинопоказ;72;Х/ф;Раздолбай;[18+]
211315;211400;Наш Кинопоказ;72;Т/с;Агент особого назначения 1 с.;[18+]
211400;211450;Наш Кинопоказ;72;Т/с;Агент особого назначения 2 с.;[18+]
211450;211545;Наш Кинопоказ;72;Т/с;Агент особого назначения 3 с.;[18+]
211545;211635;Наш Кинопоказ;72;Т/с;Агент особого назначения 4 с.;[18+]
211635;211835;Наш Кинопоказ;72;Х/ф;Сестрички;[18+]
211835;212200;Наш Кинопоказ;72;Х/ф;Смертельная схватка;[18+]
212200;220000;Наш Кинопоказ;72;Х/ф;Я худею;[18+]
220000;220055;Наш Кинопоказ;72;Т/с;Агент особого назначения 5 с.;[18+]
220055;220145;Наш Кинопоказ;72;Т/с;Агент особого назначения 6 с.;[18+]
220145;220240;Наш Кинопоказ;72;Т/с;Агент особого назначения 7 с.;[18+]
220240;220330;Наш Кинопоказ;72;Т/с;Агент особого назначения 8 с.;[18+]
220330;220520;Наш Кинопоказ;72;Х/ф;Боксёр;[18+]
220520;220645;Наш Кинопоказ;72;Х/ф;Всадник с молнией в руке;[18+]
220645;220835;Наш Кинопоказ;72;Х/ф;Я худею;[18+]
220835;221135;Наш Кинопоказ;72;Х/ф;Смертельная схватка;[18+]
221135;221320;Наш Кинопоказ;72;Х/ф;Блюз опадающих листьев;[18+]
221320;221455;Наш Кинопоказ;72;Х/ф;Песочный дождь;[18+]
221455;221510;Наш Кинопоказ;72;Д/с;Байкал 1 с.;[18+]
221510;221525;Наш Кинопоказ;72;Д/с;Байкал 2 с.;[18+]
221525;221540;Наш Кинопоказ;72;Д/с;Байкал 3 с.;[18+]
221540;221555;Наш Кинопоказ;72;Д/с;Соловецкие острова 1 с.;[18+]
221555;221605;Наш Кинопоказ;72;Д/с;Соловецкие острова 2 с.;[18+]
221605;221625;Наш Кинопоказ;72;Д/с;Соловецкие острова 3 с.;[18+]
221625;221640;Наш Кинопоказ;72;Д/с;Соловецкие острова 4 с.;[18+]
221640;221700;Наш Кинопоказ;72;Д/с;Соловецкие острова 5 с.;[18+]
221700;221850;Наш Кинопоказ;72;Х/ф;Боксёр;[18+]
221850;222220;Наш Кинопоказ;72;Х/ф;Призрак уездного театра;[18+]
222220;230000;Наш Кинопоказ;72;Х/ф;Нулевые;[18+]
230000;230140;Наш Кинопоказ;72;Х/ф;Гудбай, мой бай;[18+]
230140;230330;Наш Кинопоказ;72;Х/ф;Роковое СМС;[18+]
230330;230525;Наш Кинопоказ;72;Х/ф;Парижская тайна;[18+]
230525;230710;Наш Кинопоказ;72;Х/ф;Нулевые;[18+]
230710;231020;Наш Кинопоказ;72;Х/ф;Призрак уездного театра;[18+]
231020;231140;Наш Кинопоказ;72;Х/ф;Гудбай, мой бай;[18+]
231140;231310;Наш Кинопоказ;72;Х/ф;Роковое СМС;[18+]
231310;231500;Наш Кинопоказ;72;Х/ф;Я худею;[18+]
231500;231600;Наш Кинопоказ;72;;Дорога на Диксон;[18+]
231600;231805;Наш Кинопоказ;72;Х/ф;Блюз опадающих листьев;[18+]
231805;232210;Наш Кинопоказ;72;Х/ф;Забытый;[18+]
232210;240000;Наш Кинопоказ;72;Х/ф;Жена Штирлица;[18+]
240000;240140;Наш Кинопоказ;72;Х/ф;Танки;[18+]
240140;240335;Наш Кинопоказ;72;Х/ф;Лера;[18+]
240335;240505;Наш Кинопоказ;72;Х/ф;Команда мечты;[12+]
240505;240650;Наш Кинопоказ;72;Х/ф;Жена Штирлица;[18+]
240650;240830;Наш Кинопоказ;72;Х/ф;Забытый 1 с.;[18+]
170705;170710;Золотая коллекция;37;М/ф;Однажды утром;[0+]
170710;170725;Золотая коллекция;37;М/с;Веселая карусель 1 с.;[16+]
170725;170735;Золотая коллекция;37;М/с;Веселая карусель 2 с.;[16+]
170735;170750;Золотая коллекция;37;М/с;Веселая карусель 3 с.;[0+]
170750;170800;Золотая коллекция;37;М/с;Веселая карусель 4 с.;[0+]
170800;170815;Золотая коллекция;37;М/с;Веселая карусель 6 с.;[0+]
170815;170825;Золотая коллекция;37;М/с;Веселая карусель 7 с.;[0+]
170825;170945;Золотая коллекция;37;Х/ф;Стряпуха;[16+]
170945;171120;Золотая коллекция;37;Х/ф;На ясный огонь;[16+]
171120;171315;Золотая коллекция;37;Х/ф;Застава в горах;[16+]
171315;171450;Золотая коллекция;37;Х/ф;Пришел солдат с фронта;[16+]
171450;171635;Золотая коллекция;37;Х/ф;Подранки;[16+]
171635;171825;Золотая коллекция;37;Х/ф;И жизнь, и слезы, и любовь;[16+]
171825;172000;Золотая коллекция;37;Х/ф;Из жизни отдыхающих;[16+]
172000;172130;Золотая коллекция;37;Х/ф;Кавказская пленница, или Новые приключения Шурика;[16+]
172130;172300;Золотая коллекция;37;Х/ф;Самая обаятельная и привлекательная;[16+]
172300;180135;Золотая коллекция;37;Х/ф;Вокзал для двоих;[16+]
180135;180310;Золотая коллекция;37;Х/ф;Позови меня в даль светлую;[16+]
180310;180435;Золотая коллекция;37;Х/ф;Зонтик для новобрачных;[16+]
180435;180605;Золотая коллекция;37;Х/ф;Розыгрыш;[16+]
180605;180745;Золотая коллекция;37;Х/ф;Мимино;[16+]
180745;180810;Золотая коллекция;37;М/ф;Мальчик из Неаполя;[16+]
180810;180835;Золотая коллекция;37;М/ф;Два билета в Индию;[0+]
180835;180900;Золотая коллекция;37;М/ф;Последний лепесток;[0+]
180900;180925;Золотая коллекция;37;М/ф;Рикки-Тикки-Тави;[16+]
180925;181105;Золотая коллекция;37;Х/ф;Осенний марафон;[16+]
181105;181250;Золотая коллекция;37;Х/ф;Повторная свадьба;[16+]
181250;181415;Золотая коллекция;37;Х/ф;Алмазы для Марии;[16+]
181415;181550;Золотая коллекция;37;Х/ф;Инкогнито из Петербурга;[16+]
181550;181735;Золотая коллекция;37;Х/ф;"Частный детектив, или Операция "Кооперация";[16+]
181735;181900;Золотая коллекция;37;Х/ф;Путешествие мсье Перришона;[16+]
181900;182155;Золотая коллекция;37;Х/ф;Ищите женщину;[16+]
182155;190025;Золотая коллекция;37;Х/ф;Десять негритят;[16+]
190025;190155;Золотая коллекция;37;Х/ф;Трактир на Пятницкой;[18+]
190155;190335;Золотая коллекция;37;Х/ф;Убийство на улице Данте;[18+]
190335;190455;Золотая коллекция;37;Х/ф;Белое солнце пустыни;[16+]
190455;190620;Золотая коллекция;37;Х/ф;Орел и решка;[18+]
190620;190750;Золотая коллекция;37;Х/ф;Танцплощадка;[12+]
190750;190825;Золотая коллекция;37;М/ф;Сказка о рыбаке и рыбке;[0+]
190825;190925;Золотая коллекция;37;М/ф;Сказка о царе Салтане;[0+]
190925;191100;Золотая коллекция;37;Х/ф;Зигзаг удачи;[16+]
191100;191245;Золотая коллекция;37;Х/ф;Солнце светит всем;[16+]
191245;191420;Золотая коллекция;37;Х/ф;Гражданин Лешка;[16+]
191420;191535;Золотая коллекция;37;Х/ф;Ах, водевиль, водевиль...;[16+]
191535;191715;Золотая коллекция;37;Х/ф;Укрощение строптивой;[12+]
191715;191900;Золотая коллекция;37;Х/ф;Раба любви;[16+]
191900;192025;Золотая коллекция;37;Х/ф;Дамы приглашают кавалеров;[16+]
192025;192200;Золотая коллекция;37;Х/ф;Курьер;[16+]
192200;192350;Золотая коллекция;37;Х/ф;Родня;[16+]
192350;200105;Золотая коллекция;37;Х/ф;Не было печали;[16+]
200105;200215;Золотая коллекция;37;Х/ф;Подкидыш;[16+]
200215;200340;Золотая коллекция;37;Х/ф;Алешкина любовь;[16+]
200340;200505;Золотая коллекция;37;Х/ф;Старый знакомый;[16+]
200505;200625;Золотая коллекция;37;Х/ф;Шура и Просвирняк;[16+]
200625;200635;Золотая коллекция;37;М/ф;Лесная история;[16+]
200635;200710;Золотая коллекция;37;М/с;Приключения пингвиненка Лоло 1 с.;[6+]
200710;200730;Золотая коллекция;37;М/с;Приключения пингвиненка Лоло 2 с.;[6+]
200730;200805;Золотая коллекция;37;М/с;Приключения пингвиненка Лоло 3 с.;[6+]
200805;200940;Золотая коллекция;37;Х/ф;Похождения зубного врача;[12+]
200940;201120;Золотая коллекция;37;Х/ф;За витриной универмага;[16+]
201120;201310;Золотая коллекция;37;Х/ф;Человек без паспорта;[16+]
201310;201445;Золотая коллекция;37;Х/ф;Где находится нофелет?;[16+]
201445;201630;Золотая коллекция;37;Х/ф;Мужики!..;[16+]
201630;201825;Золотая коллекция;37;Х/ф;Любовь и голуби;[16+]
201825;202015;Золотая коллекция;37;Х/ф;Свой среди чужих, чужой среди своих;[16+]
202015;202200;Золотая коллекция;37;Х/ф;На Дерибасовской хорошая погода, или На Брайтон-Бич опять идут дожди;[18+]
202200;202345;Золотая коллекция;37;Х/ф;Любовь в СССР;[18+]
202345;210215;Золотая коллекция;37;Х/ф;Интердевочка;[18+]
210215;210350;Золотая коллекция;37;Х/ф;Брат;[18+]
210350;210555;Золотая коллекция;37;Х/ф;Брат-2;[18+]
210555;210655;Золотая коллекция;37;Х/ф;Опасные тропы;[16+]
210655;210750;Золотая коллекция;37;М/ф;Тайна третьей планеты;[0+]
210750;210920;Золотая коллекция;37;Х/ф;Не хочу быть взрослым;[16+]
210920;211045;Золотая коллекция;37;Х/ф;Тридцать три;[16+]
211045;211220;Золотая коллекция;37;Х/ф;Шанс;[16+]
211220;211415;Золотая коллекция;37;Х/ф;Сказка странствий;[12+]
211415;211545;Золотая коллекция;37;Х/ф;Человек ниоткуда;[16+]
211545;211730;Золотая коллекция;37;Х/ф;Эта веселая планета;[16+]
211730;212000;Золотая коллекция;37;Х/ф;Кин-дза-дза!;[16+]
212000;212145;Золотая коллекция;37;Х/ф;Иван Васильевич меняет профессию;[16+]
212145;212325;Золотая коллекция;37;Х/ф;Афоня;[16+]
212325;220115;Золотая коллекция;37;Х/ф;Невероятные приключения итальянцев в России;[16+]
220115;220330;Золотая коллекция;37;Х/ф;По семейным обстоятельствам;[16+]
220330;220435;Золотая коллекция;37;Х/ф;Теща;[16+]
220435;220610;Золотая коллекция;37;Х/ф;Верные друзья;[16+]
220610;220730;Золотая коллекция;37;Х/ф;Звонят, откройте дверь;[16+]
220730;220925;Золотая коллекция;37;Х/ф;Автомобиль, скрипка и собака Клякса;[16+]
220925;221100;Золотая коллекция;37;Х/ф;Внимание, черепаха!;[16+]
221100;221245;Золотая коллекция;37;Х/ф;Высота;[16+]
221245;221415;Золотая коллекция;37;Х/ф;Крепкий орешек;[16+]
221415;221600;Золотая коллекция;37;Х/ф;Американская дочь;[16+]
221600;222255;Золотая коллекция;37;Т/с;Место встречи изменить нельзя;[16+]
222255;230400;Золотая коллекция;37;Т/с;Гардемарины, вперед!;[16+]
230400;230610;Золотая коллекция;37;Х/ф;Виват, гардемарины!;[12+]
230610;230800;Золотая коллекция;37;Х/ф;Гардемарины-3;[12+]
230800;230910;Золотая коллекция;37;Х/ф;Девочка на шаре;[16+]
230910;231150;Золотая коллекция;37;Х/ф;Выше Радуги;[12+]
231150;231310;Золотая коллекция;37;Х/ф;Семь нянек;[16+]
231310;231510;Золотая коллекция;37;Х/ф;Кубанские казаки;[16+]
231510;231955;Золотая коллекция;37;Т/с;Д'Артаньян и три мушкетера;[16+]
231955;232300;Золотая коллекция;37;Х/ф;О бедном гусаре замолвите слово;[16+]
232300;240130;Золотая коллекция;37;Х/ф;Несколько дней из жизни И.И. Обломова;[16+]
240130;240250;Золотая коллекция;37;Х/ф;Леди Макбет Мценского уезда;[12+]
240250;240415;Золотая коллекция;37;Х/ф;Человек-невидимка;[16+]
240415;240545;Золотая коллекция;37;Х/ф;Суета сует;[16+]
240545;240705;Золотая коллекция;37;Х/ф;Кольцо из Амстердама;[16+]
171010;171155;KinoJam 1;79;Х/ф;Три дня до весны;[16+]
171155;171250;KinoJam 1;79;Т/с;Союз спасения. Время гнева 1 с.;[16+]
171250;171345;KinoJam 1;79;Т/с;Союз спасения. Время гнева 2 с.;[16+]
171345;171440;KinoJam 1;79;Т/с;Союз спасения. Время гнева 3 с.;[16+]
171440;171540;KinoJam 1;79;Т/с;Союз спасения. Время гнева 4 с.;[16+]
171540;171725;KinoJam 1;79;Х/ф;Красный призрак;[18+]
171725;171915;KinoJam 1;79;Х/ф;28 панфиловцев;[16+]
171915;172010;KinoJam 1;79;Т/с;Зорге 9 с.;[18+]
172010;172105;KinoJam 1;79;Т/с;Зорге 10 с.;[18+]
172105;172200;KinoJam 1;79;Т/с;Зорге 11 с.;[18+]
172200;172300;KinoJam 1;79;Т/с;Зорге 12 с.;[18+]
172300;172355;KinoJam 1;79;Т/с;Крёстный 1 с.;[18+]
172355;180045;KinoJam 1;79;Т/с;Крёстный 2 с.;[18+]
180045;180230;KinoJam 1;79;Х/ф;Находка;[18+]
180230;180410;KinoJam 1;79;Х/ф;Самозванцы;[18+]
180410;180545;KinoJam 1;79;Х/ф;Пять сыновей Марии;[16+]
180545;180635;KinoJam 1;79;Т/с;Зорге 8 с.;[18+]
180635;180725;KinoJam 1;79;Т/с;Зорге 9 с.;[18+]
180725;180815;KinoJam 1;79;Т/с;Зорге 10 с.;[18+]
180815;180905;KinoJam 1;79;Т/с;Зорге 11 с.;[18+]
180905;181000;KinoJam 1;79;Т/с;Зорге 12 с.;[18+]
181000;181140;KinoJam 1;79;Х/ф;Красный призрак;[18+]
181140;181235;KinoJam 1;79;Т/с;Союз спасения. Время гнева 5 с.;[16+]
181235;181335;KinoJam 1;79;Т/с;Союз спасения. Время гнева 6 с.;[16+]
181335;181435;KinoJam 1;79;Т/с;Союз спасения. Время гнева 7 с.;[16+]
181435;181535;KinoJam 1;79;Т/с;Союз спасения. Время гнева 8 с.;[16+]
181535;181740;KinoJam 1;79;Х/ф;Слуга государев. Режиссёрская версия;[18+]
181740;181930;KinoJam 1;79;Х/ф;Бедный, бедный Павел;[16+]
181930;182110;KinoJam 1;79;Х/ф;Находка;[18+]
182110;182205;KinoJam 1;79;Т/с;Крёстный 1 с.;[18+]
182205;182300;KinoJam 1;79;Т/с;Крёстный 2 с.;[18+]
182300;182355;KinoJam 1;79;Т/с;Крёстный 3 с.;[18+]
182355;190050;KinoJam 1;79;Т/с;Крёстный 4 с.;[18+]
190050;190250;KinoJam 1;79;Х/ф;Аритмия;[18+]
190250;190425;KinoJam 1;79;Х/ф;Затерянные;[18+]
190425;190605;KinoJam 1;79;Х/ф;Пассажирка;[18+]
190605;190655;KinoJam 1;79;Т/с;Зорге 10 с.;[18+]
190655;190740;KinoJam 1;79;Т/с;Зорге 11 с.;[18+]
190740;190835;KinoJam 1;79;Т/с;Зорге 12 с.;[18+]
190835;190920;KinoJam 1;79;Т/с;Крёстный 1 с.;[18+]
190920;191010;KinoJam 1;79;Т/с;Крёстный 2 с.;[18+]
191010;191210;KinoJam 1;79;Х/ф;Слуга государев. Режиссёрская версия;[18+]
191210;191305;KinoJam 1;79;Т/с;Собор 1 с.;[18+]
191305;191400;KinoJam 1;79;Т/с;Собор 2 с.;[18+]
191400;191450;KinoJam 1;79;Т/с;Собор 3 с.;[18+]
191450;191545;KinoJam 1;79;Т/с;Собор 4 с.;[18+]
191545;191735;KinoJam 1;79;Х/ф;Бедный, бедный Павел;[16+]
191735;191940;KinoJam 1;79;Х/ф;Аритмия;[18+]
191940;192110;KinoJam 1;79;Х/ф;Затерянные;[18+]
192110;192205;KinoJam 1;79;Т/с;Крёстный 3 с.;[18+]
192205;192300;KinoJam 1;79;Т/с;Крёстный 4 с.;[18+]
192300;192355;KinoJam 1;79;Т/с;Крёстный 5 с.;[18+]
192355;200050;KinoJam 1;79;Т/с;Крёстный 6 с.;[18+]
200050;200235;KinoJam 1;79;Х/ф;Дыхание;[18+]
200235;200400;KinoJam 1;79;Х/ф;Заказ;[18+]
200400;200540;KinoJam 1;79;Х/ф;Красный призрак;[18+]
200540;200725;KinoJam 1;79;Х/ф;28 панфиловцев;[16+]
200725;200810;KinoJam 1;79;Т/с;Крёстный 1 с.;[18+]
200810;200900;KinoJam 1;79;Т/с;Крёстный 2 с.;[18+]
200900;200945;KinoJam 1;79;Т/с;Крёстный 3 с.;[18+]
200945;201035;KinoJam 1;79;Т/с;Крёстный 4 с.;[18+]
201035;201225;KinoJam 1;79;Х/ф;Бедный, бедный Павел;[16+]
201225;201320;KinoJam 1;79;Т/с;Собор 5 с.;[18+]
201320;201420;KinoJam 1;79;Т/с;Собор 6 с.;[18+]
201420;201520;KinoJam 1;79;Т/с;Собор 7 с.;[18+]
201520;201625;KinoJam 1;79;Т/с;Собор 8 с.;[18+]
201625;201800;KinoJam 1;79;Х/ф;Затерянные;[18+]
201800;201945;KinoJam 1;79;Х/ф;Дыхание;[18+]
201945;202110;KinoJam 1;79;Х/ф;Заказ;[18+]
202110;202205;KinoJam 1;79;Т/с;Крёстный 5 с.;[18+]
202205;202300;KinoJam 1;79;Т/с;Крёстный 6 с.;[18+]
202300;202355;KinoJam 1;79;Т/с;Крёстный 7 с.;[18+]
202355;210045;KinoJam 1;79;Т/с;Крёстный 8 с.;[18+]
210045;210225;KinoJam 1;79;Х/ф;Патент;[16+]
210225;210405;KinoJam 1;79;Х/ф;Бодибилдер;[18+]
210405;210545;KinoJam 1;79;Х/ф;Находка;[18+]
210545;210715;KinoJam 1;79;Х/ф;Самозванцы;[18+]
210715;210805;KinoJam 1;79;Т/с;Крёстный 3 с.;[18+]
210805;210855;KinoJam 1;79;Т/с;Крёстный 4 с.;[18+]
210855;210945;KinoJam 1;79;Т/с;Крёстный 5 с.;[18+]
210945;211035;KinoJam 1;79;Т/с;Крёстный 6 с.;[18+]
211035;211200;KinoJam 1;79;Х/ф;Заказ;[18+]
211200;211255;KinoJam 1;79;Т/с;Собор 9 с.;[18+]
211255;211355;KinoJam 1;79;Т/с;Собор 10 с.;[18+]
211355;211450;KinoJam 1;79;Т/с;Собор 11 с.;[18+]
211450;211550;KinoJam 1;79;Т/с;Собор 12 с.;[18+]
211550;211755;KinoJam 1;79;Х/ф;Аритмия;[18+]
211755;211935;KinoJam 1;79;Х/ф;Патент;[16+]
211935;212110;KinoJam 1;79;Х/ф;Бодибилдер;[18+]
212110;212205;KinoJam 1;79;Т/с;Крёстный 7 с.;[18+]
212205;212300;KinoJam 1;79;Т/с;Крёстный 8 с.;[18+]
212300;212355;KinoJam 1;79;Т/с;Редкая птица 1 с.;[16+]
212355;220045;KinoJam 1;79;Т/с;Редкая птица 2 с.;[16+]
220045;220140;KinoJam 1;79;Т/с;Редкая птица 3 с.;[16+]
220140;220235;KinoJam 1;79;Т/с;Редкая птица 4 с.;[16+]
220235;220455;KinoJam 1;79;Х/ф;Небо;[16+]
220455;220630;KinoJam 1;79;Х/ф;Время патриотов;[16+]
220630;220720;KinoJam 1;79;Т/с;Крёстный 5 с.;[18+]
220720;220810;KinoJam 1;79;Т/с;Крёстный 6 с.;[18+]
220810;220855;KinoJam 1;79;Т/с;Крёстный 7 с.;[18+]
220855;220945;KinoJam 1;79;Т/с;Крёстный 8 с.;[18+]
220945;221120;KinoJam 1;79;Х/ф;Пассажирка;[18+]
221120;221320;KinoJam 1;79;Х/ф;Аритмия;[18+]
221320;221540;KinoJam 1;79;Х/ф;Небо;[16+]
221540;221640;KinoJam 1;79;Т/с;Курорт цвета хаки 1 с.;[18+]
221640;221730;KinoJam 1;79;Т/с;Курорт цвета хаки 2 с.;[18+]
221730;221825;KinoJam 1;79;Т/с;Курорт цвета хаки 3 с.;[18+]
221825;221920;KinoJam 1;79;Т/с;Курорт цвета хаки 4 с.;[18+]
221920;222015;KinoJam 1;79;Т/с;Курорт цвета хаки 5 с.;[18+]
222015;222110;KinoJam 1;79;Т/с;Курорт цвета хаки 6 с.;[18+]
222110;222205;KinoJam 1;79;Т/с;Курорт цвета хаки 7 с.;[18+]
222205;222300;KinoJam 1;79;Т/с;Курорт цвета хаки 8 с.;[18+]
222300;230050;KinoJam 1;79;Х/ф;По-мужски;[18+]
230050;230225;KinoJam 1;79;Х/ф;Лунатики;[18+]
230225;230355;KinoJam 1;79;Х/ф;Отбросы;[18+]
230355;230555;KinoJam 1;79;Х/ф;Слуга государев. Режиссёрская версия;[18+]
230555;230755;KinoJam 1;79;Х/ф;Гардемарины 1787. Мир;[16+]
230755;230925;KinoJam 1;79;Х/ф;Гардемарины 1787. Война;[16+]
230925;231050;KinoJam 1;79;Х/ф;Затерянные;[18+]
231050;231235;KinoJam 1;79;Х/ф;Находка;[18+]
231235;231415;KinoJam 1;79;Х/ф;Патент;[16+]
231415;231600;KinoJam 1;79;Х/ф;Время патриотов;[16+]
231600;231655;KinoJam 1;79;Т/с;Берлинская жара 1 с.;[18+]
231655;231745;KinoJam 1;79;Т/с;Берлинская жара 2 с.;[18+]
231745;231835;KinoJam 1;79;Т/с;Берлинская жара 3 с.;[18+]
231835;231930;KinoJam 1;79;Т/с;Берлинская жара 4 с.;[18+]
231930;232020;KinoJam 1;79;Т/с;Берлинская жара 5 с.;[18+]
232020;232115;KinoJam 1;79;Т/с;Берлинская жара 6 с.;[18+]
232115;232205;KinoJam 1;79;Т/с;Берлинская жара 7 с.;[18+]
232205;232300;KinoJam 1;79;Т/с;Берлинская жара 8 с.;[18+]
232300;240055;KinoJam 1;79;Х/ф;Шугалей;[18+]
240055;240310;KinoJam 1;79;Х/ф;Шугалей-2;[18+]
240310;240455;KinoJam 1;79;Х/ф;Шугалей-3;[18+]
240455;240635;KinoJam 1;79;Х/ф;Капитан Голливуд;[18+]
240635;240810;KinoJam 1;79;Х/ф;Дыхание;[18+]
240810;241010;KinoJam 1;79;Х/ф;Слуга государев. Режиссёрская версия;[18+]
171030;171120;KinoJam 2;76;Т/с;Доктор Мартин 7 с.;[16+]
171120;171210;KinoJam 2;76;Т/с;Доктор Мартин 8 с.;[16+]
171210;171355;KinoJam 2;76;Х/ф;Астерикс и Обеликс в Британии;[12+]
171355;171545;KinoJam 2;76;Х/ф;Лес самоубийц;[18+]
171545;171720;KinoJam 2;76;Х/ф;16 кварталов;[16+]
171720;171900;KinoJam 2;76;Х/ф;Равные;[18+]
171900;172050;KinoJam 2;76;Х/ф;Схватка;[18+]
172050;172225;KinoJam 2;76;Х/ф;Основано на реальных событиях;[18+]
172225;181045;KinoJam 2;76;Х/ф;Миссия;[18+]
181045;181130;KinoJam 2;76;Т/с;Доктор Мартин 2 с.;[16+]
181130;181220;KinoJam 2;76;Т/с;Доктор Мартин 3 с.;[16+]
181220;181420;KinoJam 2;76;Х/ф;Миссия;[18+]
181420;181625;KinoJam 2;76;Х/ф;12 лет рабства;[18+]
181625;181925;KinoJam 2;76;Х/ф;Работа без авторства;[18+]
181925;182055;KinoJam 2;76;Х/ф;Дедушка лёгкого поведения;[18+]
182055;182240;KinoJam 2;76;Х/ф;Проксима;[16+]
182240;191030;KinoJam 2;76;Х/ф;Ограбление из будущего;[18+]
191030;191120;KinoJam 2;76;Т/с;Доктор Мартин 5 с.;[16+]
191120;191210;KinoJam 2;76;Т/с;Доктор Мартин 6 с.;[16+]
191210;191400;KinoJam 2;76;Х/ф;Ограбление из будущего;[18+]
191400;191535;KinoJam 2;76;Х/ф;Кин;[18+]
191535;191715;KinoJam 2;76;Х/ф;Чужая Земля;[16+]
191715;191920;KinoJam 2;76;Х/ф;Орудия смерти. Город костей;[16+]
191920;192050;KinoJam 2;76;Х/ф;Иррациональный человек;[18+]
192050;192235;KinoJam 2;76;Х/ф;1+1;[18+]
192235;201005;KinoJam 2;76;Х/ф;Мой парень - принц;[18+]
201005;201315;KinoJam 2;76;Т/с;Доктор Мартин;[16+]
201315;201505;KinoJam 2;76;Х/ф;Мой парень - принц;[18+]
201505;201705;KinoJam 2;76;Х/ф;Три метра над уровнем неба;[16+]
201705;201905;KinoJam 2;76;Х/ф;Три метра над уровнем неба: Я тебя хочу;[16+]
201905;202050;KinoJam 2;76;Х/ф;Астерикс и Обеликс в Британии;[12+]
202050;202230;KinoJam 2;76;Х/ф;Мистер Олимпия;[18+]
202230;211025;KinoJam 2;76;Х/ф;Паркер;[18+]
211025;211110;KinoJam 2;76;Т/с;Доктор Мартин 2 с.;[16+]
211110;211200;KinoJam 2;76;Т/с;Доктор Мартин 3 с.;[16+]
211200;211350;KinoJam 2;76;Х/ф;Паркер;[18+]
211350;211540;KinoJam 2;76;Х/ф;Профессионал;[18+]
211540;211730;KinoJam 2;76;Х/ф;План побега;[18+]
211730;211935;KinoJam 2;76;Х/ф;12 лет рабства;[18+]
211935;212235;KinoJam 2;76;Х/ф;Работа без авторства;[18+]
212235;221105;KinoJam 2;76;Х/ф;Анна;[18+]
221105;221235;KinoJam 2;76;Х/ф;Конченая;[18+]
221235;221425;KinoJam 2;76;Х/ф;Взрывная блондинка;[18+]
221425;221605;KinoJam 2;76;Х/ф;Астерикс и Обеликс в Британии;[12+]
221605;221800;KinoJam 2;76;Х/ф;Паркер;[18+]
221800;221935;KinoJam 2;76;Х/ф;Кин;[18+]
221935;222125;KinoJam 2;76;Х/ф;Ограбление из будущего;[18+]
222125;222250;KinoJam 2;76;Х/ф;Мастер и его муза;[18+]
222250;231040;KinoJam 2;76;Х/ф;Иррациональный человек;[18+]
231040;231245;KinoJam 2;76;Х/ф;12 лет рабства;[18+]
231245;231545;KinoJam 2;76;Х/ф;Работа без авторства;[18+]
231545;231715;KinoJam 2;76;Х/ф;Иррациональный человек;[18+]
231715;231840;KinoJam 2;76;Х/ф;Отель "Артемида";[18+]
231840;232030;KinoJam 2;76;Х/ф;План побега;[18+]
232030;241030;KinoJam 2;76;Т/с;Мунккивуори. Лето печали;[18+]
171000;171030;START Air;67;Т/с;Фитнес 1 с.;[16+]
171030;171100;START Air;67;Т/с;Фитнес 2 с.;[16+]
171100;171130;START Air;67;Т/с;Фитнес 3 с.;[16+]
171130;171200;START Air;67;Т/с;Сёстры 8 с.;[16+]
171200;171220;START Air;67;Т/с;Сёстры 9 с.;[16+]
171220;171250;START Air;67;Т/с;Сёстры 10 с.;[16+]
171250;171315;START Air;67;Т/с;Сёстры 11 с.;[16+]
171315;171345;START Air;67;Т/с;Сёстры 12 с.;[16+]
171345;171410;START Air;67;Т/с;Сёстры 13 с.;[16+]
171410;171610;START Air;67;Х/ф;Любовь с ограничениями;[16+]
171610;171745;START Air;67;Х/ф;(НЕ)идеальный мужчина;[16+]
171745;171815;START Air;67;Т/с;Против всех 5 с.;[16+]
171815;171845;START Air;67;Т/с;Против всех 6 с.;[16+]
171845;171910;START Air;67;Т/с;Против всех 7 с.;[16+]
171910;171940;START Air;67;Т/с;Против всех 8 с.;[16+]
171940;172010;START Air;67;Т/с;Против всех 9 с.;[16+]
172010;172035;START Air;67;Т/с;Сёстры 11 с.;[16+]
172035;172105;START Air;67;Т/с;Сёстры 12 с.;[16+]
172105;172130;START Air;67;Т/с;Сёстры 13 с.;[16+]
172130;172200;START Air;67;Т/с;Сёстры 1 с.;[16+]
172200;172230;START Air;67;Т/с;Сёстры 2 с.;[16+]
172230;172255;START Air;67;Т/с;Сёстры 3 с.;[16+]
172255;180045;START Air;67;Х/ф;Культурная комедия;[16+]
180045;180255;START Air;67;Х/ф;Между нами лето;[16+]
180255;180325;START Air;67;Т/с;Надежда 1 с.;[18+]
180325;180355;START Air;67;Т/с;Надежда 2 с.;[18+]
180355;180425;START Air;67;Т/с;Надежда 3 с.;[18+]
180425;180500;START Air;67;Т/с;Надежда 4 с.;[18+]
180500;180550;START Air;67;Т/с;Бывшие 1 с.;[18+]
180550;180655;START Air;67;Т/с;Бывшие 2 с.;[18+]
180655;180800;START Air;67;Т/с;Бывшие 3 с.;[18+]
180800;180830;START Air;67;Т/с;Против всех 6 с.;[16+]
180830;180900;START Air;67;Т/с;Против всех 7 с.;[16+]
180900;180930;START Air;67;Т/с;Против всех 8 с.;[16+]
180930;181000;START Air;67;Т/с;Против всех 9 с.;[16+]
181000;181030;START Air;67;Т/с;Фитнес 4 с.;[16+]
181030;181100;START Air;67;Т/с;Фитнес 5 с.;[16+]
181100;181130;START Air;67;Т/с;Фитнес 6 с.;[16+]
181130;181155;START Air;67;Т/с;Сёстры 11 с.;[16+]
181155;181220;START Air;67;Т/с;Сёстры 12 с.;[16+]
181220;181250;START Air;67;Т/с;Сёстры 13 с.;[16+]
181250;181320;START Air;67;Т/с;Сёстры 1 с.;[16+]
181320;181345;START Air;67;Т/с;Сёстры 2 с.;[16+]
181345;181415;START Air;67;Т/с;Сёстры 3 с.;[16+]
181415;181610;START Air;67;Х/ф;Олень;[16+]
181610;181800;START Air;67;Х/ф;Эта любовь;[16+]
181800;181825;START Air;67;Т/с;Против всех 8 с.;[16+]
181825;181855;START Air;67;Т/с;Против всех 9 с.;[16+]
181855;181925;START Air;67;Т/с;Против всех 10 с.;[16+]
181925;181950;START Air;67;Т/с;Против всех 11 с.;[16+]
181950;182020;START Air;67;Т/с;Против всех 12 с.;[16+]
182020;182045;START Air;67;Т/с;Сёстры 1 с.;[16+]
182045;182115;START Air;67;Т/с;Сёстры 2 с.;[16+]
182115;182145;START Air;67;Т/с;Сёстры 3 с.;[16+]
182145;182210;START Air;67;Т/с;Сёстры 4 с.;[16+]
182210;182240;START Air;67;Т/с;Сёстры 5 с.;[16+]
182240;182310;START Air;67;Т/с;Сёстры 6 с.;[16+]
182310;190110;START Air;67;Х/ф;Срочно выйду замуж;[16+]
190110;190255;START Air;67;Х/ф;Без границ;[16+]
190255;190325;START Air;67;Т/с;Надежда 5 с.;[18+]
190325;190355;START Air;67;Т/с;Надежда 6 с.;[18+]
190355;190425;START Air;67;Т/с;Надежда 7 с.;[18+]
190425;190500;START Air;67;Т/с;Надежда 8 с.;[18+]
190500;190600;START Air;67;Т/с;Бывшие 3 с.;[18+]
190600;190705;START Air;67;Т/с;Бывшие 4 с.;[18+]
190705;190800;START Air;67;Т/с;Бывшие 5 с.;[18+]
190800;190830;START Air;67;Т/с;Против всех 9 с.;[16+]
190830;190900;START Air;67;Т/с;Против всех 10 с.;[16+]
190900;190930;START Air;67;Т/с;Против всех 11 с.;[16+]
190930;191000;START Air;67;Т/с;Против всех 12 с.;[16+]
191000;191030;START Air;67;Т/с;Фитнес 7 с.;[16+]
191030;191100;START Air;67;Т/с;Фитнес 8 с.;[16+]
191100;191125;START Air;67;Т/с;Фитнес 9 с.;[16+]
191125;191155;START Air;67;Т/с;Сёстры 1 с.;[16+]
191155;191220;START Air;67;Т/с;Сёстры 2 с.;[16+]
191220;191250;START Air;67;Т/с;Сёстры 3 с.;[16+]
191250;191320;START Air;67;Т/с;Сёстры 4 с.;[16+]
191320;191345;START Air;67;Т/с;Сёстры 5 с.;[16+]
191345;191415;START Air;67;Т/с;Сёстры 6 с.;[16+]
191415;191620;START Air;67;Х/ф;Срочно выйду замуж;[16+]
191620;191800;START Air;67;Х/ф;Без границ;[16+]
191800;191830;START Air;67;Т/с;Против всех 11 с.;[16+]
191830;191900;START Air;67;Т/с;Против всех 12 с.;[16+]
191900;191930;START Air;67;Т/с;Против всех 13 с.;[16+]
191930;191955;START Air;67;Т/с;Против всех 14 с.;[16+]
191955;192025;START Air;67;Т/с;Против всех 15 с.;[16+]
192025;192055;START Air;67;Т/с;Сёстры 4 с.;[16+]
192055;192120;START Air;67;Т/с;Сёстры 5 с.;[16+]
192120;192150;START Air;67;Т/с;Сёстры 6 с.;[16+]
192150;192220;START Air;67;Т/с;Сёстры 7 с.;[16+]
192220;192245;START Air;67;Т/с;Сёстры 8 с.;[16+]
192245;192315;START Air;67;Т/с;Сёстры 9 с.;[16+]
192315;200110;START Air;67;Х/ф;Пара из будущего;[16+]
200110;200255;START Air;67;Х/ф;Адам и Ева;[16+]
200255;200325;START Air;67;Т/с;Надежда 9 с.;[18+]
200325;200400;START Air;67;Т/с;Надежда 10 с.;[18+]
200400;200430;START Air;67;Т/с;Надежда 11 с.;[18+]
200430;200500;START Air;67;Т/с;Надежда 12 с.;[18+]
200500;200600;START Air;67;Т/с;Бывшие 5 с.;[18+]
200600;200705;START Air;67;Т/с;Бывшие 6 с.;[18+]
200705;200800;START Air;67;Т/с;Бывшие 7 с.;[18+]
200800;200830;START Air;67;Т/с;Против всех 12 с.;[16+]
200830;200900;START Air;67;Т/с;Против всех 13 с.;[16+]
200900;200930;START Air;67;Т/с;Против всех 14 с.;[16+]
200930;201000;START Air;67;Т/с;Против всех 15 с.;[16+]
201000;201025;START Air;67;Т/с;Фитнес 10 с.;[16+]
201025;201050;START Air;67;Т/с;Фитнес 11 с.;[16+]
201050;201120;START Air;67;Т/с;Фитнес 12 с.;[16+]
201120;201145;START Air;67;Т/с;Сёстры 4 с.;[16+]
201145;201215;START Air;67;Т/с;Сёстры 5 с.;[16+]
201215;201245;START Air;67;Т/с;Сёстры 6 с.;[16+]
201245;201310;START Air;67;Т/с;Сёстры 7 с.;[16+]
201310;201340;START Air;67;Т/с;Сёстры 8 с.;[16+]
201340;201410;START Air;67;Т/с;Сёстры 9 с.;[16+]
201410;201555;START Air;67;Х/ф;Культурная комедия;[16+]
201555;201805;START Air;67;Х/ф;Между нами лето;[16+]
201805;201835;START Air;67;Т/с;Против всех 14 с.;[16+]
201835;201900;START Air;67;Т/с;Против всех 15 с.;[16+]
201900;201930;START Air;67;Т/с;Против всех 16 с.;[16+]
201930;201955;START Air;67;Т/с;Против всех 17 с.;[16+]
201955;202025;START Air;67;Т/с;Против всех 18 с.;[16+]
202025;202050;START Air;67;Т/с;Сёстры 7 с.;[16+]
202050;202120;START Air;67;Т/с;Сёстры 8 с.;[16+]
202120;202150;START Air;67;Т/с;Сёстры 9 с.;[16+]
202150;202220;START Air;67;Т/с;Сёстры 10 с.;[16+]
202220;202245;START Air;67;Т/с;Сёстры 11 с.;[16+]
202245;202315;START Air;67;Т/с;Сёстры 12 с.;[16+]
202315;210105;START Air;67;Х/ф;Олень;[16+]
210105;210255;START Air;67;Х/ф;Эта любовь;[16+]
210255;210325;START Air;67;Т/с;Надежда 13 с.;[18+]
210325;210355;START Air;67;Т/с;Надежда 14 с.;[18+]
210355;210425;START Air;67;Т/с;Надежда 15 с.;[18+]
210425;210500;START Air;67;Т/с;Надежда 16 с.;[18+]
210500;210555;START Air;67;Т/с;Бывшие 7 с.;[18+]
210555;210705;START Air;67;Т/с;Бывшие 8 с.;[18+]
210705;210735;START Air;67;Т/с;Против всех 13 с.;[16+]
210735;210805;START Air;67;Т/с;Против всех 14 с.;[16+]
210805;210835;START Air;67;Т/с;Против всех 15 с.;[16+]
210835;210900;START Air;67;Т/с;Против всех 16 с.;[16+]
210900;210935;START Air;67;Т/с;Против всех 17 с.;[16+]
210935;211000;START Air;67;Т/с;Против всех 18 с.;[16+]
211000;211030;START Air;67;Т/с;Фитнес 13 с.;[16+]
211030;211100;START Air;67;Т/с;Фитнес 14 с.;[16+]
211100;211125;START Air;67;Т/с;Фитнес 15 с.;[16+]
211125;211155;START Air;67;Т/с;Сёстры 7 с.;[16+]
211155;211225;START Air;67;Т/с;Сёстры 8 с.;[16+]
211225;211250;START Air;67;Т/с;Сёстры 9 с.;[16+]
211250;211320;START Air;67;Т/с;Сёстры 10 с.;[16+]
211320;211350;START Air;67;Т/с;Сёстры 11 с.;[16+]
211350;211415;START Air;67;Т/с;Сёстры 12 с.;[16+]
211415;211615;START Air;67;Х/ф;Пара из будущего;[16+]
211615;211755;START Air;67;Х/ф;Адам и Ева;[16+]
211755;211825;START Air;67;Т/с;Против всех 17 с.;[16+]
211825;211855;START Air;67;Т/с;Против всех 18 с.;[16+]
211855;211920;START Air;67;Т/с;Против всех 19 с.;[16+]
211920;211950;START Air;67;Т/с;Против всех 20 с.;[16+]
211950;212020;START Air;67;Т/с;Сёстры 9 с.;[16+]
212020;212050;START Air;67;Т/с;Сёстры 10 с.;[16+]
212050;212115;START Air;67;Т/с;Сёстры 11 с.;[16+]
212115;212145;START Air;67;Т/с;Сёстры 12 с.;[16+]
212145;212215;START Air;67;Т/с;Сёстры 13 с.;[16+]
212215;220010;START Air;67;Х/ф;Любовь с ограничениями;[16+]
220010;220150;START Air;67;Х/ф;(НЕ)идеальный мужчина;[16+]
220150;220330;START Air;67;Х/ф;Вниз;[16+]
220330;220510;START Air;67;Х/ф;Затерянные;[16+]
220510;220700;START Air;67;Х/ф;Миллиард;[16+]
220700;220730;START Air;67;Т/с;Против всех 15 с.;[16+]
220730;220800;START Air;67;Т/с;Против всех 16 с.;[16+]
220800;220830;START Air;67;Т/с;Против всех 17 с.;[16+]
220830;220900;START Air;67;Т/с;Против всех 18 с.;[16+]
220900;220930;START Air;67;Т/с;Против всех 19 с.;[16+]
220930;221000;START Air;67;Т/с;Против всех 20 с.;[16+]
221000;221030;START Air;67;Т/с;Фитнес 16 с.;[16+]
221030;221055;START Air;67;Т/с;Фитнес 17 с.;[16+]
221055;221125;START Air;67;Т/с;Фитнес 18 с.;[16+]
221125;221150;START Air;67;Т/с;Фитнес 19 с.;[16+]
221150;221220;START Air;67;Т/с;Фитнес 20 с.;[16+]
221220;221245;START Air;67;Т/с;Фитнес 1 с.;[16+]
221245;221315;START Air;67;Т/с;Фитнес 2 с.;[16+]
221315;221505;START Air;67;Х/ф;7 дней, 7 ночей;[12+]
221505;221650;START Air;67;Х/ф;Семейный переполох;[12+]
221650;221720;START Air;67;Т/с;Инспектор Гаврилов 1 с.;[16+]
221720;221750;START Air;67;Т/с;Инспектор Гаврилов 2 с.;[16+]
221750;221815;START Air;67;Т/с;Инспектор Гаврилов 3 с.;[16+]
221815;221845;START Air;67;Т/с;Инспектор Гаврилов 4 с.;[16+]
221845;221910;START Air;67;Т/с;Инспектор Гаврилов 5 с.;[16+]
221910;221935;START Air;67;Т/с;Инспектор Гаврилов 6 с.;[16+]
221935;222005;START Air;67;Т/с;Инспектор Гаврилов 7 с.;[16+]
222005;222030;START Air;67;Т/с;Инспектор Гаврилов 8 с.;[16+]
222030;222100;START Air;67;Т/с;Инспектор Гаврилов 9 с.;[16+]
222100;222310;START Air;67;Х/ф;Бременские музыканты;[12+]
222310;230110;START Air;67;Х/ф;Холоп;[16+]
230110;230310;START Air;67;Х/ф;"Отель "Белград";[16+]
230310;230410;START Air;67;Т/с;Опасная близость 1 с.;[16+]
230410;230505;START Air;67;Т/с;Опасная близость 2 с.;[16+]
230505;230605;START Air;67;Т/с;Опасная близость 3 с.;[16+]
230605;230700;START Air;67;Т/с;Опасная близость 4 с.;[16+]
230700;230730;START Air;67;Т/с;Фитнес 17 с.;[16+]
230730;230800;START Air;67;Т/с;Фитнес 18 с.;[16+]
230800;230830;START Air;67;Т/с;Фитнес 19 с.;[16+]
230830;230900;START Air;67;Т/с;Фитнес 20 с.;[16+]
230900;230930;START Air;67;Т/с;Фитнес 1 с.;[16+]
230930;231000;START Air;67;Т/с;Фитнес 2 с.;[16+]
231000;231025;START Air;67;Т/с;Фитнес 3 с.;[16+]
231025;231050;START Air;67;Т/с;Фитнес 4 с.;[16+]
231050;231115;START Air;67;Т/с;Фитнес 5 с.;[16+]
231115;231145;START Air;67;Т/с;Фитнес 6 с.;[16+]
231145;231210;START Air;67;Т/с;Фитнес 7 с.;[16+]
231210;231235;START Air;67;Т/с;Фитнес 8 с.;[16+]
231235;231305;START Air;67;Т/с;Фитнес 9 с.;[16+]
231305;231330;START Air;67;Т/с;Фитнес 10 с.;[16+]
231330;231520;START Air;67;Х/ф;Завтрак у папы;[16+]
231520;231655;START Air;67;Х/ф;Не одна дома;[6+]
231655;231720;START Air;67;Т/с;Инспектор Гаврилов 9 с.;[16+]
231720;231750;START Air;67;Т/с;Инспектор Гаврилов 10 с.;[16+]
231750;231815;START Air;67;Т/с;Инспектор Гаврилов 11 с.;[16+]
231815;231845;START Air;67;Т/с;Инспектор Гаврилов 12 с.;[16+]
231845;231910;START Air;67;Т/с;Инспектор Гаврилов 13 с.;[16+]
231910;231940;START Air;67;Т/с;Инспектор Гаврилов 14 с.;[16+]
231940;232005;START Air;67;Т/с;Инспектор Гаврилов 15 с.;[16+]
232005;232035;START Air;67;Т/с;Инспектор Гаврилов 16 с.;[16+]
232035;232100;START Air;67;Т/с;Инспектор Гаврилов 17 с.;[16+]
232100;232250;START Air;67;Х/ф;7 дней, 7 ночей;[12+]
232250;240100;START Air;67;Х/ф;Непослушник;[16+]
240100;240320;START Air;67;Х/ф;Страсти по Матвею;[16+]
240320;240420;START Air;67;Т/с;Опасная близость 5 с.;[16+]
240420;240515;START Air;67;Т/с;Опасная близость 6 с.;[16+]
240515;240610;START Air;67;Т/с;Опасная близость 7 с.;[16+]
240610;240715;START Air;67;Т/с;Опасная близость 8 с.;[16+]
240715;240745;START Air;67;Т/с;Фитнес 5 с.;[16+]
240745;240810;START Air;67;Т/с;Фитнес 6 с.;[16+]
240810;240835;START Air;67;Т/с;Фитнес 7 с.;[16+]
240835;240905;START Air;67;Т/с;Фитнес 8 с.;[16+]
240905;240935;START Air;67;Т/с;Фитнес 9 с.;[16+]
240935;241000;START Air;67;Т/с;Фитнес 10 с.;[16+]
171000;171155;START World;69;Х/ф;1+1;[16+]
171155;171225;START World;69;Т/с;ИП Пирогова 1 с.;[16+]
171225;171250;START World;69;Т/с;ИП Пирогова 2 с.;[16+]
171250;171320;START World;69;Т/с;ИП Пирогова 3 с.;[16+]
171320;171345;START World;69;Т/с;ИП Пирогова 4 с.;[16+]
171345;171435;START World;69;Т/с;Дикий 61 с.;[16+]
171435;171525;START World;69;Т/с;Дикий 62 с.;[16+]
171525;171610;START World;69;Т/с;Дикий 63 с.;[16+]
171610;171700;START World;69;Т/с;Дикий 64 с.;[16+]
171700;171935;START World;69;Т/с;Клюквенный щербет 26 с.;[16+]
171935;172220;START World;69;Т/с;Зимородок 16 с.;[16+]
172220;172310;START World;69;Т/с;Далёкий город 19 с.;[16+]
172310;180000;START World;69;Т/с;Далёкий город 20 с.;[16+]
180000;180050;START World;69;Т/с;Далёкий город 21 с.;[16+]
180050;180135;START World;69;Т/с;Далёкий город 22 с.;[16+]
180135;180225;START World;69;Т/с;Дикий 61 с.;[16+]
180225;180315;START World;69;Т/с;Дикий 62 с.;[16+]
180315;180405;START World;69;Т/с;Дикий 63 с.;[16+]
180405;180450;START World;69;Т/с;Дикий 64 с.;[16+]
180450;180545;START World;69;Т/с;Контейнер 3 с.;[18+]
180545;180645;START World;69;Т/с;Контейнер 4 с.;[18+]
180645;180740;START World;69;Т/с;Контейнер 5 с.;[18+]
180740;180825;START World;69;Х/ф;Гюльджемаль 14 с.;[16+]
180825;180915;START World;69;Х/ф;Гюльджемаль 15 с.;[16+]
180915;181000;START World;69;Х/ф;Гюльджемаль 16 с.;[16+]
181000;181050;START World;69;Х/ф;Гюльджемаль 17 с.;[16+]
181050;181125;START World;69;Т/с;ИП Пирогова 1 с.;[16+]
181125;181150;START World;69;Т/с;ИП Пирогова 2 с.;[16+]
181150;181215;START World;69;Т/с;ИП Пирогова 3 с.;[16+]
181215;181245;START World;69;Т/с;ИП Пирогова 4 с.;[16+]
181245;181310;START World;69;Т/с;ИП Пирогова 5 с.;[16+]
181310;181335;START World;69;Т/с;ИП Пирогова 6 с.;[16+]
181335;181425;START World;69;Т/с;Дикий 65 с.;[16+]
181425;181520;START World;69;Т/с;Дикий 66 с.;[16+]
181520;181605;START World;69;Т/с;Дикий 67 с.;[16+]
181605;181700;START World;69;Т/с;Дикий 68 с.;[16+]
181700;181930;START World;69;Т/с;Клюквенный щербет 27 с.;[16+]
181930;182130;START World;69;Т/с;Зимородок 17 с.;[16+]
182130;182220;START World;69;Т/с;Далёкий город 20 с.;[16+]
182220;182310;START World;69;Т/с;Далёкий город 21 с.;[16+]
182310;190000;START World;69;Т/с;Далёкий город 22 с.;[16+]
190000;190050;START World;69;Т/с;Далёкий город 23 с.;[16+]
190050;190140;START World;69;Т/с;Далёкий город 24 с.;[16+]
190140;190225;START World;69;Т/с;Дикий 65 с.;[16+]
190225;190320;START World;69;Т/с;Дикий 66 с.;[16+]
190320;190410;START World;69;Т/с;Дикий 67 с.;[16+]
190410;190500;START World;69;Т/с;Дикий 68 с.;[16+]
190500;190555;START World;69;Т/с;Контейнер 4 с.;[18+]
190555;190655;START World;69;Т/с;Контейнер 5 с.;[18+]
190655;190755;START World;69;Т/с;Контейнер 6 с.;[18+]
190755;190840;START World;69;Х/ф;Гюльджемаль 16 с.;[16+]
190840;190930;START World;69;Х/ф;Гюльджемаль 17 с.;[16+]
190930;191000;START World;69;Т/с;ИП Пирогова 1 с.;[16+]
191000;191030;START World;69;Т/с;ИП Пирогова 2 с.;[16+]
191030;191100;START World;69;Т/с;ИП Пирогова 3 с.;[16+]
191100;191130;START World;69;Т/с;ИП Пирогова 4 с.;[16+]
191130;191155;START World;69;Т/с;ИП Пирогова 5 с.;[16+]
191155;191220;START World;69;Т/с;ИП Пирогова 6 с.;[16+]
191220;191250;START World;69;Т/с;ИП Пирогова 7 с.;[16+]
191250;191315;START World;69;Т/с;ИП Пирогова 8 с.;[16+]
191315;191340;START World;69;Т/с;ИП Пирогова 9 с.;[16+]
191340;191405;START World;69;Т/с;ИП Пирогова 10 с.;[16+]
191405;191455;START World;69;Т/с;Дикий 69 с.;[16+]
191455;191545;START World;69;Т/с;Дикий 70 с.;[16+]
191545;191640;START World;69;Т/с;Дикий 71 с.;[16+]
191640;191730;START World;69;Т/с;Дикий 72 с.;[16+]
191730;192000;START World;69;Т/с;Клюквенный щербет 28 с.;[16+]
192000;192220;START World;69;Т/с;Зимородок 18 с.;[16+]
192220;192310;START World;69;Т/с;Далёкий город 23 с.;[16+]
192310;200000;START World;69;Т/с;Далёкий город 24 с.;[16+]
200000;200045;START World;69;Т/с;Далёкий город 25 с.;[16+]
200045;200135;START World;69;Т/с;Далёкий город 26 с.;[16+]
200135;200225;START World;69;Т/с;Дикий 69 с.;[16+]
200225;200315;START World;69;Т/с;Дикий 70 с.;[16+]
200315;200405;START World;69;Т/с;Дикий 71 с.;[16+]
200405;200455;START World;69;Т/с;Дикий 72 с.;[16+]
200455;200555;START World;69;Т/с;Контейнер 5 с.;[18+]
200555;200655;START World;69;Т/с;Контейнер 6 с.;[18+]
200655;200750;START World;69;Т/с;Контейнер 7 с.;[18+]
200750;200845;START World;69;Х/ф;Гюльджемаль 17 с.;[16+]
200845;200935;START World;69;Х/ф;Гюльджемаль 18 с.;[16+]
200935;201010;START World;69;Т/с;ИП Пирогова 4 с.;[16+]
201010;201040;START World;69;Т/с;ИП Пирогова 5 с.;[16+]
201040;201105;START World;69;Т/с;ИП Пирогова 6 с.;[16+]
201105;201130;START World;69;Т/с;ИП Пирогова 7 с.;[16+]
201130;201155;START World;69;Т/с;ИП Пирогова 8 с.;[16+]
201155;201225;START World;69;Т/с;ИП Пирогова 9 с.;[16+]
201225;201250;START World;69;Т/с;ИП Пирогова 10 с.;[16+]
201250;201315;START World;69;Т/с;ИП Пирогова 11 с.;[16+]
201315;201340;START World;69;Т/с;ИП Пирогова 12 с.;[16+]
201340;201405;START World;69;Т/с;ИП Пирогова 13 с.;[16+]
201405;201455;START World;69;Т/с;Дикий 73 с.;[16+]
201455;201545;START World;69;Т/с;Дикий 74 с.;[16+]
201545;201635;START World;69;Т/с;Дикий 75 с.;[16+]
201635;201720;START World;69;Т/с;Дикий 76 с.;[16+]
201720;201955;START World;69;Т/с;Клюквенный щербет 29 с.;[16+]
201955;202225;START World;69;Т/с;Зимородок 19 с.;[16+]
202225;202310;START World;69;Т/с;Далёкий город 25 с.;[16+]
202310;210000;START World;69;Т/с;Далёкий город 26 с.;[16+]
210000;210045;START World;69;Т/с;Далёкий город 27 с.;[16+]
210045;210135;START World;69;Т/с;Далёкий город 28 с.;[16+]
210135;210225;START World;69;Т/с;Дикий 73 с.;[16+]
210225;210310;START World;69;Т/с;Дикий 74 с.;[16+]
210310;210400;START World;69;Т/с;Дикий 75 с.;[16+]
210400;210450;START World;69;Т/с;Дикий 76 с.;[16+]
210450;210545;START World;69;Т/с;Контейнер 6 с.;[18+]
210545;210645;START World;69;Т/с;Контейнер 7 с.;[18+]
210645;210745;START World;69;Т/с;Контейнер 8 с.;[18+]
210745;210840;START World;69;Х/ф;Гюльджемаль 18 с.;[16+]
210840;210930;START World;69;Х/ф;Гюльджемаль 19 с.;[16+]
210930;211000;START World;69;Т/с;ИП Пирогова 6 с.;[16+]
211000;211030;START World;69;Т/с;ИП Пирогова 7 с.;[16+]
211030;211055;START World;69;Т/с;ИП Пирогова 8 с.;[16+]
211055;211120;START World;69;Т/с;ИП Пирогова 9 с.;[16+]
211120;211145;START World;69;Т/с;ИП Пирогова 10 с.;[16+]
211145;211210;START World;69;Т/с;ИП Пирогова 11 с.;[16+]
211210;211240;START World;69;Т/с;ИП Пирогова 12 с.;[16+]
211240;211305;START World;69;Т/с;ИП Пирогова 13 с.;[16+]
211305;211330;START World;69;Т/с;ИП Пирогова 14 с.;[16+]
211330;211400;START World;69;Т/с;ИП Пирогова 15 с.;[16+]
211400;211450;START World;69;Т/с;Дикий 77 с.;[16+]
211450;211540;START World;69;Т/с;Дикий 78 с.;[16+]
211540;211630;START World;69;Т/с;Дикий 79 с.;[16+]
211630;211720;START World;69;Т/с;Дикий 80 с.;[16+]
211720;211955;START World;69;Т/с;Клюквенный щербет 30 с.;[16+]
211955;212225;START World;69;Т/с;Зимородок 20 с.;[16+]
212225;212310;START World;69;Т/с;Далёкий город 27 с.;[16+]
212310;220000;START World;69;Т/с;Далёкий город 28 с.;[16+]
220000;220050;START World;69;Т/с;Далёкий город 29 с.;[16+]
220050;220140;START World;69;Т/с;Далёкий город 30 с.;[16+]
220140;220230;START World;69;Т/с;Дикий 77 с.;[16+]
220230;220320;START World;69;Т/с;Дикий 78 с.;[16+]
220320;220410;START World;69;Т/с;Дикий 79 с.;[16+]
220410;220500;START World;69;Т/с;Дикий 80 с.;[16+]
220500;220555;START World;69;Т/с;Контейнер 7 с.;[18+]
220555;220655;START World;69;Т/с;Контейнер 8 с.;[18+]
220655;220805;START World;69;Т/с;Контейнер 1 с.;[18+]
220805;220900;START World;69;Х/ф;Гюльджемаль 19 с.;[16+]
220900;221000;START World;69;Х/ф;Гюльджемаль 20 с.;[16+]
221000;221150;START World;69;Х/ф;Большие мечты;[16+]
221150;221350;START World;69;Х/ф;Пара из будущего;[16+]
221350;221440;START World;69;Т/с;Далёкий город 16 с.;[16+]
221440;221530;START World;69;Т/с;Далёкий город 17 с.;[16+]
221530;221615;START World;69;Т/с;Далёкий город 18 с.;[16+]
221615;221705;START World;69;Т/с;Далёкий город 19 с.;[16+]
221705;221755;START World;69;Т/с;Далёкий город 20 с.;[16+]
221755;221845;START World;69;Т/с;Далёкий город 21 с.;[16+]
221845;221935;START World;69;Т/с;Далёкий город 22 с.;[16+]
221935;222025;START World;69;Т/с;Далёкий город 23 с.;[16+]
222025;222115;START World;69;Т/с;Далёкий город 24 с.;[16+]
222115;222200;START World;69;Т/с;Далёкий город 25 с.;[16+]
222200;230005;START World;69;Х/ф;Между нами лето;[16+]
230005;230135;START World;69;Х/ф;Синдром;[16+]
230135;230305;START World;69;Х/ф;Он и она;[16+]
230305;230400;START World;69;Т/с;Контейнер 1 с.;[18+]
230400;230455;START World;69;Т/с;Контейнер 2 с.;[18+]
230455;230550;START World;69;Т/с;Контейнер 3 с.;[18+]
230550;230650;START World;69;Т/с;Контейнер 4 с.;[18+]
230650;230735;START World;69;Х/ф;Гюльджемаль 18 с.;[16+]
230735;230825;START World;69;Х/ф;Гюльджемаль 19 с.;[16+]
230825;230915;START World;69;Х/ф;Гюльджемаль 20 с.;[16+]
230915;231000;START World;69;Х/ф;Гюльджемаль 21 с.;[16+]
231000;231130;START World;69;Х/ф;Иваново счастье;[16+]
231130;231310;START World;69;Х/ф;Иваново счастье. Новые истории;[16+]
231310;231400;START World;69;Т/с;Далёкий город 20 с.;[16+]
231400;231450;START World;69;Т/с;Далёкий город 21 с.;[16+]
231450;231540;START World;69;Т/с;Далёкий город 22 с.;[16+]
231540;231630;START World;69;Т/с;Далёкий город 23 с.;[16+]
231630;231720;START World;69;Т/с;Далёкий город 24 с.;[16+]
231720;231805;START World;69;Т/с;Далёкий город 25 с.;[16+]
231805;231855;START World;69;Т/с;Далёкий город 26 с.;[16+]
231855;231940;START World;69;Т/с;Далёкий город 27 с.;[16+]
231940;232030;START World;69;Т/с;Далёкий город 28 с.;[16+]
232030;232120;START World;69;Т/с;Далёкий город 29 с.;[16+]
232120;232210;START World;69;Т/с;Далёкий город 30 с.;[16+]
232210;232355;START World;69;Х/ф;Олень;[16+]
232355;240140;START World;69;Х/ф;Эта любовь;[16+]
240140;240315;START World;69;Х/ф;Прошлой ночью в Нью-Йорке;[16+]
240315;240410;START World;69;Т/с;Контейнер 5 с.;[18+]
240410;240510;START World;69;Т/с;Контейнер 6 с.;[18+]
240510;240610;START World;69;Т/с;Контейнер 7 с.;[18+]
240610;240710;START World;69;Т/с;Контейнер 8 с.;[18+]
240710;240800;START World;69;Х/ф;Гюльджемаль 20 с.;[16+]
240800;240855;START World;69;Х/ф;Гюльджемаль 21 с.;[16+]
240855;241000;START World;69;Х/ф;Гюльджемаль 22 с.;[16+]
170725;170900;KINOLIVING;1;Х/ф;Дети против монстров;[16+]
170900;171055;KINOLIVING;1;Х/ф;Цвета времени;[16+]
171055;171210;KINOLIVING;1;Х/ф;Даааааали!;[16+]
171210;171345;KINOLIVING;1;Т/с;Преступления страсти 6 с.;[16+]
171345;171515;KINOLIVING;1;Т/с;Загадочные убийства Агаты Кристи 9 с.;[16+]
171515;171700;KINOLIVING;1;Т/с;Убийства в... 14 с.;[16+]
171700;171850;KINOLIVING;1;Х/ф;Война Люси;[16+]
171850;172035;KINOLIVING;1;Х/ф;Перезагрузка Кикайдера;[16+]
172035;172115;KINOLIVING;1;Т/с;Найди меня 1 с.;[16+]
172115;172155;KINOLIVING;1;Т/с;Найди меня 2 с.;[16+]
172155;172325;KINOLIVING;1;Т/с;Загадочные убийства Агаты Кристи 20 с.;[16+]
172325;180100;KINOLIVING;1;Т/с;Убийства в... 8 с.;[16+]
180100;180225;KINOLIVING;1;Т/с;Доктор Эль 3 с.;[16+]
180225;180405;KINOLIVING;1;Х/ф;Только не скандал;[16+]
180405;180540;KINOLIVING;1;Т/с;Преступления страсти 6 с.;[16+]
180540;180715;KINOLIVING;1;Т/с;Загадочные убийства Агаты Кристи 9 с.;[16+]
180715;180900;KINOLIVING;1;Т/с;Убийства в... 14 с.;[16+]
180900;181050;KINOLIVING;1;Х/ф;Война Люси;[16+]
181050;181235;KINOLIVING;1;Х/ф;Перезагрузка Кикайдера;[16+]
181235;181315;KINOLIVING;1;Т/с;Найди меня 1 с.;[16+]
181315;181355;KINOLIVING;1;Т/с;Найди меня 2 с.;[16+]
181355;181525;KINOLIVING;1;Т/с;Загадочные убийства Агаты Кристи 20 с.;[16+]
181525;181700;KINOLIVING;1;Т/с;Убийства в... 8 с.;[16+]
181700;181900;KINOLIVING;1;Х/ф;Эмили;[16+]
181900;182035;KINOLIVING;1;Х/ф;Ожидание;[16+]
182035;182120;KINOLIVING;1;Т/с;Найди меня 3 с.;[16+]
182120;182200;KINOLIVING;1;Т/с;Найди меня 4 с.;[16+]
182200;182330;KINOLIVING;1;Т/с;Загадочные убийства Агаты Кристи 21 с.;[16+]
182330;190100;KINOLIVING;1;Т/с;Убийства в... 2 с.;[16+]
190100;190225;KINOLIVING;1;Т/с;Доктор Эль 1 с.;[16+]
190225;190435;KINOLIVING;1;Х/ф;Король смеха;[16+]
190435;190515;KINOLIVING;1;Т/с;Найди меня 1 с.;[16+]
190515;190555;KINOLIVING;1;Т/с;Найди меня 2 с.;[16+]
190555;190725;KINOLIVING;1;Т/с;Загадочные убийства Агаты Кристи 20 с.;[16+]
190725;190900;KINOLIVING;1;Т/с;Убийства в... 8 с.;[16+]
190900;191100;KINOLIVING;1;Х/ф;Эмили;[16+]
191100;191235;KINOLIVING;1;Х/ф;Ожидание;[16+]
191235;191320;KINOLIVING;1;Т/с;Найди меня 3 с.;[16+]
191320;191400;KINOLIVING;1;Т/с;Найди меня 4 с.;[16+]
191400;191530;KINOLIVING;1;Т/с;Загадочные убийства Агаты Кристи 21 с.;[16+]
191530;191700;KINOLIVING;1;Т/с;Убийства в... 2 с.;[16+]
191700;191855;KINOLIVING;1;Х/ф;Хвостатый переполох;[16+]
191855;192035;KINOLIVING;1;Х/ф;Удалить историю;[16+]
192035;192110;KINOLIVING;1;Т/с;Найди меня 5 с.;[16+]
192110;192150;KINOLIVING;1;Т/с;Найди меня 6 с.;[16+]
192150;192325;KINOLIVING;1;Т/с;Загадочные убийства Агаты Кристи 22 с.;[16+]
192325;200100;KINOLIVING;1;Т/с;Убийства в... 25 с.;[16+]
200100;200300;KINOLIVING;1;Х/ф;Эмили;[16+]
200300;200435;KINOLIVING;1;Х/ф;Ожидание;[16+]
200435;200520;KINOLIVING;1;Т/с;Найди меня 3 с.;[16+]
200520;200600;KINOLIVING;1;Т/с;Найди меня 4 с.;[16+]
200600;200730;KINOLIVING;1;Т/с;Загадочные убийства Агаты Кристи 21 с.;[16+]
200730;200900;KINOLIVING;1;Т/с;Убийства в... 2 с.;[16+]
200900;201055;KINOLIVING;1;Х/ф;Хвостатый переполох;[16+]
201055;201235;KINOLIVING;1;Х/ф;Удалить историю;[16+]
201235;201310;KINOLIVING;1;Т/с;Найди меня 5 с.;[16+]
201310;201350;KINOLIVING;1;Т/с;Найди меня 6 с.;[16+]
201350;201525;KINOLIVING;1;Т/с;Загадочные убийства Агаты Кристи 22 с.;[16+]
201525;201700;KINOLIVING;1;Т/с;Убийства в... 25 с.;[16+]
201700;201845;KINOLIVING;1;Х/ф;Кто есть кто?;[16+]
201845;202025;KINOLIVING;1;Х/ф;Ас из асов;[16+]
202025;202155;KINOLIVING;1;Х/ф;По ту сторону надежды;[16+]
202155;202325;KINOLIVING;1;Т/с;Загадочные убийства Агаты Кристи 23 с.;[16+]
202325;210100;KINOLIVING;1;Т/с;Убийства в... 27 с.;[16+]
210100;210255;KINOLIVING;1;Х/ф;Хвостатый переполох;[16+]
210255;210435;KINOLIVING;1;Х/ф;Удалить историю;[16+]
210435;210510;KINOLIVING;1;Т/с;Найди меня 5 с.;[16+]
210510;210550;KINOLIVING;1;Т/с;Найди меня 6 с.;[16+]
210550;210725;KINOLIVING;1;Т/с;Загадочные убийства Агаты Кристи 22 с.;[16+]
210725;210900;KINOLIVING;1;Т/с;Убийства в... 25 с.;[16+]
210900;211045;KINOLIVING;1;Х/ф;Кто есть кто?;[16+]
211045;211225;KINOLIVING;1;Х/ф;Ас из асов;[16+]
211225;211355;KINOLIVING;1;Х/ф;По ту сторону надежды;[16+]
211355;211525;KINOLIVING;1;Т/с;Загадочные убийства Агаты Кристи 23 с.;[16+]
211525;211700;KINOLIVING;1;Т/с;Убийства в... 27 с.;[16+]
211700;211825;KINOLIVING;1;Х/ф;Человек с поезда;[16+]
211825;211955;KINOLIVING;1;Х/ф;Осенняя соната;[16+]
211955;212155;KINOLIVING;1;Д/ф;Бергман;[16+]
212155;212325;KINOLIVING;1;Т/с;Загадочные убийства Агаты Кристи 24 с.;[16+]
212325;220100;KINOLIVING;1;Т/с;Убийства в... 5 с.;[16+]
220100;220250;KINOLIVING;1;Х/ф;Я - значит Ястреб;[16+]
220250;220430;KINOLIVING;1;Х/ф;Ас из асов;[16+]
220430;220555;KINOLIVING;1;Х/ф;Скелеты железного острова;[16+]
220555;220725;KINOLIVING;1;Т/с;Загадочные убийства Агаты Кристи 23 с.;[16+]
220725;220900;KINOLIVING;1;Т/с;Убийства в... 27 с.;[16+]
220900;220940;KINOLIVING;1;Т/с;Найди меня 1 с.;[16+]
220940;221020;KINOLIVING;1;Т/с;Найди меня 2 с.;[16+]
221020;221100;KINOLIVING;1;Т/с;Найди меня 3 с.;[16+]
221100;221230;KINOLIVING;1;Т/с;Загадочные убийства Агаты Кристи 20 с.;[16+]
221230;221405;KINOLIVING;1;Т/с;Загадочные убийства Агаты Кристи 21 с.;[16+]
221405;221540;KINOLIVING;1;Т/с;Загадочные убийства Агаты Кристи 22 с.;[16+]
221540;221710;KINOLIVING;1;Т/с;Убийства в... 8 с.;[16+]
221710;221835;KINOLIVING;1;Т/с;Убийства в... 2 с.;[16+]
221835;222025;KINOLIVING;1;Х/ф;Война Люси;[16+]
222025;222200;KINOLIVING;1;Х/ф;Ожидание;[16+]
222200;222315;KINOLIVING;1;Х/ф;Даааааали!;[16+]
222315;230115;KINOLIVING;1;Х/ф;Цвета времени;[16+]
230115;230240;KINOLIVING;1;Т/с;Доктор Эль 3 с.;[16+]
230240;230410;KINOLIVING;1;Т/с;Доктор Эль 1 с.;[16+]
230410;230535;KINOLIVING;1;Х/ф;Скелеты железного острова;[16+]
230535;230710;KINOLIVING;1;Х/ф;Только не скандал;[16+]
230710;230900;KINOLIVING;1;Х/ф;Перезагрузка Кикайдера;[16+]
230900;230935;KINOLIVING;1;Т/с;Найди меня 4 с.;[16+]
230935;231015;KINOLIVING;1;Т/с;Найди меня 5 с.;[16+]
231015;231055;KINOLIVING;1;Т/с;Найди меня 6 с.;[16+]
231055;231225;KINOLIVING;1;Т/с;Загадочные убийства Агаты Кристи 23 с.;[16+]
231225;231400;KINOLIVING;1;Т/с;Загадочные убийства Агаты Кристи 24 с.;[16+]
231400;231535;KINOLIVING;1;Т/с;Убийства в... 25 с.;[16+]
231535;231705;KINOLIVING;1;Т/с;Убийства в... 27 с.;[16+]
231705;231835;KINOLIVING;1;Т/с;Убийства в... 5 с.;[16+]
231835;232020;KINOLIVING;1;Х/ф;Кто есть кто?;[16+]
232020;232200;KINOLIVING;1;Х/ф;Ас из асов;[16+]
232200;232355;KINOLIVING;1;Х/ф;Я - значит Ястреб;[16+]
232355;240150;KINOLIVING;1;Х/ф;Хвостатый переполох;[16+]
240150;240350;KINOLIVING;1;Х/ф;Эмили;[16+]
240350;240520;KINOLIVING;1;Х/ф;Преступить черту;[16+]
240520;240650;KINOLIVING;1;Х/ф;По ту сторону надежды;[16+]
240650;240725;KINOLIVING;1;Х/ф;Король смеха;[16+]
170800;170935;Советская киноклассика;66;Х/ф;Два билета на дневной сеанс;[18+]
170935;171100;Советская киноклассика;66;Х/ф;Круг;[18+]
171100;171215;Советская киноклассика;66;Х/ф;Инспектор ГАИ;[18+]
171215;171545;Советская киноклассика;66;Х/ф;Сержант милиции;[18+]
171545;171725;Советская киноклассика;66;Х/ф;Когда деревья были большими;[18+]
171725;171825;Советская киноклассика;66;Х/ф;Чук и Гек;[18+]
171825;172015;Советская киноклассика;66;Х/ф;Дикая собака Динго;[18+]
172015;172200;Советская киноклассика;66;Х/ф;Жена ушла;[18+]
172200;172330;Советская киноклассика;66;Х/ф;Кадкина всякий знает;[18+]
172330;180100;Советская киноклассика;66;Х/ф;Смятение чувств;[18+]
180100;180240;Советская киноклассика;66;Х/ф;Предательница;[18+]
180240;180405;Советская киноклассика;66;Х/ф;Где ты, Багира?;[12+]
180405;180535;Советская киноклассика;66;Х/ф;Предел желаний;[18+]
180535;180710;Советская киноклассика;66;Х/ф;Где Ваш сын?;[16+]
180710;180840;Советская киноклассика;66;Х/ф;Не хочу жениться;[18+]
180840;180935;Советская киноклассика;66;Х/ф;Последняя двойка;[12+]
180935;181110;Советская киноклассика;66;Х/ф;Дикая собака Динго;[18+]
181110;181235;Советская киноклассика;66;Х/ф;Жена ушла;[18+]
181235;181350;Советская киноклассика;66;Х/ф;Кадкина всякий знает;[18+]
181350;181520;Советская киноклассика;66;Х/ф;Смятение чувств;[18+]
181520;181710;Советская киноклассика;66;Х/ф;Рядом с нами;[18+]
181710;181850;Советская киноклассика;66;Х/ф;Горячая душа;[18+]
181850;182025;Советская киноклассика;66;Х/ф;Предательница;[18+]
182025;182155;Советская киноклассика;66;Х/ф;Где ты, Багира?;[12+]
182155;182325;Советская киноклассика;66;Х/ф;Предел желаний;[18+]
182325;190100;Советская киноклассика;66;Х/ф;Где Ваш сын?;[16+]
190100;190240;Советская киноклассика;66;Х/ф;Голова Горгоны;[18+]
190240;190400;Советская киноклассика;66;Х/ф;Каждый десятый;[18+]
190400;190515;Советская киноклассика;66;Х/ф;Хлеб, золото, наган;[18+]
190515;190815;Советская киноклассика;66;Х/ф;Пароль не нужен;[18+]
190815;191020;Советская киноклассика;66;Х/ф;Меня зовут Арлекино;[18+]
191020;191140;Советская киноклассика;66;Х/ф;Предательница;[18+]
191140;191255;Советская киноклассика;66;Х/ф;Где ты, Багира?;[12+]
191255;191410;Советская киноклассика;66;Х/ф;Предел желаний;[18+]
191410;191545;Советская киноклассика;66;Х/ф;Где Ваш сын?;[16+]
191545;191750;Советская киноклассика;66;Х/ф;Дон Кихот;[16+]
191750;191930;Советская киноклассика;66;Х/ф;Голова Горгоны;[18+]
191930;192050;Советская киноклассика;66;Х/ф;Каждый десятый;[18+]
192050;192200;Советская киноклассика;66;Х/ф;Хлеб, золото, наган;[18+]
192200;200100;Советская киноклассика;66;Х/ф;Пароль не нужен;[18+]
200100;200245;Советская киноклассика;66;Х/ф;Преферанс по пятницам;[18+]
200245;200415;Советская киноклассика;66;Х/ф;Не болит голова у дятла;[18+]
200415;200600;Советская киноклассика;66;Х/ф;Пацаны;[18+]
200600;200745;Советская киноклассика;66;Х/ф;Воздухоплаватель;[18+]
200745;200910;Советская киноклассика;66;Х/ф;Голова Горгоны;[18+]
200910;201025;Советская киноклассика;66;Х/ф;Каждый десятый;[18+]
201025;201135;Советская киноклассика;66;Х/ф;Хлеб, золото, наган;[18+]
201135;201405;Советская киноклассика;66;Х/ф;Пароль не нужен;[18+]
201405;201550;Советская киноклассика;66;Х/ф;Криминальный квартет;[18+]
201550;201815;Советская киноклассика;66;Х/ф;Вольный ветер;[18+]
201815;202000;Советская киноклассика;66;Х/ф;Преферанс по пятницам;[18+]
202000;202130;Советская киноклассика;66;Х/ф;Не болит голова у дятла;[18+]
202130;202320;Советская киноклассика;66;Х/ф;Пацаны;[18+]
202320;210100;Советская киноклассика;66;Х/ф;Воздухоплаватель;[18+]
210100;210205;Советская киноклассика;66;Т/с;Рэкет 1 с.;[18+]
210205;210320;Советская киноклассика;66;Т/с;Рэкет 2 с.;[18+]
210320;210420;Советская киноклассика;66;Т/с;Рэкет 3 с.;[18+]
210420;210525;Советская киноклассика;66;Т/с;Рэкет 4 с.;[18+]
210525;210645;Советская киноклассика;66;Т/с;Рэкет 5 с.;[18+]
210645;210825;Советская киноклассика;66;Х/ф;Преферанс по пятницам;[18+]
210825;210935;Советская киноклассика;66;Х/ф;Не болит голова у дятла;[18+]
210935;211105;Советская киноклассика;66;Х/ф;Пацаны;[18+]
211105;211235;Советская киноклассика;66;Х/ф;Воздухоплаватель;[18+]
211235;211540;Советская киноклассика;66;Х/ф;Горячее сердце;[18+]
211540;211735;Советская киноклассика;66;Х/ф;Два билета на дневной сеанс;[18+]
211735;211915;Советская киноклассика;66;Х/ф;Круг;[18+]
211915;212025;Советская киноклассика;66;Т/с;Рэкет 1 с.;[18+]
212025;212140;Советская киноклассика;66;Т/с;Рэкет 2 с.;[18+]
212140;212240;Советская киноклассика;66;Т/с;Рэкет 3 с.;[18+]
212240;212340;Советская киноклассика;66;Т/с;Рэкет 4 с.;[18+]
212340;220100;Советская киноклассика;66;Т/с;Рэкет 5 с.;[18+]
220100;220225;Советская киноклассика;66;Х/ф;Солёный пёс;[18+]
220225;220345;Советская киноклассика;66;Х/ф;Дай лапу, Друг;[18+]
220345;220530;Советская киноклассика;66;Х/ф;Девушка и Гранд;[18+]
220530;220650;Советская киноклассика;66;Х/ф;Пограничный пёс Алый;[18+]
220650;220820;Советская киноклассика;66;Х/ф;Ослиная шкура;[18+]
220820;220935;Советская киноклассика;66;Х/ф;Маринка, Янка и тайна королевского замка;[18+]
220935;221035;Советская киноклассика;66;Т/с;Рэкет 1 с.;[18+]
221035;221135;Советская киноклассика;66;Т/с;Рэкет 2 с.;[18+]
221135;221225;Советская киноклассика;66;Т/с;Рэкет 3 с.;[18+]
221225;221320;Советская киноклассика;66;Т/с;Рэкет 4 с.;[18+]
221320;221430;Советская киноклассика;66;Т/с;Рэкет 5 с.;[18+]
221430;221615;Советская киноклассика;66;Х/ф;Пацаны;[18+]
221615;221800;Советская киноклассика;66;Х/ф;Шофёр поневоле;[18+]
221800;221940;Советская киноклассика;66;Х/ф;Ёлки-палки!;[18+]
221940;222135;Советская киноклассика;66;Х/ф;Семь невест ефрейтора Збруева;[18+]
222135;222325;Советская киноклассика;66;Х/ф;Три плюс два;[18+]
222325;230100;Советская киноклассика;66;Х/ф;Зайчик;[18+]
230100;230250;Советская киноклассика;66;Х/ф;Максим Перепелица;[18+]
230250;230430;Советская киноклассика;66;Х/ф;Шофёр поневоле;[18+]
230430;230610;Советская киноклассика;66;Х/ф;Ёлки-палки!;[18+]
230610;230800;Советская киноклассика;66;Х/ф;Семь невест ефрейтора Збруева;[18+]
230800;230935;Советская киноклассика;66;Х/ф;Три плюс два;[18+]
230935;231055;Советская киноклассика;66;Х/ф;Зайчик;[18+]
231055;231145;Советская киноклассика;66;Х/ф;Чук и Гек;[18+]
231145;231310;Советская киноклассика;66;Х/ф;Максим Перепелица;[18+]
231310;231445;Советская киноклассика;66;Х/ф;Шофёр поневоле;[18+]
231445;231625;Советская киноклассика;66;Х/ф;Ёлки-палки!;[18+]
231625;231820;Советская киноклассика;66;Х/ф;Им покоряется небо;[18+]
231820;232005;Советская киноклассика;66;Х/ф;Степень риска;[18+]
232005;232140;Советская киноклассика;66;Х/ф;Семьдесят два градуса ниже нуля;[18+]
232140;232335;Советская киноклассика;66;Х/ф;Михайло Ломоносов;[18+]
232335;240100;Советская киноклассика;66;Х/ф;Инженер Графтио;[18+]
240100;240255;Советская киноклассика;66;Х/ф;За облаками - небо;[18+]
240255;240455;Советская киноклассика;66;Х/ф;Им покоряется небо;[18+]
240455;240640;Советская киноклассика;66;Х/ф;Степень риска;[18+]
240640;240800;Советская киноклассика;66;Х/ф;Семьдесят два градуса ниже нуля;[18+]
